Date,AXISBANK,BANKBARODA,FEDERALBNK,HDFCBANK,ICICIBANK,IDFCFIRSTB,INDUSINDBK,KOTAKBANK,PNB,SBIN
2018-01-01,562.0166625976562,138.68661499023438,101.03031921386719,425.6490173339844,295.56329345703125,53.40147018432617,1545.306884765625,198.6062469482422,153.0525360107422,278.3489990234375
2018-01-02,556.0536499023438,135.63807678222656,100.00792694091797,429.7459716796875,294.9918212890625,52.52524185180664,1564.434814453125,199.25173950195312,150.03204345703125,274.85943603515625
2018-01-03,556.997802734375,135.5522003173828,100.10086059570312,425.22442626953125,300.04010009765625,52.7199592590332,1551.3974609375,198.63604736328125,150.21240234375,274.4969177246094
2018-01-04,556.4512939453125,140.74758911132812,100.98384094238281,426.8884582519531,299.75433349609375,53.10939407348633,1566.95654296875,198.6956329345703,159.09349060058594,279.61798095703125
2018-01-05,559.7805786132812,138.94422912597656,104.1904067993164,427.7376403808594,298.039794921875,56.71168518066406,1616.0609130859375,199.22195434570312,158.687744140625,277.6692810058594
2018-01-08,561.9669799804688,138.81541442871094,107.39698791503906,427.04913330078125,299.2304382324219,61.67699432373047,1636.7113037109375,199.82772827148438,158.41726684570312,277.1706848144531
2018-01-09,561.8179321289062,141.26283264160156,107.02519989013672,427.7606201171875,297.7540588378906,61.14152145385742,1641.6119384765625,200.55267333984375,157.4705352783203,275.8111267089844
2018-01-10,559.3333129882812,139.5453643798828,105.16632080078125,427.8753967285156,297.1825256347656,61.57963562011719,1650.224365234375,199.06304931640625,153.86399841308594,272.9107666015625
2018-01-11,555.3082275390625,140.2323455810547,105.95634460449219,429.79193115234375,294.8013000488281,66.73966979980469,1618.059326171875,202.1217498779297,155.7574462890625,273.90777587890625
2018-01-12,551.6807250976562,139.9747314453125,106.9322738647461,428.12786865234375,302.61187744140625,65.71739959716797,1622.7698974609375,203.25384521484375,157.0648193359375,273.95306396484375
2018-01-15,557.0972900390625,141.17694091796875,105.5845718383789,435.57586669921875,313.66094970703125,62.553226470947266,1601.025146484375,206.2330780029297,155.21644592285156,274.27032470703125
2018-01-16,559.7308959960938,134.77932739257812,97.3590087890625,436.126708984375,318.2330322265625,58.464141845703125,1584.0860595703125,205.22015380859375,149.2656707763672,268.4241943359375
2018-01-17,581.5953369140625,141.86395263671875,97.68431854248047,433.9118347167969,326.94842529296875,59.145660400390625,1577.2818603515625,203.99867248535156,158.28201293945312,278.3489990234375
2018-01-18,581.19775390625,139.41653442382812,94.94246673583984,443.96490478515625,329.7107238769531,56.76036071777344,1598.8363037109375,207.8518524169922,153.72874450683594,274.85943603515625
2018-01-19,586.6142578125,142.03567504882812,95.87191009521484,448.0733642578125,336.806884765625,57.14979934692383,1602.5477294921875,210.64236450195312,159.04840087890625,280.2976989746094
2018-01-22,607.7830810546875,141.5204620361328,94.43125915527344,450.632568359375,334.8066101074219,57.782630920410156,1601.7862548828125,213.3336181640625,158.687744140625,277.80517578125
2018-01-23,616.2803955078125,148.69093322753906,95.96484375,447.8667907714844,345.0936584472656,57.92866897583008,1639.994140625,213.6017608642578,167.52378845214844,288.31915283203125
2018-01-24,604.2052001953125,153.15640258789062,95.96484375,449.3243103027344,335.9972229003906,57.587913513183594,1634.237060546875,214.52532958984375,175.50323486328125,299.0144348144531
2018-01-25,612.3050537109375,143.53848266601562,94.01303100585938,453.29498291015625,343.66497802734375,56.663002014160156,1646.5130615234375,216.9583740234375,163.1057586669922,283.8326110839844
2018-01-29,601.8199462890625,139.41653442382812,93.6412582397461,458.9642333984375,340.6645202636719,56.41960525512695,1658.2181396484375,221.4768829345703,156.8394012451172,282.88092041015625
2018-01-30,590.0926513671875,137.5702362060547,93.54830169677734,458.01165771484375,336.4734802246094,55.59204864501953,1652.080078125,216.1043243408203,155.66725158691406,284.1951599121094
2018-01-31,589.9435424804688,134.65054321289062,93.3624038696289,460.3527526855469,336.18780517578125,55.29997634887695,1668.30517578125,220.25538635253906,154.4951629638672,283.92327880859375
2018-02-01,589.1486206054688,130.82913208007812,90.66704559326172,457.01324462890625,329.7583312988281,54.61845779418945,1708.6068115234375,222.6387939453125,151.06893920898438,277.3973388671875
2018-02-02,561.42041015625,131.55908203125,86.71690368652344,447.1093444824219,319.1855163574219,51.30825424194336,1676.10888671875,215.68722534179688,145.92962646484375,269.5118103027344
2018-02-05,562.7620849609375,135.2516632080078,87.55340576171875,439.2711486816406,314.0419616699219,51.5516471862793,1630.144775390625,210.9800262451172,147.59762573242188,270.1462707519531
2018-02-06,560.2278442382812,132.63247680664062,86.57749938964844,435.3578186035156,314.9944763183594,49.945220947265625,1601.453369140625,205.3293914794922,145.20831298828125,264.4360656738281
2018-02-07,555.904541015625,132.20310974121094,86.80985260009766,429.8492736816406,316.756591796875,50.82145690917969,1581.3739013671875,205.825927734375,141.15097045898438,265.3877868652344
2018-02-08,564.948486328125,134.13528442382812,88.0645980834961,431.71990966796875,317.9948425292969,51.843727111816406,1590.03369140625,208.89454650878906,143.675537109375,273.1826477050781
2018-02-09,554.1156005859375,134.17823791503906,88.15754699707031,424.5013732910156,311.2320556640625,51.795047760009766,1570.0494384765625,204.9718780517578,141.37635803222656,268.65081787109375
2018-02-12,560.7247314453125,144.8266143798828,88.38990783691406,430.7329406738281,310.75579833984375,52.2331657409668,1606.1639404296875,207.14674377441406,145.74928283691406,261.71697998046875
2018-02-14,540.5498046875,142.37921142578125,88.4363784790039,432.224853515625,303.80255126953125,52.37919998168945,1612.4923095703125,207.04742431640625,131.50347900390625,250.34188842773438
2018-02-15,540.35107421875,136.58270263671875,87.97164916992188,431.9379577636719,313.04180908203125,51.843727111816406,1604.59375,206.98782348632812,115.63468170166016,252.6078643798828
2018-02-16,534.5369873046875,130.8720703125,89.41228485107422,431.1805114746094,305.8027648925781,51.697689056396484,1578.6617431640625,208.58670043945312,113.20027160644531,246.2178497314453
2018-02-19,537.2203369140625,123.52983856201172,87.08868408203125,431.0886535644531,304.5644836425781,50.87013626098633,1551.5875244140625,209.77841186523438,105.04048156738281,243.36280822753906
2018-02-20,528.4248657226562,124.34562683105469,85.36920928955078,427.64581298828125,302.1831970214844,50.82145690917969,1544.212646484375,207.7127685546875,105.08556365966797,244.4051055908203
2018-02-21,532.4996948242188,125.29024505615234,85.5086441040039,426.3146667480469,304.0406188964844,50.96749496459961,1517.1387939453125,209.54998779296875,105.76177978515625,247.71337890625
2018-02-22,526.9838256835938,123.1434097290039,83.41739654541016,425.35064697265625,303.23095703125,50.04258728027344,1544.9739990234375,213.01583862304688,103.32736206054688,247.07896423339844
2018-02-23,533.344482421875,124.98970794677734,88.0645980834961,431.62811279296875,307.4220275878906,50.578060150146484,1564.0067138671875,214.67428588867188,102.29048919677734,250.20591735839844
2018-02-26,548.8980102539062,123.4439697265625,89.55170440673828,438.7432861328125,311.5178527832031,50.91881561279297,1609.49462890625,219.5006561279297,100.98310852050781,248.75575256347656
2018-02-27,535.0835571289062,121.46886444091797,89.17991638183594,436.6776123046875,306.8505554199219,50.6754150390625,1603.6895751953125,217.097412109375,88.67579650878906,242.5470428466797
2018-02-28,525.4930419921875,121.89822387695312,87.5998764038086,432.4658203125,298.3731994628906,50.13994216918945,1599.454833984375,216.60086059570312,91.42578125,242.90960693359375
2018-03-01,522.5115966796875,118.76382446289062,87.36751556396484,430.2050476074219,290.4673767089844,50.48069763183594,1618.106689453125,217.6237335205078,91.11021423339844,237.60726928710938
2018-03-05,521.3189697265625,119.19319152832031,86.25218200683594,429.1950988769531,288.9433898925781,49.50710678100586,1607.4959716796875,218.477783203125,90.253662109375,238.83087158203125
2018-03-06,514.1632690429688,116.1446762084961,85.1833267211914,423.7554626464844,281.0375671386719,48.82559585571289,1627.5755615234375,214.99208068847656,88.22498321533203,232.5315399169922
2018-03-07,509.4922180175781,113.8690185546875,83.4638671875,420.6224365234375,273.0841064453125,47.60860824584961,1621.818115234375,215.51840209960938,86.10614013671875,223.5583953857422
2018-03-08,517.343505859375,115.37181091308594,86.48455047607422,425.27032470703125,282.8473205566406,48.14407730102539,1612.206787109375,214.96229553222656,87.14302062988281,232.75814819335938
2018-03-09,502.2372131347656,112.96733093261719,87.36751556396484,424.857177734375,278.7991638183594,48.63087463378906,1615.4423828125,214.99208068847656,86.19630432128906,229.54049682617188
2018-03-12,516.0018920898438,113.43965148925781,87.78575897216797,428.5754089355469,286.3716125488281,48.4361572265625,1651.3663330078125,218.5969696044922,85.29467010498047,229.17796325683594
2018-03-13,528.2261352539062,121.55474853515625,89.55170440673828,426.96881103515625,289.8958740234375,48.82559585571289,1645.846923828125,215.28004455566406,88.31513977050781,230.85475158691406
2018-03-14,532.8475341796875,125.16144561767578,88.20401763916016,427.9442443847656,291.51507568359375,48.97162628173828,1649.5107421875,214.85304260253906,89.53235626220703,232.98471069335938
2018-03-15,526.3876342773438,123.4439697265625,87.04220581054688,431.6854553222656,287.1336364746094,48.92295455932617,1657.5042724609375,215.6276397705078,88.85612487792969,229.94834899902344
2018-03-16,519.3809814453125,123.48690795898438,86.71690368652344,425.30474853515625,283.9427185058594,48.87427520751953,1641.279052734375,210.68209838867188,89.12661743164062,228.679443359375
2018-03-19,516.2503051757812,114.5130615234375,84.30036163330078,423.9849853515625,280.561279296875,48.046722412109375,1635.6644287109375,208.34837341308594,87.0528564453125,224.73667907714844
2018-03-20,517.8901977539062,116.65991973876953,84.81155395507812,422.2062072753906,278.1324157714844,47.94935989379883,1633.618408203125,207.6134796142578,87.32334899902344,225.77903747558594
2018-03-21,523.05810546875,116.44524383544922,84.53270721435547,426.658935546875,275.46539306640625,47.998043060302734,1647.702392578125,208.7654571533203,87.99956512451172,224.78201293945312
2018-03-22,515.008056640625,115.88704681396484,84.43977355957031,428.6902160644531,269.7979431152344,47.803321838378906,1668.30517578125,209.1527557373047,87.0528564453125,218.9358673095703
2018-03-23,496.4232177734375,114.38426208496094,84.25389099121094,422.6767272949219,262.463623046875,46.488975524902344,1664.87939453125,206.32247924804688,83.98729705810547,212.81781005859375
2018-03-26,504.1751708984375,121.51180267333984,85.09039306640625,434.5888977050781,268.2739562988281,46.245574951171875,1674.6337890625,206.4317169189453,86.37662506103516,223.4224395751953
2018-03-27,509.0450439453125,123.40103149414062,84.48624420166016,434.3938293457031,270.4170837402344,47.46256637573242,1701.70751953125,208.51718139648438,89.66759490966797,230.5375213623047
2018-03-28,507.3554382324219,122.19879913330078,82.90620422363281,432.9019470214844,265.130615234375,46.09953308105469,1709.843994140625,208.11001586914062,85.9258041381836,226.5041046142578
2018-04-02,495.9759826660156,121.85529327392578,83.83563232421875,443.2533874511719,249.41427612304688,46.683692932128906,1717.3143310546875,217.79254150390625,86.82744598388672,223.1051788330078
2018-04-03,498.4605712890625,124.81797790527344,85.09039306640625,439.7416687011719,257.22479248046875,47.46256637573242,1741.2003173828125,219.1332244873047,86.06105041503906,227.04795837402344
2018-04-04,489.2178955078125,120.1378173828125,84.95097351074219,432.2477722167969,255.89137268066406,46.97576904296875,1712.318359375,214.16781616210938,85.11433410644531,224.14755249023438
2018-04-05,500.00103759765625,126.92185974121094,86.90278625488281,438.13507080078125,265.41644287109375,48.1927604675293,1748.0997314453125,222.11245727539062,87.45858764648438,235.02407836914062
2018-04-06,497.1189270019531,129.15457153320312,90.38819885253906,441.46319580078125,267.3214416503906,48.53351593017578,1735.9188232421875,222.2912139892578,92.10201263427734,235.3866729736328
2018-04-09,516.1012573242188,131.64495849609375,91.55000305175781,445.0551452636719,267.51190185546875,49.02030944824219,1770.1300048828125,222.10252380371094,94.89707946777344,236.24769592285156
2018-04-10,542.785888671875,131.60198974609375,89.9234848022461,440.8778381347656,275.0843811035156,48.29011535644531,1758.567626953125,221.1888885498047,94.85199737548828,238.6496124267578
2018-04-11,536.4749755859375,129.3263397216797,92.107666015625,440.4187927246094,271.0362243652344,48.095401763916016,1765.990478515625,223.6616668701172,92.14708709716797,232.98471069335938
2018-04-12,545.3698120117188,127.82354736328125,91.68942260742188,442.70257568359375,273.1317138671875,47.60860824584961,1767.9412841796875,225.3498992919922,91.29053497314453,230.03900146484375
2018-04-13,539.2080688476562,129.19752502441406,91.68942260742188,441.8303527832031,274.56048583984375,47.65728759765625,1771.2718505859375,228.6270751953125,91.33561706542969,227.45584106445312
2018-04-16,539.05908203125,128.68231201171875,91.45706176757812,445.7552490234375,273.9413757324219,47.754642486572266,1774.4600830078125,232.79798889160156,89.39710235595703,225.68838500976562
2018-04-17,529.1206665039062,126.96479797363281,92.34003448486328,447.22412109375,277.894287109375,47.85200500488281,1776.553466796875,231.35804748535156,88.31513977050781,224.91796875
2018-04-18,515.0578002929688,121.640625,92.20061492919922,443.5747375488281,276.2749938964844,48.14407730102539,1754.4281005859375,229.19313049316406,87.59384155273438,223.37710571289062
2018-04-19,509.7406921386719,124.81797790527344,91.27117156982422,445.04364013671875,275.8464050292969,48.046722412109375,1744.2930908203125,229.18319702148438,86.64712524414062,223.1051788330078
2018-04-20,502.58502197265625,123.31517028808594,89.96996307373047,448.922607421875,268.7501525878906,47.36520767211914,1725.16552734375,228.9746551513672,84.39303588867188,218.61862182617188
2018-04-23,503.0820007324219,123.78746032714844,90.29525756835938,444.2976989746094,266.1307373046875,47.21916961669922,1783.7381591796875,232.1823272705078,84.8438491821289,219.75160217285156
2018-04-24,501.74029541015625,121.8123550415039,90.57408905029297,444.12554931640625,270.60760498046875,46.537654876708984,1786.59326171875,231.58644104003906,83.98729705810547,218.0748291015625
2018-04-25,495.33001708984375,117.08927917480469,89.17991638183594,440.8548583984375,265.6545104980469,46.14822006225586,1758.3775634765625,231.9539031982422,83.22091674804688,214.9931182861328
2018-04-26,490.7086181640625,117.94803619384766,90.248779296875,443.0353088378906,265.6069030761719,45.9535026550293,1790.8756103515625,235.49917602539062,82.04878234863281,211.36758422851562
2018-04-27,535.878662109375,122.97166442871094,91.3176498413086,441.46319580078125,274.22711181640625,46.683692932128906,1793.5401611328125,236.10498046875,84.21271514892578,219.88755798339844
2018-04-30,514.1135864257812,127.909423828125,91.36412048339844,446.2601318359375,270.70281982421875,47.07312774658203,1806.1968994140625,240.5440673828125,86.0159683227539,223.33180236816406
2018-05-02,520.5238037109375,123.91626739501953,92.01471710205078,452.0440979003906,263.74951171875,46.537654876708984,1777.9334716796875,249.6307373046875,83.6717300415039,218.43736267089844
2018-05-03,530.1143798828125,122.84284210205078,90.66704559326172,451.6769104003906,268.5120544433594,45.515384674072266,1787.30712890625,245.00299072265625,82.99549865722656,219.25306701660156
2018-05-04,517.0951538085938,120.1378173828125,92.99063873291016,456.405029296875,269.4169616699219,45.17462921142578,1799.67822265625,244.98312377929688,82.54468536376953,219.2984161376953
2018-05-07,532.7977905273438,123.27220916748047,94.05949401855469,453.8573303222656,276.036865234375,44.6391487121582,1798.3935546875,247.2870635986328,84.57335662841797,223.4224395751953
2018-05-08,538.9099731445312,125.03264617919922,96.15074157714844,451.4817810058594,294.61077880859375,44.347076416015625,1779.1705322265625,246.65147399902344,83.53648376464844,226.64007568359375
2018-05-09,545.1214599609375,123.91626739501953,94.01303100585938,454.0868835449219,292.2295227050781,44.2010383605957,1788.2109375,248.49862670898438,83.85205078125,224.78201293945312
2018-05-10,544.276611328125,119.06437683105469,83.09209442138672,457.36895751953125,292.2771911621094,42.54593276977539,1794.15869140625,247.773681640625,82.40943908691406,224.73667907714844
2018-05-11,549.8919067382812,122.54228210449219,83.69623565673828,461.7413330078125,296.18243408203125,42.74065399169922,1802.628173828125,251.70626831054688,80.065185546875,226.91200256347656
2018-05-14,548.5004272460938,122.54228210449219,83.55680084228516,464.03668212890625,295.372802734375,41.182899475097656,1822.3746337890625,252.56033325195312,80.51600646972656,229.8577117919922
2018-05-15,546.3140869140625,119.9231185913086,80.30376434326172,467.7204895019531,293.6106262207031,39.917236328125,1824.2303466796875,254.99339294433594,77.49552154541016,224.78201293945312
2018-05-16,546.6121826171875,113.3967056274414,77.74778747558594,464.4038391113281,283.133056640625,40.30667495727539,1832.4617919921875,254.50677490234375,68.1635971069336,220.3407440185547
2018-05-17,536.127197265625,111.63628387451172,76.77188110351562,465.41375732421875,281.9424743652344,41.085548400878906,1821.7559814453125,252.38157653808594,68.92998504638672,219.9781951904297
2018-05-18,529.6175537109375,108.80244445800781,76.6789321899414,461.83319091796875,272.51263427734375,39.917236328125,1836.649169921875,257.0887451171875,67.397216796875,216.48866271972656
2018-05-21,523.604736328125,111.55039978027344,75.19182586669922,457.4493713378906,275.56060791015625,39.18703842163086,1831.8433837890625,253.56333923339844,70.4627685546875,221.5643768310547
2018-05-22,520.07666015625,114.12663269042969,76.49304962158203,456.72637939453125,276.5130920410156,40.209312438964844,1811.85888671875,250.7926483154297,73.5283432006836,230.12960815429688
2018-05-23,517.0453491210938,117.30397033691406,76.44657135009766,451.58502197265625,278.17999267578125,39.38175964355469,1763.991943359375,249.33282470703125,72.62670135498047,238.55899047851562
2018-05-24,531.157958984375,119.23614501953125,77.05072021484375,455.8311767578125,283.5617370605469,38.9923210144043,1780.21728515625,253.32498168945312,74.02422332763672,243.36280822753906
2018-05-25,535.1830444335938,121.34005737304688,78.44486999511719,461.0413513183594,281.6090087890625,39.77119445800781,1822.326904296875,257.3768005371094,75.15127563476562,241.95790100097656
2018-05-28,542.785888671875,124.86087036132812,80.58258819580078,468.73028564453125,285.0380859375,40.988182067871094,1821.85107421875,257.635009765625,79.97501373291016,246.58041381835938
2018-05-29,544.3759765625,120.56718444824219,80.675537109375,466.5269470214844,276.13214111328125,39.77119445800781,1786.4981689453125,255.07281494140625,77.22502899169922,239.55596923828125
2018-05-30,538.3135375976562,118.89263153076172,80.02493286132812,470.14190673828125,271.3695983886719,38.9923210144043,1793.682861328125,258.8465270996094,77.63076782226562,242.13916015625
2018-05-31,542.5374145507812,117.51866912841797,78.816650390625,494.1877746582031,272.22686767578125,39.625160217285156,1860.8680419921875,265.0731506347656,75.42176055908203,244.31446838378906
2018-06-01,533.344482421875,117.6045150756836,77.14366149902344,487.5237731933594,275.56060791015625,39.67383575439453,1822.755126953125,261.7760925292969,74.79061889648438,241.73130798339844
2018-06-04,533.7418823242188,112.96733093261719,75.47066497802734,472.6481628417969,273.1317138671875,38.116092681884766,1810.193603515625,258.9855651855469,75.01602172851562,238.37770080566406
2018-06-05,527.6298217773438,109.7041244506836,76.44657135009766,476.6673889160156,270.60760498046875,37.337215423583984,1807.5289306640625,259.1344909667969,74.52013397216797,238.87620544433594
2018-06-06,528.1267700195312,111.8509750366211,77.37601470947266,475.2237243652344,270.4170837402344,39.917236328125,1826.9425048828125,261.31927490234375,76.36847686767578,244.85830688476562
2018-06-07,539.05908203125,112.83851623535156,80.02493286132812,476.34393310546875,277.08465576171875,40.93950653076172,1808.5283203125,260.276611328125,77.63076782226562,244.4051055908203
2018-06-08,534.0897827148438,113.56845092773438,80.4896469116211,473.3757629394531,274.56048583984375,40.79346466064453,1797.3466796875,261.8456115722656,81.5528793334961,247.44149780273438
2018-06-11,536.6242065429688,114.8136215209961,81.46556854248047,471.7472839355469,272.79833984375,41.036869049072266,1812.667724609375,262.8387756347656,82.58975982666016,248.34786987304688
2018-06-12,533.84130859375,114.5130615234375,82.20911407470703,472.1053161621094,273.7508544921875,41.815738677978516,1860.201904296875,264.0204772949219,82.72500610351562,256.3692932128906
2018-06-13,537.3197631835938,117.43278503417969,80.62906646728516,469.2410583496094,276.9417724609375,42.594608306884766,1858.4820556640625,263.2955017089844,82.31927490234375,260.7652587890625
2018-06-14,528.7230834960938,116.05879211425781,79.69963073730469,470.6154479980469,271.2266845703125,42.984046936035156,1875.630126953125,264.6858215332031,82.67991638183594,256.1427307128906
2018-06-15,525.4930419921875,112.75264739990234,77.98016357421875,468.813720703125,269.0836181640625,42.10781478881836,1879.4034423828125,266.14569091796875,81.01190185546875,251.47488403320312
2018-06-18,519.3312377929688,111.97977447509766,78.0730972290039,466.3999328613281,279.0848693847656,41.28026580810547,1879.9764404296875,261.2398376464844,79.79469299316406,250.93104553222656
2018-06-19,514.0142211914062,109.78998565673828,76.95777130126953,467.40472412109375,278.8943786621094,40.06327438354492,1845.156005859375,258.8465270996094,78.26191711425781,247.07896423339844
2018-06-20,515.902587890625,107.42845916748047,77.60836791992188,474.94647216796875,279.2754211425781,41.085548400878906,1879.451171875,263.0870056152344,77.72093200683594,247.71337890625
2018-06-21,509.8897705078125,104.766357421875,76.49304962158203,475.2814636230469,283.79986572265625,41.377620697021484,1872.8594970703125,260.97174072265625,75.19635772705078,243.4987335205078
2018-06-22,522.412109375,104.33698272705078,77.05072021484375,481.2293395996094,286.3716125488281,40.93950653076172,1865.9337158203125,262.451416015625,73.8438949584961,247.48680114746094
2018-06-25,512.026611328125,100.3009033203125,76.91129302978516,483.9087829589844,275.9416809082031,41.13422393798828,1881.8870849609375,263.76226806640625,71.95047760009766,243.31747436523438
2018-06-26,511.0326843261719,101.37433624267578,77.60836791992188,483.6200866699219,274.4176025390625,40.59874725341797,1894.640380859375,264.1297607421875,71.99554443359375,242.3657684326172
2018-06-27,504.7218322753906,98.88398742675781,76.91129302978516,487.98577880859375,265.79742431640625,39.86855697631836,1881.218505859375,263.007568359375,69.20049285888672,237.19940185546875
2018-06-28,501.4918212890625,97.03768920898438,73.05410766601562,492.2013244628906,258.5107421875,38.26213073730469,1879.642333984375,265.9668884277344,65.63903045654297,232.93942260742188
2018-06-29,507.6535949707031,96.73713684082031,76.07479095458984,487.0271301269531,262.3207702636719,37.82401657104492,1845.82470703125,266.7315979003906,68.65950775146484,235.0694122314453
2018-07-02,509.0946960449219,97.59587860107422,75.56360626220703,478.8963623046875,264.2257995605469,37.58061599731445,1861.6827392578125,265.7384948730469,70.4627685546875,234.61622619628906
2018-07-03,508.3989562988281,97.03768920898438,77.42250061035156,478.1918640136719,259.939453125,38.164772033691406,1863.784423828125,268.7574768066406,69.5611343383789,233.39259338378906
2018-07-04,511.57928466796875,97.12356567382812,77.60836791992188,485.8953552246094,260.27288818359375,38.35948944091797,1887.953125,271.1606750488281,68.61441802978516,233.3472900390625
2018-07-05,507.8524169921875,97.25238037109375,76.3536376953125,490.5612487792969,258.65362548828125,37.337215423583984,1876.633056640625,271.1110534667969,68.11851501464844,232.44093322753906
2018-07-06,510.5357971191406,99.22748565673828,75.74950408935547,488.57476806640625,257.22479248046875,37.87269592285156,1871.808837890625,272.34246826171875,69.38080596923828,233.12069702148438
2018-07-09,522.0145874023438,100.47265625,78.8631362915039,491.0000915527344,258.3201599121094,37.87269592285156,1870.758056640625,275.1032409667969,70.14720153808594,237.0634307861328
2018-07-10,529.2696533203125,102.6195068359375,77.56189727783203,495.7931823730469,260.4157409667969,38.40816879272461,1848.594970703125,272.5311279296875,70.19227600097656,239.05747985839844
2018-07-11,533.2449951171875,99.78565979003906,76.1677474975586,496.22039794921875,255.9866180419922,38.40816879272461,1829.2025146484375,275.611328125,68.11851501464844,234.8428192138672
2018-07-12,535.0338745117188,102.57657623291016,74.26238250732422,500.3090515136719,259.36798095703125,38.164772033691406,1851.5087890625,276.1776123046875,68.61441802978516,238.15109252929688
2018-07-13,519.7785034179688,100.81615447998047,72.40351867675781,503.76226806640625,255.03411865234375,37.045143127441406,1837.7525634765625,279.0690002441406,66.58573913574219,233.6191864013672
2018-07-16,518.884033203125,97.08063507080078,68.91809844970703,500.9788818359375,246.93772888183594,35.146636962890625,1836.7972412109375,279.8837890625,66.58573913574219,228.04498291015625
2018-07-17,534.586669921875,103.73587799072266,82.06969451904297,502.8037414550781,253.79580688476562,36.46098709106445,1819.840576171875,278.32379150390625,70.95865631103516,234.7974853515625
2018-07-18,523.3065795898438,101.03084564208984,79.885498046875,502.6766662597656,250.2239227294922,35.876827239990234,1815.09326171875,277.91644287109375,67.80294036865234,235.25067138671875
2018-07-19,523.5550537109375,103.0918197631836,79.79255676269531,504.96337890625,248.79515075683594,35.97419357299805,1810.9691162109375,267.75201416015625,67.89311981201172,235.83984375
2018-07-20,530.41259765625,103.26356506347656,79.69963073730469,505.644775390625,253.17669677734375,35.876827239990234,1824.68408203125,264.9501037597656,68.11851501464844,237.01812744140625
2018-07-23,537.0216674804688,108.45893859863281,81.65145111083984,498.11456298828125,262.463623046875,37.466941833496094,1860.7451171875,265.6953125,71.18406677246094,241.4140625
2018-07-24,542.7361450195312,113.82608032226562,81.51202392578125,498.87689208984375,261.3206787109375,38.460758209228516,1867.6983642578125,260.7671203613281,71.4996566772461,241.86724853515625
2018-07-25,528.9714965820312,113.18202209472656,80.76847839355469,501.32537841796875,261.6063537597656,38.16261672973633,1884.6259765625,261.2937316894531,71.45457458496094,246.39915466308594
2018-07-26,538.3135375976562,119.23614501953125,82.02323150634766,506.46484375,272.0839538574219,37.96385192871094,1880.118408203125,260.56842041015625,72.89718627929688,260.7652587890625
2018-07-27,549.8422241210938,118.37741088867188,84.39330291748047,508.6706848144531,279.2754211425781,39.05704879760742,1900.4508056640625,260.5385437011719,73.93406677246094,259.9041748046875
2018-07-30,566.1411743164062,130.57151794433594,83.92858123779297,501.2213439941406,292.7533874511719,41.04468536376953,1889.5653076171875,259.3760681152344,77.450439453125,269.5570983886719
2018-07-31,547.0097045898438,131.68788146972656,82.72030639648438,503.4389343261719,289.8006591796875,39.80241012573242,1913.494140625,259.69403076171875,76.72913360595703,266.0222473144531
2018-08-01,541.7920532226562,128.9828338623047,81.4190902709961,498.6343688964844,285.0856628417969,39.305503845214844,1919.4403076171875,260.8565673828125,78.80289459228516,267.47247314453125
2018-08-02,543.879150390625,126.44954681396484,82.03019714355469,492.05108642578125,284.371337890625,39.85210418701172,1940.2523193359375,254.39822387695312,76.77421569824219,266.3847961425781
2018-08-03,571.2096557617188,128.4676055908203,82.03019714355469,490.0762023925781,290.5150146484375,40.89561462402344,1933.346923828125,260.2206726074219,79.47911834716797,271.23394775390625
2018-08-06,593.1239013671875,129.2834014892578,83.15841674804688,488.3785095214844,300.1353454589844,41.243446350097656,1917.9537353515625,254.9148712158203,81.1922378540039,279.61798095703125
2018-08-07,589.3969116210938,125.50493621826172,82.17121887207031,492.2128601074219,298.2779541015625,41.19375991821289,1912.678955078125,255.09368896484375,74.7004623413086,275.58453369140625
2018-08-08,592.6270141601562,127.60887145996094,82.97037506103516,493.4716796875,303.5644226074219,40.79623031616211,1918.7691650390625,256.0078430175781,72.53653717041016,279.7992248535156
2018-08-09,617.2244873046875,132.89012145996094,84.1926040649414,489.34857177734375,317.1852722167969,42.53541564941406,1903.807373046875,253.8119659423828,75.19635772705078,287.6847229003906
2018-08-10,611.708740234375,127.35124206542969,83.8635482788086,488.41302490234375,312.99420166015625,43.13170623779297,1898.484619140625,255.45144653320312,75.06111145019531,275.9471130371094
2018-08-13,601.174072265625,125.07556915283203,82.40628051757812,483.1465148925781,309.46990966796875,44.324283599853516,1912.295166015625,255.779296875,72.49144744873047,266.6113586425781
2018-08-14,614.2429809570312,125.63375091552734,83.48748016357422,482.55755615234375,316.6613464355469,44.274593353271484,1915.8438720703125,256.9418029785156,72.04064178466797,267.2911682128906
2018-08-16,619.6096801757812,122.54228210449219,84.3336410522461,479.4622497558594,318.4234619140625,45.06964874267578,1902.9921875,247.48284912109375,73.5283432006836,265.29718017578125
2018-08-17,623.43603515625,125.54788970947266,81.09003448486328,479.8434143066406,323.852783203125,46.311920166015625,1908.938720703125,251.02993774414062,75.2414321899414,273.8171081542969
2018-08-20,620.5538330078125,129.66983032226562,76.62419128417969,484.19757080078125,322.3764343261719,47.603885650634766,1909.4658203125,253.315185546875,75.91766357421875,278.8475036621094
2018-08-21,631.833984375,129.5839385986328,76.95325469970703,484.1629638671875,322.7574157714844,46.80883026123047,1895.079833984375,251.0597381591797,75.42176055908203,278.25836181640625
2018-08-23,627.858642578125,128.68231201171875,76.62419128417969,480.4324035644531,321.1857604980469,47.007591247558594,1877.09716796875,247.93988037109375,76.18814849853516,274.1343994140625
2018-08-24,635.95849609375,126.57837677001953,76.71821594238281,478.1110534667969,315.875732421875,46.56037521362305,1849.236328125,249.29116821289062,77.36028289794922,272.32159423828125
2018-08-27,646.1950073242188,128.8540496826172,75.11992645263672,480.5594787597656,325.20416259765625,46.9082145690918,1871.486572265625,253.3450164794922,76.86437225341797,279.1647644042969
2018-08-28,655.9842529296875,123.52983856201172,74.8848876953125,483.8857421875,324.2474060058594,47.15666961669922,1854.510986328125,255.37193298339844,74.74554443359375,276.7628479003906
2018-08-29,652.853759765625,126.83599853515625,76.0130844116211,480.1090393066406,325.9217529296875,47.95172119140625,1827.5611572265625,256.06744384765625,75.8725814819336,280.70562744140625
2018-08-30,645.7476806640625,128.93991088867188,76.0130844116211,477.244873046875,329.4617919921875,48.2498664855957,1798.884765625,253.97096252441406,76.72913360595703,279.7085876464844
2018-08-31,645.250732421875,131.34437561035156,76.24813079833984,476.1129455566406,327.7875061035156,47.30574035644531,1828.568359375,255.79917907714844,79.47911834716797,280.614990234375
2018-09-03,627.9082641601562,130.27096557617188,75.91907501220703,479.3121643066406,319.7027893066406,47.603885650634766,1819.361083984375,252.1924285888672,77.8561782836914,277.6692810058594
2018-09-04,637.8467407226562,124.98970794677734,72.39342498779297,473.94171142578125,314.2970886230469,44.672122955322266,1779.6553955078125,249.90719604492188,74.97095489501953,268.65081787109375
2018-09-05,633.7222900390625,124.13095092773438,73.09855651855469,472.5672912597656,315.3973388671875,44.57273864746094,1778.93603515625,246.0421142578125,74.92586517333984,268.7867126464844
2018-09-06,634.2689208984375,125.4620132446289,72.72248077392578,474.0340881347656,314.44061279296875,44.622432708740234,1803.0567626953125,250.56295776367188,75.06111145019531,268.69610595703125
2018-09-07,641.5735473632812,127.13655090332031,73.38059997558594,475.13128662109375,320.6116943359375,45.46717834472656,1799.07666015625,247.39340209960938,76.09799194335938,264.3454284667969
2018-09-10,647.7354125976562,125.8913803100586,71.03015899658203,471.481689453125,318.5068359375,44.523048400878906,1754.2879638671875,243.10110473632812,74.56521606445312,258.1820983886719
2018-09-11,646.145263671875,120.6530532836914,71.26520538330078,462.0688781738281,312.43133544921875,43.62861633300781,1751.74658203125,239.7328338623047,73.66356658935547,256.1427307128906
2018-09-12,631.535888671875,114.684814453125,71.68828582763672,464.7136535644531,308.939208984375,43.38016128540039,1753.520751953125,244.50209045410156,73.16767883300781,258.5899353027344
2018-09-14,632.4800415039062,115.41474151611328,73.19256591796875,468.813720703125,314.153564453125,44.57273864746094,1796.1517333984375,246.32032775878906,74.65538024902344,263.4390563964844
2018-09-17,622.0942993164062,116.1446762084961,73.0045394897461,460.1747741699219,311.6181640625,43.9764518737793,1800.2275390625,244.50209045410156,74.83570098876953,258.5899353027344
2018-09-18,604.8511962890625,97.12356567382812,70.84213256835938,459.4818115234375,305.06427001953125,43.578922271728516,1785.9373779296875,241.50143432617188,71.4996566772461,248.1665802001953
2018-09-19,605.0499877929688,99.91446685791016,70.65409088134766,453.048828125,307.073486328125,43.03232192993164,1730.790771484375,243.80654907226562,71.45457458496094,246.0819091796875
2018-09-21,595.5091552734375,95.7066421508789,69.1028060913086,455.1045837402344,303.38995361328125,40.2496337890625,1690.317626953125,234.5264434814453,65.6841049194336,245.26617431640625
2018-09-24,593.6704711914062,92.48636627197266,67.5985336303711,444.81402587890625,295.4010314941406,38.560142517089844,1605.6796875,228.266845703125,62.39314651489258,239.60130310058594
2018-09-25,610.5657348632812,93.9891586303711,67.551513671875,450.9814147949219,297.6493225097656,37.71539306640625,1627.306884765625,235.1524200439453,60.36445617675781,245.5380859375
2018-09-26,613.6466674804688,93.7315444946289,67.22245788574219,454.63104248046875,299.5628967285156,38.01354217529297,1632.1502685546875,232.3803253173828,60.45463180541992,239.1481170654297
2018-09-27,596.4532470703125,89.60958099365234,66.18827056884766,456.4674377441406,293.39178466796875,36.423431396484375,1613.1605224609375,227.02487182617188,56.3521842956543,240.5076904296875
2018-09-28,609.4725341796875,85.44468688964844,66.47032165527344,463.3739929199219,292.3393249511719,36.07559585571289,1620.881103515625,226.85594177246094,53.82760238647461,240.64366149902344
2018-10-01,589.7945556640625,89.65251922607422,68.67972564697266,470.1650390625,300.4239807128906,37.11910629272461,1575.4210205078125,222.96107482910156,56.98332977294922,248.2119140625
2018-10-03,568.72509765625,88.7079086303711,66.00023651123047,469.1717834472656,290.5693359375,37.2681770324707,1571.632568359375,218.24154663085938,58.29069900512695,246.26319885253906
2018-10-04,582.6388549804688,88.75083923339844,63.9788703918457,452.2172546386719,302.81591796875,36.473121643066406,1524.446044921875,213.52200317382812,58.42594909667969,245.94595336914062
2018-10-05,564.9981689453125,85.1011962890625,64.21390533447266,453.9612121582031,294.013671875,35.131465911865234,1541.5655517578125,209.0906219482422,57.56938934326172,234.1630401611328
2018-10-08,553.121826171875,83.72721099853516,66.0942611694336,449.27215576171875,297.4101867675781,33.541358947753906,1534.5164794921875,219.4437713623047,56.66775894165039,240.87022399902344
2018-10-09,549.4446411132812,80.07756042480469,66.51732635498047,448.2557678222656,293.0090637207031,33.39228820800781,1542.09326171875,220.26849365234375,56.487430572509766,238.33236694335938
2018-10-10,585.57080078125,82.0956039428711,69.19683074951172,454.3885192871094,306.0210876464844,35.678070068359375,1570.9132080078125,226.09088134765625,59.77840042114258,252.56253051757812
2018-10-11,577.2720947265625,80.6786880493164,67.03443145751953,447.55133056640625,298.2234191894531,34.93270492553711,1527.371337890625,221.67935180664062,57.975128173828125,237.60726928710938
2018-10-12,581.2972412109375,82.86847686767578,69.33785247802734,457.7840576171875,305.5904846191406,36.27436065673828,1585.0594482421875,231.9331817626953,59.9587287902832,239.05747985839844
2018-10-15,572.9985961914062,83.59840393066406,71.26520538330078,463.8359680175781,299.8021240234375,35.8768310546875,1560.36328125,232.58895874023438,60.90544891357422,238.55899047851562
2018-10-16,585.222900390625,86.0887451171875,76.76522064208984,460.3017883300781,306.7864990234375,36.07559585571289,1554.2254638671875,233.64215087890625,63.06937026977539,244.99424743652344
2018-10-17,572.5016479492188,85.53056335449219,73.80367279052734,456.1094055175781,301.1893615722656,34.88301467895508,1538.2569580078125,233.69183349609375,59.9587287902832,236.7008819580078
2018-10-19,559.0848388671875,87.93505096435547,76.53018188476562,454.527099609375,301.81134033203125,35.131465911865234,1512.169921875,238.25238037109375,59.507911682128906,236.65557861328125
2018-10-22,558.5879516601562,88.1067886352539,75.02591705322266,461.7223815917969,312.9576110839844,34.58486557006836,1390.1280517578125,231.30723571777344,59.2374153137207,235.97579956054688
2018-10-23,559.2836303710938,87.33391571044922,74.83787536621094,458.4770202636719,308.89141845703125,34.187339782714844,1412.858154296875,233.3838348388672,58.380863189697266,231.71578979492188
2018-10-24,560.6253662109375,88.14973449707031,76.95325469970703,460.18634033203125,308.0780944824219,35.03208923339844,1459.08544921875,233.91041564941406,59.32758712768555,231.76112365722656
2018-10-25,557.5940551757812,84.54301452636719,75.82505798339844,454.7696533203125,306.11669921875,33.83950424194336,1430.073486328125,235.63926696777344,59.19233322143555,226.18690490722656
2018-10-26,534.3878784179688,84.88652038574219,74.69683837890625,453.0141296386719,302.0026550292969,33.143829345703125,1386.62744140625,230.23414611816406,59.643157958984375,224.8726348876953
2018-10-29,563.2092895507812,91.97111511230469,76.3421401977539,444.9527282714844,334.2934265136719,34.03826904296875,1354.97802734375,226.16041564941406,63.92591857910156,242.81893920898438
2018-10-30,559.2339477539062,94.46147155761719,78.17549133300781,441.82275390625,330.75341796875,34.43579864501953,1308.4630126953125,223.3187713623047,65.41362762451172,247.57742309570312
2018-10-31,578.8126220703125,95.0196533203125,77.7994384765625,441.591796875,339.65130615234375,34.38610076904297,1366.774658203125,222.3947296142578,66.4054183959961,255.0550537109375
2018-11-01,598.4409790039062,92.48636627197266,77.70541381835938,441.6957092285156,338.4075012207031,34.88301467895508,1404.03466796875,220.487060546875,66.9914779663086,259.1337585449219
2018-11-02,606.8886108398438,94.37560272216797,77.47036743164062,450.300048828125,339.1251525878906,35.379920959472656,1478.6983642578125,225.18673706054688,62.25789260864258,258.6352844238281
2018-11-05,620.5538330078125,95.49195861816406,75.44898986816406,451.8130187988281,334.5326232910156,35.03208923339844,1425.61376953125,224.4415283203125,63.475101470947266,267.3364562988281
2018-11-06,603.7081909179688,94.847900390625,75.30795288085938,449.6301574707031,337.8334655761719,34.93270492553711,1415.06396484375,223.61685180664062,63.65542221069336,259.63226318359375
2018-11-07,603.1119384765625,95.27727508544922,76.10709381103516,452.263427734375,340.5124206542969,34.93270492553711,1423.168212890625,225.4053192138672,63.97100067138672,259.722900390625
2018-11-09,609.4229125976562,95.74958038330078,76.62419128417969,449.36456298828125,341.42132568359375,36.32405090332031,1433.7178955078125,225.65371704101562,64.60214233398438,256.7318420410156
2018-11-12,602.8139038085938,93.94622802734375,75.30795288085938,443.739990234375,337.1159362792969,35.9265251159668,1431.8956298828125,229.2604522705078,63.565269470214844,251.9280548095703
2018-11-13,614.4913940429688,93.34510803222656,74.17974090576172,445.28759765625,345.29620361328125,35.131465911865234,1424.7506103515625,231.6847686767578,63.11444854736328,252.01870727539062
2018-11-14,608.9259033203125,96.82300567626953,73.80367279052734,452.2172546386719,350.7497863769531,35.479305267333984,1451.6046142578125,224.53094482421875,63.790679931640625,257.049072265625
2018-11-15,622.243408203125,96.86595153808594,73.66265106201172,456.2364807128906,354.0027770996094,36.373741149902344,1450.261962890625,230.95947265625,64.15132141113281,258.6805725097656
2018-11-16,615.982177734375,98.92691802978516,75.11992645263672,462.9697265625,351.65869140625,36.224666595458984,1439.6641845703125,232.22134399414062,65.99967193603516,263.6656494140625
2018-11-19,612.5037841796875,99.05574035644531,76.38915252685547,465.1872253417969,346.73138427734375,35.82714080810547,1475.006103515625,233.5428009033203,66.08984375,261.1731262207031
2018-11-20,608.8762817382812,94.63322448730469,75.21395111083984,464.8523254394531,342.4259338378906,35.280540466308594,1494.091552734375,232.48959350585938,64.28657531738281,256.91314697265625
2018-11-21,622.98876953125,96.35070037841797,77.9874496459961,466.30755615234375,341.3256530761719,36.17498016357422,1483.39794921875,233.8309326171875,65.54885864257812,260.17608642578125
2018-11-22,610.7645263671875,94.37560272216797,75.87206268310547,463.2469177246094,336.8288269042969,38.75890350341797,1466.2784423828125,232.61874389648438,64.64722442626953,256.2333679199219
2018-11-26,627.1629028320312,93.51685333251953,76.20111846923828,473.47967529296875,340.94293212890625,39.4545783996582,1498.7908935546875,232.6088409423828,64.24149322509766,259.5869445800781
2018-11-27,621.398681640625,93.55978393554688,76.38915252685547,476.7597351074219,339.3164367675781,39.553958892822266,1523.53515625,233.20498657226562,65.32344818115234,262.3061218261719
2018-11-28,624.08203125,89.95308685302734,76.76522064208984,482.59222412109375,343.4783935546875,38.560142517089844,1547.3201904296875,230.56202697753906,62.75379180908203,257.91015625
2018-11-29,627.5106811523438,90.16776275634766,80.14984893798828,492.24749755859375,346.5400390625,38.21230697631836,1592.5885009765625,241.034423828125,62.79887008666992,259.5869445800781
2018-11-30,621.8955078125,90.21070861816406,80.19686889648438,491.6469421386719,339.7948303222656,38.21230697631836,1565.0150146484375,245.20751953125,63.0242805480957,258.00079345703125
2018-12-03,620.9513549804688,91.84230041503906,79.3507080078125,488.1474914550781,340.1297302246094,38.112918853759766,1588.5123291015625,243.64759826660156,64.42182159423828,259.9494934082031
2018-12-04,619.4109497070312,92.61518096923828,79.8677978515625,481.737548828125,342.4738464355469,38.75890350341797,1568.8033447265625,243.4886016845703,62.708717346191406,256.0973815917969
2018-12-05,611.162109375,92.27167510986328,78.9746322631836,484.8905334472656,336.20697021484375,37.51662826538086,1537.96923828125,240.746337890625,62.167720794677734,253.9220733642578
2018-12-06,596.3538818359375,90.38245391845703,79.63275909423828,484.3938903808594,332.61907958984375,36.373741149902344,1505.2166748046875,234.536376953125,59.59807205200195,249.8433837890625
2018-12-07,600.2298583984375,91.37000274658203,78.50455474853516,486.830810546875,336.9723815917969,36.27436065673828,1502.67529296875,254.2888946533203,59.507911682128906,249.61680603027344
2018-12-10,586.6639404296875,90.98356628417969,77.47036743164062,482.4766845703125,331.3753356933594,35.678070068359375,1490.83056640625,238.1331787109375,58.47102355957031,248.52915954589844
2018-12-11,600.528076171875,93.64566802978516,78.64558410644531,475.73187255859375,327.9787902832031,36.17498016357422,1489.248291015625,242.17706298828125,61.942317962646484,254.9191131591797
2018-12-12,616.1312866210938,97.38119506835938,82.78234100341797,481.6797790527344,334.81964111328125,37.367557525634766,1517.445068359375,245.84341430664062,63.835758209228516,258.5446472167969
2018-12-13,615.2864990234375,96.05014038085938,84.05158996582031,485.3756103515625,334.43695068359375,39.15643310546875,1544.203125,251.2584686279297,64.33164978027344,261.943603515625
2018-12-14,616.4295043945312,95.66370391845703,85.7908935546875,484.08209228515625,336.6853332519531,38.90797805786133,1538.208740234375,249.57928466796875,65.50377655029297,262.1248474121094
2018-12-17,613.3486328125,96.00720977783203,87.24818420410156,492.05108642578125,342.9521789550781,39.10673904418945,1566.501708984375,242.92227172851562,65.6841049194336,262.3967590332031
2018-12-18,615.584716796875,96.56537628173828,86.68407440185547,493.26385498046875,346.587890625,40.94530487060547,1572.4478759765625,245.83346557617188,66.94639587402344,265.34246826171875
2018-12-19,637.6976928710938,99.27042388916016,89.175537109375,490.49200439453125,350.65411376953125,42.53541564941406,1546.64892578125,243.55816650390625,69.38080596923828,272.5482177734375
2018-12-20,629.05126953125,98.66930389404297,89.692626953125,493.7257080078125,346.4922180175781,43.62861633300781,1546.8406982421875,245.6744842529297,68.61441802978516,266.5207214355469
2018-12-21,617.025634765625,98.84104919433594,86.96611785888672,487.6507568359375,338.8859558105469,42.88325119018555,1511.1632080078125,243.86618041992188,68.83982849121094,264.572021484375
2018-12-24,611.2117919921875,99.09867095947266,88.18833923339844,480.6056213378906,337.49859619140625,42.83355712890625,1498.4073486328125,246.11167907714844,69.1553955078125,265.6143798828125
2018-12-26,615.6840209960938,101.07377624511719,86.91912078857422,490.23785400390625,340.4645690917969,42.83355712890625,1492.748779296875,248.02931213378906,70.10212707519531,266.6113586425781
2018-12-27,613.7460327148438,99.95741271972656,88.47039031982422,486.2418518066406,340.273193359375,42.485721588134766,1499.98974609375,246.45944213867188,70.28244018554688,264.7986755371094
2018-12-28,621.1998291015625,101.6319580078125,87.6712417602539,490.3649597167969,345.1527099609375,42.684486389160156,1518.4520263671875,246.6780242919922,70.73326110839844,267.2005310058594
2018-12-31,616.0816650390625,102.01838684082031,87.6712417602539,490.08770751953125,344.5787048339844,43.08201217651367,1533.84521484375,249.6885986328125,70.41768646240234,268.1976013183594
2019-01-01,623.43603515625,105.88272094726562,87.43620300292969,496.1859130859375,348.0230407714844,43.08201217651367,1530.2965087890625,248.48634338378906,71.95047760009766,271.55120849609375
2019-01-02,616.230712890625,102.49069213867188,89.12852478027344,491.6584777832031,348.8363037109375,42.436031341552734,1512.0740966796875,246.5289764404297,70.19227600097656,266.3847961425781
2019-01-03,604.2052001953125,102.44776153564453,86.49604034423828,487.801025390625,347.544677734375,42.78386688232422,1496.2493896484375,245.4658660888672,70.19227600097656,263.846923828125
2019-01-04,615.783447265625,104.50872802734375,89.12852478027344,489.1060485839844,349.4103698730469,44.870887756347656,1484.8365478515625,247.9895782470703,73.30292510986328,269.7837219238281
2019-01-07,633.5234985351562,105.36747741699219,88.94048309326172,489.8452453613281,351.80224609375,45.864707946777344,1495.33837890625,247.7213134765625,72.62670135498047,268.56011962890625
2019-01-08,646.8906860351562,106.35502624511719,89.55160522460938,485.7682800292969,363.7138977050781,45.71562957763672,1513.1771240234375,244.2039794921875,73.66356658935547,276.7174987792969
2019-01-09,665.9723510742188,105.58216094970703,91.10289001464844,488.9559326171875,365.72314453125,45.96408462524414,1536.1949462890625,246.06199645996094,72.7619400024414,276.7174987792969
2019-01-10,659.16455078125,106.01152801513672,89.92766571044922,487.0386962890625,363.0920715332031,46.65975570678711,1501.8121337890625,242.34597778320312,73.25784301757812,276.944091796875
2019-01-11,662.3945922851562,104.03642272949219,89.692626953125,487.8241271972656,362.1831359863281,46.41130447387695,1453.1390380859375,243.07130432128906,72.71686553955078,274.40625
2019-01-14,655.1395874023438,103.86468505859375,85.17977905273438,485.4564514160156,357.20794677734375,46.610069274902344,1423.3121337890625,240.79600524902344,74.38488006591797,272.2762756347656
2019-01-15,656.5308227539062,103.99349212646484,85.55585479736328,490.13385009765625,356.6338806152344,46.75914001464844,1434.0054931640625,241.1238555908203,73.88897705078125,273.4092102050781
2019-01-16,659.9099731445312,103.90762329101562,85.74388885498047,489.74127197265625,359.0736083984375,48.05110168457031,1464.2164306640625,239.00753784179688,75.9627456665039,274.768798828125
2019-01-17,672.4821166992188,102.36187744140625,83.20542907714844,492.5362548828125,358.4039001464844,46.95790481567383,1460.6678466796875,242.4254608154297,76.23323822021484,269.5570983886719
2019-01-18,660.5062255859375,101.3313980102539,84.61568450927734,492.0628356933594,355.9162902832031,46.80883026123047,1454.817626953125,246.44949340820312,74.7004623413086,267.3364562988281
2019-01-21,656.232666015625,100.00035095214844,83.39344787597656,496.1974182128906,355.6292724609375,46.1131591796875,1445.8983154296875,251.89437866210938,72.35620880126953,265.0705871582031
2019-01-22,657.5247192382812,97.72468566894531,84.1456069946289,493.3562927246094,353.0938720703125,46.610069274902344,1440.1435546875,256.6933288574219,70.8685073852539,263.0765075683594
2019-01-23,657.5247192382812,95.57783508300781,83.20542907714844,486.3226013183594,351.51519775390625,47.007591247558594,1433.81396484375,253.66294860839844,70.10212707519531,259.81353759765625
2019-01-24,659.5620727539062,97.03768920898438,83.58148956298828,485.5950927734375,349.0276184082031,46.80883026123047,1429.3062744140625,251.92417907714844,70.41768646240234,261.08245849609375
2019-01-25,665.62451171875,94.63322448730469,81.32508087158203,484.15130615234375,341.7561950683594,46.36161422729492,1424.127197265625,251.60621643066406,69.06523895263672,258.6805725097656
2019-01-28,652.2574462890625,93.7315444946289,79.11566162109375,481.4140930175781,328.69635009765625,45.46717834472656,1384.61328125,250.47352600097656,68.61441802978516,255.23638916015625
2019-01-29,656.6799926757812,97.68174743652344,81.32508087158203,475.2814636230469,331.85369873046875,45.91439437866211,1402.0206298828125,248.67514038085938,69.6963882446289,254.32998657226562
2019-01-30,686.6939697265625,97.63880920410156,81.32508087158203,469.9917907714844,350.080078125,44.473358154296875,1415.687255859375,242.87257385253906,69.65130615234375,260.53863525390625
2019-01-31,718.2484130859375,96.56537628173828,80.76097869873047,480.44403076171875,348.6927795410156,44.92057800292969,1443.9322509765625,249.53955078125,69.87671661376953,266.158203125
2019-02-01,712.83203125,95.40608215332031,81.09003448486328,482.8694152832031,339.3164367675781,44.523048400878906,1453.1390380859375,249.5296173095703,66.63082122802734,257.7742004394531
2019-02-04,716.0619506835938,94.7190933227539,82.78234100341797,486.20709228515625,339.2207336425781,43.03232192993164,1443.0689697265625,252.80845642089844,65.95459747314453,257.3663024902344
2019-02-05,725.0064697265625,92.7010498046875,82.03019714355469,488.3206787109375,337.4029235839844,42.684486389160156,1478.6505126953125,254.18955993652344,66.18000030517578,258.00079345703125
2019-02-06,721.2796630859375,93.77447509765625,80.38490295410156,490.3072204589844,343.7654113769531,41.342830657958984,1463.593017578125,254.25909423828125,67.80294036865234,261.9888916015625
2019-02-07,725.6524658203125,93.51685333251953,80.94901275634766,489.059814453125,343.1435241699219,44.22490310668945,1452.947265625,255.26263427734375,68.20868682861328,260.4933166503906
2019-02-08,714.96875,90.0818862915039,79.11566162109375,490.3072204589844,339.74700927734375,43.9764518737793,1437.6981201171875,258.21356201171875,64.19640350341797,259.22442626953125
2019-02-11,706.4713745117188,89.22315216064453,78.4575424194336,494.23394775390625,334.91534423828125,44.7218132019043,1449.1590576171875,258.64080810546875,63.88084030151367,254.23934936523438
2019-02-12,701.253662109375,88.14973449707031,77.84642791748047,491.9356384277344,329.4139709472656,44.97026443481445,1435.9237060546875,258.06451416015625,64.33164978027344,249.61680603027344
2019-02-14,690.718994140625,89.00846862792969,75.49600219726562,487.4313659667969,329.0791015625,44.423667907714844,1455.3929443359375,255.70973205566406,65.14311981201172,242.09385681152344
2019-02-15,682.3707275390625,86.60399627685547,75.40196990966797,485.22540283203125,327.3569030761719,44.12552261352539,1447.720458984375,255.08380126953125,63.15953063964844,238.33236694335938
2019-02-18,689.0294799804688,85.1441421508789,75.21395111083984,482.74237060546875,324.1039123535156,42.83355712890625,1454.9134521484375,253.77224731445312,62.21281051635742,235.6132354736328
2019-02-19,688.781005859375,87.97797393798828,74.55583190917969,481.39111328125,328.40936279296875,43.13170623779297,1419.9072265625,254.44786071777344,63.06937026977539,238.2870635986328
2019-02-20,696.0360717773438,88.4073486328125,74.8848876953125,487.0041198730469,330.27508544921875,44.473358154296875,1420.1951904296875,256.2959899902344,64.10623931884766,242.6376953125
2019-02-21,692.905517578125,88.45028686523438,74.83787536621094,488.7480163574219,336.1112976074219,44.7218132019043,1411.32373046875,256.17669677734375,65.95459747314453,242.90960693359375
2019-02-22,697.7255859375,88.2785415649414,74.69683837890625,483.1003112792969,336.8288269042969,45.26841354370117,1402.9317626953125,245.99246215820312,65.99967193603516,245.58340454101562
2019-02-25,699.365478515625,88.36441040039062,75.9660873413086,490.94244384765625,340.22540283203125,45.616249084472656,1430.16943359375,246.59852600097656,66.27017974853516,244.85830688476562
2019-02-26,705.7757568359375,87.16217041015625,76.8122329711914,487.5352783203125,333.1453552246094,45.21872329711914,1417.60546875,245.64466857910156,64.782470703125,241.4140625
2019-02-27,713.7761840820312,86.7328109741211,76.57718658447266,483.28509521484375,330.60986328125,44.672122955322266,1416.2628173828125,241.67034912109375,64.4668960571289,242.5923614501953
2019-02-28,705.1793212890625,86.7328109741211,78.8336181640625,479.8896179199219,335.010986328125,44.473358154296875,1413.5294189453125,241.06423950195312,65.18820190429688,243.8612823486328
2019-03-01,698.0734252929688,92.82986450195312,80.57293701171875,481.2293395996094,338.9337463378906,47.206356048583984,1452.132080078125,243.61778259277344,69.11032104492188,247.39617919921875
2019-03-05,727.5408325195312,96.65126037597656,83.62850189208984,486.7153625488281,347.544677734375,50.73440933227539,1478.506591796875,246.4991912841797,74.52013397216797,250.56851196289062
2019-03-06,716.1613159179688,96.26482391357422,82.03019714355469,486.0570068359375,355.86846923828125,50.93317413330078,1472.0328369140625,246.6680908203125,74.29471588134766,252.06402587890625
2019-03-07,729.2302856445312,98.92691802978516,82.68831634521484,491.196533203125,354.7681579589844,48.647396087646484,1468.5802001953125,245.8533477783203,77.0447006225586,255.37229919433594
2019-03-08,728.8825073242188,97.55294036865234,82.312255859375,491.58917236328125,354.57684326171875,48.647396087646484,1455.8724365234375,246.191162109375,75.55702209472656,254.8738250732422
2019-03-11,729.9757080078125,99.65685272216797,85.7908935546875,491.6469421386719,359.599853515625,49.790287017822266,1452.6116943359375,248.30751037597656,77.40536499023438,260.447998046875
2019-03-12,737.9761352539062,99.05574035644531,84.94474029541016,501.4754943847656,371.4158935546875,49.54182815551758,1504.8331298828125,251.04981994628906,76.99962615966797,260.0401611328125
2019-03-13,733.4541015625,99.22748565673828,85.60286712646484,514.306884765625,374.9559326171875,49.74059295654297,1569.37890625,250.63250732421875,76.50372314453125,265.70501708984375
2019-03-14,736.0380859375,100.08621978759766,84.61568450927734,513.89111328125,371.12884521484375,50.287193298339844,1613.8319091796875,252.16262817382812,76.14306640625,264.572021484375
2019-03-15,730.572021484375,101.460205078125,85.93192291259766,520.4165649414062,378.20892333984375,51.72822952270508,1633.5406494140625,263.33056640625,77.58570098876953,270.4634704589844
2019-03-18,742.398681640625,103.52118682861328,85.74388885498047,522.368408203125,380.8399963378906,51.92699432373047,1645.5771484375,267.0068664550781,78.12667083740234,270.9620666503906
2019-03-19,756.2130737304688,106.82733917236328,88.18833923339844,523.8235473632812,381.1748962402344,52.225135803222656,1654.5924072265625,267.82159423828125,81.59796142578125,274.67816162109375
2019-03-20,751.0948486328125,107.51432800292969,86.8250961303711,531.0419921875,375.91265869140625,52.02637481689453,1643.275390625,268.586669921875,84.34794616699219,275.3579406738281
2019-03-22,752.3868408203125,103.1347427368164,85.03874969482422,525.763916015625,374.8602600097656,52.47359085083008,1629.0811767578125,265.5363464355469,82.54468536376953,270.1462707519531
2019-03-25,741.1067504882812,101.50314331054688,83.48748016357422,526.9535522460938,366.9190979003906,51.479774475097656,1614.64697265625,260.0517272949219,81.41764831542969,266.4754638671875
2019-03-26,752.4365234375,103.73587799072266,85.2738037109375,533.894775390625,377.0608215332031,52.225135803222656,1644.47412109375,266.86773681640625,83.40122985839844,275.0860900878906
2019-03-27,754.6229248046875,104.37992858886719,86.3080062866211,531.1458740234375,376.1997375488281,53.3680305480957,1730.4072265625,264.8607177734375,84.21271514892578,279.8898620605469
2019-03-28,775.8911743164062,111.72216796875,88.04731750488281,531.9197387695312,383.2319641113281,54.312156677246094,1746.5673828125,266.4305419921875,85.97088623046875,289.1349182128906
2019-04-01,760.8841552734375,113.95487976074219,92.23109436035156,533.9986572265625,381.0313720703125,55.5544319152832,1671.7117919921875,266.1622619628906,87.90940856933594,292.5338439941406
2019-04-02,762.673095703125,114.38426208496094,91.57296752929688,530.0834350585938,379.97894287109375,54.61030578613281,1701.9227294921875,266.1722412109375,88.6307144165039,298.19873046875
2019-04-03,756.8093872070312,113.3967056274414,89.50460052490234,529.5983276367188,375.14727783203125,54.21277618408203,1701.0115966796875,265.1289367675781,85.15941619873047,290.4945068359375
2019-04-04,757.4553833007812,112.66676330566406,89.41057586669922,527.5655517578125,371.9421081542969,53.666175842285156,1665.09423828125,262.8834228515625,84.43811798095703,291.6727600097656
2019-04-05,757.5050659179688,112.15154266357422,92.84220886230469,532.5665283203125,373.66424560546875,53.86494064331055,1695.5926513671875,265.47674560546875,83.94221496582031,287.36749267578125
2019-04-08,749.9517822265625,111.63628387451172,91.33792877197266,528.8244018554688,370.3634338378906,53.86494064331055,1679.33642578125,266.9273681640625,83.94221496582031,283.5153503417969
2019-04-09,758.6976928710938,113.3967056274414,92.27810668945312,528.3277587890625,379.97894287109375,54.312156677246094,1694.777587890625,266.56964111328125,85.06925964355469,285.28277587890625
2019-04-10,756.1633911132812,111.378662109375,91.94904327392578,516.8016357421875,377.156494140625,54.21277618408203,1675.9317626953125,268.24884033203125,84.1676254272461,281.7931823730469
2019-04-11,747.666015625,110.51991271972656,90.67980194091797,521.4559936523438,373.1859130859375,54.06370544433594,1669.41015625,266.91741943359375,83.58155822753906,285.41876220703125
2019-04-12,759.6417846679688,112.62382507324219,90.82083129882812,523.24609375,377.53924560546875,53.86494064331055,1665.7177734375,266.9670715332031,84.1676254272461,285.7359924316406
2019-04-15,758.151123046875,112.28034210205078,91.57296752929688,528.6859130859375,375.7691345214844,53.666175842285156,1677.3223876953125,273.0080261230469,84.61843872070312,286.0532531738281
2019-04-16,766.3502807617188,112.40914154052734,92.27810668945312,532.4395141601562,389.4030456542969,53.31834411621094,1740.861083984375,275.5019836425781,83.6717300415039,286.1891784667969
2019-04-18,766.44970703125,108.67362976074219,91.1968994140625,529.80615234375,386.9154968261719,52.67235565185547,1692.0921630859375,272.1734924316406,81.1922378540039,281.70257568359375
2019-04-22,750.8463134765625,106.31208801269531,89.55160522460938,524.0430297851562,377.4435119628906,51.52946472167969,1621.792236328125,269.6001281738281,78.12667083740234,281.0227966308594
2019-04-23,748.6102294921875,105.71097564697266,89.36356353759766,518.637939453125,379.3570251464844,51.33070373535156,1583.764892578125,269.33184814453125,78.62256622314453,276.6722106933594
2019-04-24,748.212646484375,107.42845916748047,89.64561462402344,526.5953979492188,383.7581787109375,51.77791976928711,1629.7044677734375,271.5971984863281,79.65943908691406,281.65728759765625
2019-04-25,736.3362426757812,104.766357421875,89.73963165283203,522.830322265625,378.3045959472656,52.42390060424805,1614.5509033203125,270.3353271484375,78.21683502197266,277.53326416015625
2019-04-26,755.2193603515625,105.83978271484375,89.97467803955078,526.87255859375,389.59442138671875,51.628849029541016,1629.32080078125,274.0811767578125,79.47911834716797,283.2434387207031
2019-04-30,762.1264038085938,100.1720962524414,87.201171875,535.3036499023438,389.88140869140625,49.641212463378906,1540.7506103515625,275.5318603515625,76.54881286621094,280.9322204589844
2019-05-02,747.7156982421875,99.52804565429688,88.61141967773438,544.162109375,378.4481201171875,50.187808990478516,1497.400390625,279.4664001464844,77.63076782226562,279.3006896972656
2019-05-03,752.6351318359375,102.23307037353516,91.80801391601562,546.9685668945312,384.4278869628906,50.33688735961914,1492.892578125,281.74169921875,78.5774917602539,280.9775390625
2019-05-06,742.8460083007812,99.6139144897461,94.11144256591797,537.8446044921875,383.9494934082031,49.93935775756836,1465.702880859375,280.2712097167969,77.7660140991211,279.844482421875
2019-05-07,737.2803955078125,96.65126037597656,92.79519653320312,536.4356689453125,369.78936767578125,48.448631286621094,1453.7626953125,279.8241271972656,75.69225311279297,276.8534851074219
2019-05-08,730.9695434570312,95.27727508544922,92.70117950439453,532.9476318359375,365.67535400390625,49.044921875,1427.819580078125,278.6417541503906,75.69225311279297,270.3275451660156
2019-05-09,726.4972534179688,95.62075805664062,91.43195343017578,529.1708984375,364.909912109375,48.34925079345703,1416.119140625,275.3231506347656,75.9627456665039,271.27923583984375
2019-05-10,730.5223388671875,97.59587860107422,91.1968994140625,530.4644775390625,368.449951171875,48.846160888671875,1380.968994140625,277.8369445800781,77.7660140991211,279.2100524902344
2019-05-13,727.5905151367188,90.85476684570312,90.72681427001953,528.3162841796875,360.0303955078125,42.684486389160156,1336.2762451171875,276.0882263183594,71.95047760009766,278.167724609375
2019-05-14,726.8450317382812,94.28972625732422,92.32511901855469,528.4779663085938,363.9530944824219,41.491905212402344,1374.0635986328125,274.8164367675781,74.79061889648438,285.192138671875
2019-05-15,717.5030517578125,92.57225036621094,91.57296752929688,528.2008056640625,360.7479553222656,40.498085021972656,1322.5614013671875,277.36993408203125,74.20455932617188,282.88092041015625
2019-05-16,727.342041015625,94.28972625732422,91.85501861572266,533.7329711914062,365.9623107910156,40.89561462402344,1302.6126708984375,280.81768798828125,73.03244018554688,286.1891784667969
2019-05-17,744.3367309570312,96.39363098144531,92.70117950439453,545.6173095703125,372.8510437011719,41.491905212402344,1317.33447265625,290.12762451171875,74.61029052734375,289.3615417480469
2019-05-20,777.5806274414062,105.53923034667969,97.40204620361328,561.84423828125,390.0727844238281,42.78386688232422,1433.478271484375,298.58306884765625,79.65943908691406,312.42889404296875
2019-05-21,768.1889038085938,108.02957916259766,95.23966217041016,555.2263793945312,382.8492126464844,43.13170623779297,1388.4976806640625,295.67181396484375,77.63076782226562,305.9482421875
2019-05-22,774.3507080078125,108.33013153076172,95.33367919921875,555.7000122070312,387.82440185546875,42.3863410949707,1456.7357177734375,297.13238525390625,76.27831268310547,309.1659240722656
2019-05-23,771.6176147460938,109.5323715209961,96.22684478759766,538.6878051757812,393.0866394042969,41.7900505065918,1533.3177490234375,298.0266418457031,75.46684265136719,310.1629638671875
2019-05-24,788.3141479492188,117.94803619384766,99.37642669677734,548.2160034179688,413.0829772949219,44.77149963378906,1581.4151611328125,300.40130615234375,79.52420043945312,322.08184814453125
2019-05-27,808.8866577148438,121.03949737548828,101.5858383178711,556.3005981445312,416.6708679199219,45.616249084472656,1546.7926025390625,303.9186096191406,80.47090911865234,327.8373107910156
2019-05-28,803.4205322265625,120.05195617675781,101.11575317382812,558.1138305664062,415.5227355957031,45.26841354370117,1553.3623046875,300.2622375488281,77.72093200683594,326.3417663574219
2019-05-29,799.7433471679688,117.08927917480469,101.20977783203125,558.275390625,404.9983215332031,45.56655502319336,1542.8125,300.8385009765625,73.70866394042969,316.0090637207031
2019-05-30,802.5757446289062,116.01586151123047,101.63284301757812,563.50732421875,407.7729797363281,45.46717834472656,1521.95263671875,305.1009826660156,73.43815612792969,320.4502868652344
2019-05-31,803.321044921875,114.42718505859375,100.9277114868164,560.227294921875,405.3810729980469,45.11934280395508,1539.6474609375,302.4779052734375,72.71686553955078,319.49859619140625
2019-06-03,807.644287109375,112.96733093261719,101.16275024414062,567.5612182617188,404.6156005859375,45.01995849609375,1594.602294921875,304.2862243652344,73.9791488647461,322.1724548339844
2019-06-04,817.7318115234375,113.8690185546875,101.35079193115234,566.452392578125,400.9799499511719,45.21872329711914,1570.961181640625,304.30609130859375,74.29471588134766,319.4079895019531
2019-06-06,802.7247924804688,106.78439331054688,98.71830749511719,559.7652587890625,393.7563781738281,42.13788986206055,1460.332275390625,300.9080505371094,71.7250747680664,305.3591003417969
2019-06-07,799.047607421875,104.16524505615234,99.56444549560547,565.3783569335938,398.5880432128906,42.286956787109375,1488.6727294921875,300.42120361328125,71.40948486328125,310.0269470214844
2019-06-10,809.1350708007812,101.28845977783203,99.09436798095703,563.657470703125,398.109619140625,41.939125061035156,1488.145263671875,298.5929870605469,69.74146270751953,312.0663146972656
2019-06-11,809.7810668945312,104.16524505615234,101.06873321533203,565.5516357421875,403.1326599121094,42.286956787109375,1525.5010986328125,299.6064453125,70.8685073852539,314.60418701171875
2019-06-12,808.5386962890625,104.16524505615234,98.81231689453125,560.6199951171875,399.927490234375,42.3863410949707,1505.6004638671875,294.7975158691406,71.40948486328125,311.7944030761719
2019-06-13,815.09814453125,103.9505615234375,100.31658935546875,564.6969604492188,401.45831298828125,41.7900505065918,1427.91552734375,298.87115478515625,68.70458984375,314.06036376953125
2019-06-14,796.264892578125,102.27600860595703,99.6584701538086,562.4795532226562,399.68829345703125,41.541595458984375,1368.405029296875,292.87982177734375,69.20049285888672,311.61309814453125
2019-06-17,772.90966796875,100.12915802001953,99.70549011230469,559.4535522460938,396.2917785644531,41.14406967163086,1342.3663330078125,290.1971740722656,68.47917175292969,306.2201843261719
2019-06-18,770.9715576171875,100.04327392578125,98.6242904663086,558.3563232421875,403.8980407714844,40.69684982299805,1351.3336181640625,290.4952697753906,68.0283432006836,308.2142028808594
2019-06-19,765.9527587890625,99.44217681884766,97.82513427734375,560.9202880859375,401.6496276855469,40.2496337890625,1324.8150634765625,297.63916015625,67.98326873779297,307.1265563964844
2019-06-20,766.6484375,101.76077270507812,97.82513427734375,563.9418334960938,414.66168212890625,41.83973693847656,1376.8448486328125,301.7227783203125,69.38080596923828,312.83673095703125
2019-06-21,766.300537109375,101.37433624267578,96.6969223022461,561.1177978515625,412.1740417480469,42.13788986206055,1389.36083984375,296.04937744140625,69.33572387695312,316.6888122558594
2019-06-24,758.151123046875,101.54608917236328,96.74392700195312,561.9893798828125,410.8824462890625,42.13788986206055,1401.73291015625,292.2340393066406,69.2906494140625,320.1330871582031
2019-06-25,776.8353271484375,103.04887390136719,97.73112487792969,564.4879760742188,414.9008483886719,42.18757629394531,1390.31982421875,294.8769226074219,69.51605224609375,323.1694030761719
2019-06-26,783.7424926757812,104.2940444946289,98.20120239257812,573.5989379882812,419.68463134765625,42.58510208129883,1376.0777587890625,296.2083435058594,71.13899993896484,324.6196594238281
2019-06-27,795.5194702148438,104.25111389160156,102.05591583251953,572.2974853515625,421.8852233886719,42.634796142578125,1390.8472900390625,294.4199523925781,70.32752990722656,328.24517822265625
2019-06-28,803.5695190429688,104.42285919189453,101.91488647460938,567.9859619140625,418.2016906738281,42.98263168334961,1352.772216796875,293.5257263183594,71.7250747680664,327.429443359375
2019-07-01,805.4578247070312,104.12230682373047,102.52600860595703,577.7012939453125,420.01953125,43.9764518737793,1374.9267578125,294.3404541015625,72.89718627929688,327.7013244628906
2019-07-02,797.6561889648438,103.47825622558594,102.00889587402344,579.897705078125,417.8667907714844,44.12552261352539,1358.5745849609375,292.41290283203125,72.44636535644531,330.3751525878906
2019-07-03,801.2340698242188,107.7719497680664,103.23113250732422,578.6541748046875,417.1014404296875,44.672122955322266,1410.4124755859375,293.1083679199219,73.25784301757812,331.8706970214844
2019-07-04,804.8660278320312,111.12103271484375,102.33796691894531,577.2945556640625,417.3406066894531,44.7218132019043,1431.99169921875,297.63916015625,73.9791488647461,333.003662109375
2019-07-05,802.1295776367188,112.02272033691406,100.9277114868164,574.6448974609375,417.4841003417969,43.13170623779297,1469.8271484375,301.49432373046875,73.75374603271484,335.9493713378906
2019-07-08,779.0438842773438,107.04202270507812,98.81231689453125,560.0486450195312,407.4858703613281,41.83973693847656,1416.0709228515625,293.1679992675781,65.63903045654297,322.0364990234375
2019-07-09,782.32763671875,108.11544799804688,100.36358642578125,552.9713745117188,409.9734802246094,42.684486389160156,1431.032470703125,290.6939697265625,67.03656005859375,325.8432922363281
2019-07-10,765.4610595703125,106.69852447509766,99.00035095214844,555.2027587890625,412.2697448730469,42.3863410949707,1426.3809814453125,293.27734375,65.59394836425781,321.03948974609375
2019-07-11,762.6251220703125,108.2013168334961,98.5772705078125,559.4791259765625,408.1077880859375,42.485721588134766,1478.1708984375,295.0856628417969,67.2168960571289,329.1968688964844
2019-07-12,752.0772705078125,108.15838623046875,99.89350891113281,556.3995971679688,408.5861511230469,42.83355712890625,1447.720458984375,294.9862060546875,67.98326873779297,329.5594482421875
2019-07-15,746.0571899414062,104.766357421875,100.31658935546875,556.5972290039062,404.04156494140625,42.088191986083984,1414.7281494140625,299.8475036621094,66.22509002685547,326.3417663574219
2019-07-16,757.301513671875,106.65557861328125,100.78667449951172,555.7721557617188,406.24212646484375,41.7900505065918,1412.9058837890625,298.5252990722656,68.2988510131836,330.2391662597656
2019-07-17,748.8931884765625,109.31768035888672,98.26225280761719,557.2247314453125,406.3377685546875,42.93294143676758,1439.80810546875,305.1163330078125,67.93818664550781,337.53558349609375
2019-07-18,736.7532348632812,104.20817565917969,94.45178985595703,560.5833129882812,400.5494079589844,41.541595458984375,1411.2276611328125,305.8420104980469,65.99967193603516,329.6047058105469
2019-07-19,725.6581420898438,101.3313980102539,94.11837005615234,552.157958984375,392.56036376953125,40.00117492675781,1363.9454345703125,298.01824951171875,65.63903045654297,322.67095947265625
2019-07-22,723.866943359375,101.6319580078125,91.07001495361328,533.9359741210938,394.67041015625,39.901798248291016,1360.3487548828125,289.15069580078125,65.36854553222656,318.0030822753906
2019-07-23,724.4142456054688,96.60832214355469,89.68870544433594,526.091552734375,395.10198974609375,38.808597564697266,1358.766357421875,297.04400634765625,61.67182922363281,310.1629638671875
2019-07-24,708.7916870117188,94.63322448730469,88.64083862304688,530.1358032226562,391.7930908203125,37.367557525634766,1306.2572021484375,297.6803283691406,61.49149703979492,307.80633544921875
2019-07-25,719.5881958007812,94.07503509521484,88.06927490234375,531.332763671875,392.27264404296875,38.70921325683594,1334.6937255859375,295.26458740234375,59.55299377441406,309.34716796875
2019-07-26,726.255126953125,96.65126037597656,90.78422546386719,529.2990112304688,398.7466125488281,42.088191986083984,1357.567626953125,300.5930480957031,61.31117248535156,310.5254821777344
2019-07-29,716.7025146484375,93.60272216796875,89.11714935302734,521.6290283203125,411.7903747558594,41.243446350097656,1373.6800537109375,298.73406982421875,62.48331069946289,311.61309814453125
2019-07-30,704.11474609375,88.14973449707031,86.30692291259766,523.476806640625,407.9539794921875,39.553958892822266,1282.568115234375,297.9785461425781,60.31938171386719,296.88446044921875
2019-07-31,670.7797241210938,91.62761688232422,88.02163696289062,523.33740234375,407.23468017578125,41.690670013427734,1355.0260009765625,302.1239929199219,62.39314651489258,301.0991516113281
2019-08-01,666.00341796875,90.64008331298828,85.25906372070312,517.5487060546875,399.9934387207031,41.29314041137695,1341.4072265625,297.4019470214844,60.860355377197266,287.4581298828125
2019-08-02,670.531005859375,90.0818862915039,83.16329193115234,515.8133544921875,393.8072204589844,41.09437561035156,1326.3017578125,299.748046875,60.99560546875,279.5726318359375
2019-08-05,659.1871948242188,88.5791015625,83.25855255126953,507.6370544433594,386.1823425292969,40.845924377441406,1331.3848876953125,290.30389404296875,60.048892974853516,272.14031982421875
2019-08-06,675.6557006835938,89.48077392578125,83.9730224609375,509.9316101074219,393.4715576171875,41.44221115112305,1359.10205078125,295.3143005371094,61.266090393066406,273.1826477050781
2019-08-07,656.699462890625,83.81307983398438,82.68699645996094,508.7435302734375,391.6971740722656,41.09437561035156,1367.9735107421875,293.52490234375,57.74972152709961,262.75927734375
2019-08-08,656.8486938476562,85.91699981689453,83.16329193115234,520.192626953125,397.4518127441406,42.18757629394531,1363.3455810546875,298.7837829589844,60.09397506713867,266.79266357421875
2019-08-09,657.5453491210938,85.74525451660156,83.73486328125,531.5718383789062,402.9666748046875,44.075828552246094,1362.718994140625,304.6192626953125,60.003807067871094,264.0735168457031
2019-08-13,646.2511596679688,84.2424545288086,79.35284423828125,517.2109985351562,393.4715576171875,42.88325119018555,1324.201416015625,300.5035705566406,58.921844482421875,256.822509765625
2019-08-14,659.9334106445312,86.81867218017578,80.49597930908203,519.3307495117188,400.2331848144531,44.02613830566406,1350.6190185546875,296.6066589355469,59.1021728515625,262.6233215332031
2019-08-16,672.3221435546875,87.97797393798828,81.25807189941406,518.9231567382812,401.81573486328125,45.46717834472656,1387.497314453125,298.0282287597656,61.40134048461914,263.6656494140625
2019-08-19,681.6260986328125,88.1067886352539,81.63912200927734,514.0663452148438,406.083740234375,45.169029235839844,1390.7755126953125,297.51129150390625,60.680030822753906,259.9948425292969
2019-08-20,669.038330078125,84.75769805908203,80.734130859375,517.2692260742188,399.8495788574219,44.622432708740234,1354.4755859375,299.2509765625,59.147247314453125,257.13970947265625
2019-08-21,661.4261474609375,81.45154571533203,78.30496215820312,518.4921264648438,395.1979064941406,43.181396484375,1318.175537109375,299.3802185058594,57.74972152709961,251.4295196533203
2019-08-22,657.8935546875,77.84484100341797,76.59025573730469,506.4375,382.77752685546875,42.73417663574219,1287.7568359375,293.9125671386719,55.40546417236328,243.4080810546875
2019-08-23,660.630126953125,80.29225158691406,76.87603759765625,503.78192138671875,379.2288818359375,43.23108673095703,1263.5086669921875,292.3120422363281,57.34397888183594,245.7193603515625
2019-08-26,680.3325805664062,81.62329864501953,79.06705474853516,525.5501708984375,394.8143005371094,43.03232192993164,1300.14599609375,300.781982421875,59.282501220703125,253.96742248535156
2019-08-27,679.586181640625,83.55546569824219,80.06730651855469,526.435546875,401.4800720214844,42.98263168334961,1336.39794921875,298.5451965332031,60.544795989990234,258.9525146484375
2019-08-28,674.859619140625,81.15099334716797,77.97154235839844,523.5352783203125,396.0611572265625,41.889434814453125,1316.8740234375,294.9862060546875,59.19233322143555,258.2273864746094
2019-08-29,657.8935546875,78.83238983154297,76.59025573730469,518.7484130859375,387.86077880859375,42.73417663574219,1302.1226806640625,288.4648132324219,58.6513557434082,248.8010711669922
2019-08-30,660.630126953125,79.5193862915039,78.97179412841797,518.9813232421875,392.89605712890625,43.2807731628418,1345.7017822265625,284.6075744628906,58.51611328125,248.2119140625
2019-09-03,642.5197143554688,78.53182983398438,77.5428695678711,515.0213012695312,376.11181640625,42.73417663574219,1295.7591552734375,281.19775390625,53.5571174621582,243.27215576171875
2019-09-04,644.1117553710938,80.1205062866211,78.06680297851562,523.5935668945312,381.24298095703125,42.436031341552734,1270.3538818359375,283.6134338378906,54.007938385009766,249.34486389160156
2019-09-05,646.4004516601562,80.5069351196289,77.16182708740234,520.658447265625,373.090576171875,42.634796142578125,1261.1947021484375,280.3725891113281,55.08989715576172,247.71337890625
2019-09-06,667.7945556640625,81.06511688232422,79.20994567871094,523.16259765625,375.3445739746094,42.684486389160156,1283.369873046875,286.6156921386719,55.27022171020508,248.3025360107422
2019-09-09,668.2423095703125,82.05267333984375,82.16305541992188,524.0245361328125,379.27685546875,42.88325119018555,1287.130126953125,292.5307312011719,56.44234848022461,251.97340393066406
2019-09-11,678.3424072265625,85.05826568603516,81.63912200927734,524.42041015625,378.4616394042969,43.578922271728516,1322.9481201171875,293.3061828613281,58.47102355957031,258.5446472167969
2019-09-12,659.6348876953125,86.81867218017578,81.6867446899414,528.9745483398438,386.2303161621094,42.88325119018555,1340.3990478515625,289.7969055175781,58.200538635253906,260.17608642578125
2019-09-13,670.9290161132812,85.83112335205078,83.02041625976562,525.8531494140625,396.4927062988281,42.03850173950195,1348.4495849609375,295.10552978515625,58.51611328125,264.3907470703125
2019-09-16,667.5955810546875,84.88652038574219,81.44859313964844,522.7550048828125,395.2938232421875,42.33665084838867,1326.61181640625,293.2564392089844,58.200538635253906,258.0461120605469
2019-09-17,637.2955322265625,81.70917510986328,79.7815170288086,515.114501953125,384.26416015625,41.44221115112305,1284.8162841796875,287.9577941894531,56.26202392578125,248.3025360107422
2019-09-18,645.2064208984375,82.39615631103516,80.5436019897461,509.6170959472656,383.017333984375,41.243446350097656,1282.6953125,291.22845458984375,56.75791931152344,254.14869689941406
2019-09-19,635.0565795898438,81.23685455322266,79.4957275390625,512.9598388671875,370.788818359375,40.3490104675293,1236.2716064453125,288.81268310546875,55.856285095214844,248.39317321777344
2019-09-20,676.9989624023438,86.13168334960938,90.30792236328125,558.8724975585938,400.425048828125,42.83355712890625,1368.6966552734375,305.9613342285156,59.2374153137207,273.4545593261719
2019-09-23,721.9266357421875,86.47518920898438,91.35579681396484,585.7305908203125,428.047119140625,43.03232192993164,1457.349609375,326.1917419433594,60.274295806884766,284.3764343261719
2019-09-24,700.9305419921875,85.18706512451172,89.83159637451172,584.1234741210938,422.8680114746094,42.53541564941406,1461.92919921875,321.7182312011719,59.643157958984375,274.27032470703125
2019-09-25,691.5271606445312,80.29225158691406,87.73585510253906,577.5543823242188,416.4420166015625,42.684486389160156,1449.9737548828125,318.4375915527344,57.073490142822266,254.01272583007812
2019-09-26,696.4527587890625,82.22441864013672,89.16476440429688,578.85888671875,433.46612548828125,43.33046340942383,1492.49267578125,323.4578857421875,56.62267303466797,255.4629364013672
2019-09-27,697.149169921875,81.6662368774414,89.16476440429688,579.65087890625,430.8285827636719,42.237266540527344,1427.7021484375,326.7683410644531,56.66775894165039,254.8738250732422
2019-09-30,681.6260986328125,79.90582275390625,86.11640930175781,571.8473510742188,415.96246337890625,39.95148468017578,1333.939208984375,326.9571838378906,55.856285095214844,245.4474334716797
2019-10-01,675.804931640625,78.40303039550781,83.59197998046875,581.7938842773438,407.23468017578125,38.41107177734375,1251.505126953125,327.7028503417969,52.92597198486328,231.98770141601562
2019-10-03,665.10791015625,78.05953216552734,84.59222412109375,570.0304565429688,409.8241882324219,36.920345306396484,1210.4808349609375,321.2509765625,53.24154281616211,230.35623168945312
2019-10-04,653.1669311523438,76.08441925048828,81.6867446899414,554.2603149414062,396.97222900390625,37.81477737426758,1219.9295654296875,310.7927551269531,52.2497444152832,226.5494384765625
2019-10-07,670.1329345703125,74.92512512207031,80.87702178955078,552.9559326171875,399.0823059082031,37.21848678588867,1196.549072265625,309.3016052246094,51.61860275268555,225.77903747558594
2019-10-09,682.919677734375,78.18833923339844,81.82964324951172,572.1734619140625,418.83978271484375,38.16261672973633,1261.72509765625,320.574951171875,52.7005615234375,236.51962280273438
2019-10-10,669.6354370117188,75.39743041992188,80.30545806884766,559.3150024414062,406.3714599609375,36.721580505371094,1184.448974609375,315.09735107421875,50.89729690551758,230.35623168945312
2019-10-11,669.38671875,78.01658630371094,80.16256713867188,558.4998168945312,411.02313232421875,37.21848678588867,1179.3389892578125,315.683837890625,51.30303192138672,230.7187957763672
2019-10-14,680.1334838867188,75.8268051147461,79.30520629882812,561.1087036132812,411.3108215332031,37.51662826538086,1205.756591796875,315.23651123046875,51.66368103027344,231.53453063964844
2019-10-15,686.6511840820312,75.56918334960938,80.92465209960938,569.7974853515625,414.18817138671875,38.21230697631836,1226.6302490234375,321.22113037109375,52.20466232299805,234.25367736816406
2019-10-16,689.9847412109375,74.96806335449219,78.35260009765625,568.8888549804688,417.49700927734375,38.95766830444336,1228.7994384765625,319.222900390625,51.708763122558594,232.07835388183594
2019-10-17,706.801513671875,76.42791748046875,80.35307312011719,568.37646484375,422.5802917480469,39.703033447265625,1292.04736328125,319.024169921875,53.24154281616211,240.5983123779297
2019-10-18,706.0551147460938,77.11491394042969,80.01966857910156,572.5695190429688,419.89483642578125,39.4545783996582,1294.505859375,321.1515197753906,54.32350540161133,244.4051055908203
2019-10-22,709.2393798828125,77.41546630859375,79.59099578857422,577.3680419921875,432.69879150390625,39.553958892822266,1292.9150390625,323.85552978515625,54.77432632446289,245.17552185058594
2019-10-23,711.3290405273438,79.39057159423828,79.35284423828125,578.4396362304688,436.48724365234375,39.40488815307617,1284.8162841796875,320.83343505859375,55.27022171020508,249.66209411621094
2019-10-24,704.21435546875,77.2007827758789,77.16182708740234,575.877197265625,436.15155029296875,38.609832763671875,1236.9947509765625,320.7439880371094,53.87268829345703,237.92449951171875
2019-10-25,705.1098022460938,78.61771392822266,76.4473648071289,572.5695190429688,449.9146728515625,40.398704528808594,1226.4375,315.8528747558594,54.72924041748047,255.19102478027344
2019-10-27,706.6023559570312,78.66064453125,77.0189208984375,576.6226196289062,450.34625244140625,41.39252471923828,1230.87255859375,316.7276916503906,54.95465087890625,255.41761779785156
2019-10-29,734.8128051757812,79.90582275390625,78.20970153808594,578.85888671875,457.87518310546875,41.491905212402344,1268.136474609375,313.2581787109375,55.856285095214844,254.37525939941406
2019-10-30,743.7186889648438,82.05267333984375,78.16207122802734,581.5842895507812,451.8808288574219,42.237266540527344,1250.685546875,313.92425537109375,57.434146881103516,262.75927734375
2019-10-31,732.72314453125,83.46958923339844,79.82914733886719,573.1983642578125,444.1120910644531,44.37397766113281,1266.1119384765625,313.0494384765625,58.921844482421875,283.15283203125
2019-11-01,744.6143188476562,85.87406158447266,81.9725341796875,577.7174682617188,443.3448486328125,43.62861633300781,1330.3719482421875,314.12310791015625,60.544795989990234,284.1951599121094
2019-11-04,738.9423217773438,87.5486068725586,84.211181640625,576.2265625,451.25738525390625,43.42985153198242,1303.809814453125,312.3634948730469,61.49149703979492,284.87493896484375
2019-11-05,734.4147338867188,87.50566864013672,80.40071868896484,577.461181640625,449.1953430175781,42.78386688232422,1272.7645263671875,308.9536437988281,58.380863189697266,289.3161926269531
2019-11-06,743.5695190429688,85.40174102783203,80.49597930908203,585.4511108398438,461.0402526855469,42.237266540527344,1294.8433837890625,312.3634948730469,57.930049896240234,287.8206481933594
2019-11-07,731.1310424804688,82.61084747314453,79.97203826904297,588.7354736328125,458.9781799316406,42.18757629394531,1332.3485107421875,314.9382629394531,55.856285095214844,288.364501953125
2019-11-08,721.9266357421875,80.54987335205078,78.25732421875,584.9619140625,469.43243408203125,41.889434814453125,1371.7818603515625,318.1691589355469,55.40546417236328,286.4158020019531
2019-11-11,730.086181640625,82.86847686767578,79.20994567871094,589.2246704101562,476.4817810058594,42.286956787109375,1393.234130859375,321.4795837402344,55.63087463378906,288.4551086425781
2019-11-13,707.6970825195312,80.16344451904297,78.63838958740234,585.8704223632812,465.8837585449219,41.591285705566406,1363.4903564453125,319.2726745605469,54.368587493896484,278.0770568847656
2019-11-14,712.3738403320312,80.1205062866211,80.49597930908203,593.487548828125,478.2561340332031,41.44221115112305,1325.7923583984375,317.6422424316406,54.368587493896484,277.35198974609375
2019-11-15,713.368896484375,80.97923278808594,80.30545806884766,595.35107421875,479.4070739746094,41.98881149291992,1310.2696533203125,322.6427307128906,55.81120681762695,291.7633972167969
2019-11-18,719.38916015625,82.35323333740234,82.78225708007812,587.9668579101562,477.9684143066406,42.237266540527344,1325.117431640625,323.5274963378906,56.26202392578125,294.6638488769531
2019-11-19,744.1167602539062,85.01532745361328,83.68724060058594,592.5557861328125,473.3167419433594,42.53541564941406,1342.8094482421875,322.8514709472656,57.839881896972656,299.4676208496094
2019-11-20,745.0620727539062,84.92945861816406,84.4493408203125,593.2313842773438,474.75543212890625,42.88325119018555,1416.614501953125,318.0101013183594,57.614479064941406,298.0174255371094
2019-11-21,733.7680053710938,84.67183685302734,83.68724060058594,597.8901977539062,477.8725280761719,42.83355712890625,1394.294677734375,317.175048828125,57.028411865234375,300.3287353515625
2019-11-22,728.494140625,85.1011962890625,83.63961029052734,589.2246704101562,476.4817810058594,42.73417663574219,1394.294677734375,311.9757995605469,57.389068603515625,298.4705810546875
2019-11-25,751.0325927734375,86.34637451171875,85.25906372070312,592.1829833984375,477.4408874511719,43.2807731628418,1443.176513671875,318.84521484375,58.06528854370117,304.634033203125
2019-11-26,748.5447998046875,85.78819274902344,83.49671936035156,594.0233764648438,489.8133239746094,42.88325119018555,1461.5435791015625,318.9942932128906,56.98332977294922,304.0902099609375
2019-11-27,749.1917114257812,87.72035217285156,83.30619049072266,595.583984375,484.82598876953125,43.2807731628418,1471.618896484375,321.6783752441406,57.434146881103516,311.3865051269531
2019-11-28,746.9029541015625,91.37000274658203,86.59271240234375,589.4810180664062,497.91778564453125,44.02613830566406,1512.016357421875,321.10186767578125,60.36445617675781,316.59820556640625
2019-11-29,735.4098510742188,90.0818862915039,84.6874771118164,593.9767456054688,491.6355895996094,46.56037521362305,1512.8358154296875,321.1416015625,59.147247314453125,309.845703125
2019-12-02,740.6339721679688,89.65251922607422,83.11566162109375,589.6906127929688,490.0050964355469,46.610069274902344,1519.488525390625,324.6806945800781,59.282501220703125,306.809326171875
2019-12-03,729.7877197265625,86.81867218017578,82.0201644897461,584.8687744140625,488.5185241699219,44.870887756347656,1489.3106689453125,327.4145202636719,56.71284103393555,304.7699279785156
2019-12-04,736.2058715820312,89.09435272216797,83.73486328125,583.1217041015625,507.604736328125,45.51686477661133,1488.9251708984375,328.30926513671875,57.47922897338867,309.845703125
2019-12-05,725.6581420898438,87.80623626708984,82.63935089111328,580.3031005859375,506.50164794921875,44.324283599853516,1455.614013671875,327.9215087890625,56.17185974121094,304.7246398925781
2019-12-06,714.0655517578125,83.34078216552734,80.16256713867188,580.5126953125,503.3367004394531,43.03232192993164,1413.2882080078125,332.8921203613281,54.27842712402344,290.0412902832031
2019-12-09,728.39453125,83.2549057006836,80.2578125,579.0684814453125,504.96710205078125,42.436031341552734,1398.006591796875,329.89984130859375,54.819400787353516,287.05029296875
2019-12-10,712.1748657226562,82.0956039428711,79.63861083984375,582.1200561523438,507.0771484375,41.83973693847656,1360.9833984375,330.5261535644531,53.782527923583984,284.0592041015625
2019-12-11,713.0206298828125,82.18147277832031,80.16256713867188,581.7706298828125,511.728759765625,42.684486389160156,1369.7088623046875,335.3277282714844,53.69235610961914,283.5153503417969
2019-12-12,718.5433349609375,84.0707015991211,81.25807189941406,588.6889038085938,513.4551391601562,42.93294143676758,1392.3663330078125,341.1036071777344,54.819400787353516,291.71807861328125
2019-12-13,748.2960815429688,87.37686157226562,82.82987976074219,588.805419921875,515.085693359375,43.38016128540039,1432.1370849609375,336.5604553222656,58.11037063598633,301.4163513183594
2019-12-16,743.5695190429688,86.7328109741211,81.9249038696289,585.7772216796875,517.1956176757812,42.78386688232422,1439.850341796875,338.7873229980469,57.434146881103516,300.78192138671875
2019-12-17,741.9773559570312,87.76329040527344,81.87725830078125,592.1829833984375,519.0179443359375,42.53541564941406,1439.2236328125,340.64630126953125,58.33578109741211,301.73358154296875
2019-12-18,738.196044921875,84.92945861816406,81.9249038696289,602.0830688476562,519.2577514648438,42.33665084838867,1446.985107421875,342.84332275390625,56.98332977294922,296.3406982421875
2019-12-19,738.892578125,84.62889862060547,82.59172821044922,600.4292602539062,518.1068115234375,43.47953796386719,1436.4759521484375,343.86724853515625,57.34397888183594,297.42828369140625
2019-12-20,736.2058715820312,86.47518920898438,83.35382080078125,604.1096801757812,523.7654418945312,43.13170623779297,1434.595703125,336.550537109375,58.29069900512695,306.2201843261719
2019-12-23,739.4896850585938,85.6164321899414,81.82964324951172,606.7652587890625,519.1618041992188,42.78386688232422,1442.6463623046875,338.9761657714844,57.389068603515625,301.2803649902344
2019-12-24,737.0020751953125,85.78819274902344,81.59148406982422,600.59228515625,518.969970703125,43.2807731628418,1467.2801513671875,340.2983703613281,57.253822326660156,300.4193420410156
2019-12-26,732.8724365234375,85.05826568603516,81.59148406982422,591.8803100585938,516.7161254882812,43.33046340942383,1461.0615234375,336.85870361328125,56.62267303466797,298.9691162109375
2019-12-27,756.4059448242188,89.52371215820312,84.02063751220703,594.0,526.9305419921875,44.423667907714844,1470.2208251953125,335.13885498046875,58.921844482421875,305.67633056640625
2019-12-30,750.3857421875,88.36441040039062,83.40145111083984,597.3311767578125,521.7034301757812,44.672122955322266,1476.48779296875,336.09320068359375,58.06528854370117,303.09320068359375
2019-12-31,750.3857421875,87.50566864013672,83.7824935913086,592.6488647460938,516.8599853515625,44.870887756347656,1455.8551025390625,334.89031982421875,58.020206451416016,302.5039978027344
2020-01-01,745.0123901367188,87.50566864013672,84.54460144042969,595.6771240234375,514.7979736328125,45.51686477661133,1431.0765380859375,332.8424377441406,58.33578109741211,303.1385498046875
2020-01-02,753.2217407226562,89.6954574584961,87.87874603271484,599.47412109375,518.4903564453125,45.864707946777344,1474.1739501953125,332.3453674316406,60.1390495300293,307.5343933105469
2020-01-03,739.2907104492188,86.60399627685547,86.64033508300781,590.9251708984375,516.81201171875,45.169029235839844,1474.029052734375,329.47235107421875,58.6513557434082,302.45867919921875
2020-01-06,719.6876831054688,82.2673568725586,82.9727783203125,578.1367797851562,504.19989013671875,43.38016128540039,1416.7108154296875,328.5677185058594,55.36038589477539,289.1349182128906
2020-01-07,722.1754150390625,82.56791687011719,83.21092987060547,587.2913818359375,501.51434326171875,43.23108673095703,1409.2388916015625,332.2062072753906,55.7661247253418,288.5910949707031
2020-01-08,720.9315185546875,81.8379898071289,82.82987976074219,585.7539672851562,504.43963623046875,42.83355712890625,1406.298095703125,329.02496337890625,54.86448669433594,289.8600158691406
2020-01-09,739.1911010742188,83.55546569824219,85.40193939208984,592.3228149414062,523.957275390625,44.075828552246094,1453.58935546875,331.0530090332031,56.44234848022461,299.2863464355469
2020-01-10,736.4049072265625,83.34078216552734,84.59222412109375,597.5872802734375,518.1548461914062,43.67830276489258,1437.7774658203125,334.95989990234375,56.30710220336914,301.14447021484375
2020-01-13,733.7680053710938,83.77014923095703,85.78299713134766,599.1246948242188,516.5723266601562,44.02613830566406,1484.44189453125,336.2323913574219,56.98332977294922,299.7848815917969
2020-01-14,744.2162475585938,83.9848403930664,86.87849426269531,600.7553100585938,515.6131591796875,44.324283599853516,1428.521728515625,333.38916015625,56.62267303466797,297.2923278808594
2020-01-15,742.6241455078125,84.15658569335938,86.73561096191406,598.3094482421875,513.6949462890625,44.7218132019043,1350.281494140625,333.150634765625,57.163658142089844,293.8934326171875
2020-01-16,733.66845703125,83.85601806640625,88.54557037353516,599.8934936523438,515.181640625,44.7218132019043,1336.7352294921875,338.3100891113281,57.11857604980469,293.0323181152344
2020-01-17,736.2556762695312,83.59840393066406,87.2595443725586,595.467529296875,510.29010009765625,43.23108673095703,1303.76171875,337.6241760253906,57.028411865234375,288.228515625
2020-01-20,723.6182861328125,81.32273864746094,89.30767059326172,584.6358642578125,512.9755859375,42.78386688232422,1284.1895751953125,321.6783752441406,55.540714263916016,284.60302734375
2020-01-21,714.0655517578125,81.36567687988281,90.11738586425781,579.720703125,509.3311462402344,42.93294143676758,1288.4317626953125,323.1099548339844,55.40546417236328,284.33111572265625
2020-01-22,709.090087890625,80.97923278808594,89.30767059326172,578.0902099609375,501.46636962890625,43.08201217651367,1279.802734375,315.23651123046875,54.999732971191406,286.55169677734375
2020-01-23,719.4389038085938,81.4944839477539,90.02213287353516,579.9536743164062,506.1180419921875,43.33046340942383,1284.044921875,319.2826232910156,55.721038818359375,292.9417419433594
2020-01-24,733.7680053710938,82.0956039428711,91.45104217529297,579.8139038085938,512.0165405273438,43.72799301147461,1268.9078369140625,326.6589660644531,56.216941833496094,293.712158203125
2020-01-27,736.6039428710938,79.30469512939453,91.11763000488281,565.2084350585938,515.2775268554688,43.47953796386719,1225.6177978515625,321.7679443359375,55.31529998779297,286.5970764160156
2020-01-28,733.5192260742188,80.03463745117188,90.78422546386719,569.8673706054688,506.59759521484375,43.03232192993164,1209.7578125,323.298828125,54.54891586303711,285.6000671386719
2020-01-29,731.6286010742188,80.46399688720703,90.35555267333984,575.7606811523438,505.0630187988281,43.777687072753906,1213.13232421875,326.16192626953125,54.95465087890625,286.82366943359375
2020-01-30,727.3001098632812,79.9487533569336,88.59320068359375,571.1951293945312,510.43402099609375,40.498085021972656,1187.34130859375,323.7362365722656,54.053016662597656,281.6119689941406
2020-01-31,725.7078857421875,79.60525512695312,87.0213851928711,571.3115844726562,504.1518859863281,40.44839859008789,1213.710693359375,336.36163330078125,54.50383377075195,288.6364440917969
2020-02-03,705.4581298828125,73.76582336425781,84.211181640625,555.7045288085938,494.4649353027344,38.95766830444336,1217.808349609375,333.2798156738281,51.708763122558594,270.19158935546875
2020-02-04,711.4783325195312,74.79630279541016,85.49720764160156,572.942138671875,509.0912170410156,40.29932403564453,1227.0159912109375,337.6639404296875,51.21286392211914,277.5785827636719
2020-02-05,720.4837036132812,75.69798278808594,86.54508209228516,579.8604125976562,517.0517578125,40.79623031616211,1227.1605224609375,335.9640197753906,51.30303192138672,281.8838806152344
2020-02-06,733.3201904296875,78.7035903930664,88.11689758300781,577.60107421875,519.4495239257812,41.7900505065918,1286.406982421875,332.8324890136719,52.880889892578125,291.8087158203125
2020-02-07,744.465087890625,79.04707336425781,86.92611694335938,578.7191162109375,514.5101928710938,41.740360260009766,1252.228271484375,328.6670837402344,53.016136169433594,290.5398254394531
2020-02-10,737.44970703125,77.37252807617188,85.78299713134766,577.8339233398438,512.1124877929688,40.9949951171875,1229.2333984375,331.89801025390625,51.61860275268555,288.68170166015625
2020-02-11,746.2562255859375,77.58721160888672,86.16402435302734,577.9736938476562,517.6751708984375,41.243446350097656,1246.298828125,333.5184631347656,51.34811782836914,293.9840393066406
2020-02-12,751.530029296875,75.78385925292969,86.11640930175781,581.8871459960938,526.8345947265625,40.69684982299805,1231.5955810546875,340.9644470214844,50.040740966796875,290.22259521484375
2020-02-13,744.1167602539062,75.61212158203125,84.9732666015625,578.346435546875,518.8740844726562,40.64716339111328,1186.6182861328125,335.9739074707031,49.95057678222656,296.7938537597656
2020-02-14,732.8724365234375,74.23812103271484,83.02041625976562,568.0736083984375,523.4777221679688,39.355194091796875,1133.8314208984375,334.2143249511719,48.86861801147461,289.4974365234375
2020-02-17,734.7630615234375,70.67436218261719,80.4483413696289,567.0487670898438,519.4495239257812,38.659523010253906,1130.8907470703125,336.2323913574219,46.83993911743164,284.7843017578125
2020-02-18,730.0364379882812,69.55799102783203,77.97154235839844,565.2318115234375,519.0659790039062,38.21230697631836,1099.7972412109375,336.2125549316406,46.88501739501953,287.8206481933594
2020-02-19,737.4000244140625,69.64386749267578,80.4483413696289,571.7308349609375,522.5186157226562,39.653343200683594,1101.1953125,338.2206726074219,47.51616287231445,290.35858154296875
2020-02-20,740.6339721679688,70.63141632080078,83.35382080078125,567.0254516601562,524.6287231445312,40.05086898803711,1139.80908203125,335.20843505859375,47.651405334472656,296.9751281738281
2020-02-24,721.8768310546875,68.6133804321289,82.54409790039062,563.6943969726562,508.18011474609375,39.05704879760742,1128.2877197265625,333.6775207519531,45.397315979003906,292.7151184082031
2020-02-25,725.16064453125,68.74219512939453,82.30595397949219,559.1986083984375,509.2350769042969,39.10673904418945,1112.475830078125,333.1903381347656,44.99158477783203,296.20465087890625
2020-02-26,725.8074951171875,68.87100219726562,81.01991271972656,558.7094116210938,502.2816162109375,38.70921325683594,1094.3017578125,331.3412780761719,44.31535720825195,297.4736022949219
2020-02-27,732.2255859375,67.23939514160156,84.63985443115234,558.8026123046875,494.2731018066406,38.36137771606445,1075.5491943359375,334.57220458984375,42.331764221191406,291.8087158203125
2020-02-28,693.865478515625,65.52191162109375,81.82964324951172,548.6463012695312,476.91339111328125,36.572505950927734,1064.4615478515625,322.1655578613281,40.618656158447266,274.63287353515625
2020-03-02,680.8299560546875,61.09939956665039,78.87652587890625,549.5548095703125,485.4014587402344,37.21848678588867,1040.55078125,317.9206237792969,38.544891357421875,260.4933166503906
2020-03-03,683.7655029296875,62.60219192504883,80.49597930908203,550.5797729492188,493.6976623535156,37.566322326660156,1068.318115234375,323.3485412597656,40.12275314331055,262.7139892578125
2020-03-04,678.8399047851562,62.9456901550293,79.4957275390625,535.2289428710938,487.5594177246094,37.16879653930664,1027.7275390625,319.7000732421875,40.07767105102539,258.5899353027344
2020-03-05,674.5610961914062,63.24625015258789,79.25757598876953,536.3937377929688,483.8669128417969,37.51662826538086,1036.4532470703125,328.3290710449219,40.573570251464844,261.4903869628906
2020-03-06,654.4108276367188,61.61465072631836,76.25684356689453,528.7299194335938,466.45916748046875,36.025901794433594,978.4117431640625,324.29296875,38.18423843383789,245.17552185058594
2020-03-09,620.4786987304688,59.55366516113281,69.39801025390625,515.8716430664062,439.02886962890625,32.84568786621094,870.717041015625,313.7751770019531,35.83999252319336,229.72177124023438
2020-03-11,616.2993774414062,57.19213104248047,67.96907806396484,518.8997802734375,446.60577392578125,33.094139099121094,822.9437255859375,315.9920654296875,34.66786193847656,222.1535186767578
2020-03-12,540.5742797851562,48.64765930175781,60.11001205444336,475.8056640625,408.24169921875,27.37968635559082,756.514404296875,291.2880859375,30.430177688598633,192.69619750976562
2020-03-13,565.9984130859375,56.11870193481445,65.25413513183594,498.40106201171875,428.91033935546875,29.566085815429688,774.9295654296875,292.2821960449219,33.72114944458008,219.34373474121094
2020-03-16,506.0949401855469,54.701778411865234,60.11001205444336,465.6494140625,386.422119140625,26.43556022644043,640.335205078125,275.1136779785156,32.27853012084961,202.43978881835938
2020-03-17,485.9446716308594,56.805694580078125,55.53746032714844,454.28192138671875,352.23016357421875,25.093904495239258,582.4866333007812,262.9853820800781,31.82771110534668,195.00743103027344
2020-03-18,471.1180419921875,55.946956634521484,51.67936706542969,408.53228759765625,340.52911376953125,23.702560424804688,444.2768249511719,233.0125732421875,33.13508987426758,195.05276489257812
2020-03-19,426.14068603515625,52.769615173339844,49.917030334472656,417.220947265625,324.70391845703125,20.472652435302734,428.12744140625,240.74685668945312,33.54082107543945,184.58409118652344
2020-03-20,426.0411682128906,54.315345764160156,50.393341064453125,411.30426025390625,331.5615234375,20.472652435302734,424.5601501464844,250.986328125,34.30720901489258,190.2036590576172
2020-03-23,307.1297607421875,46.24318313598633,38.19986343383789,359.4515686035156,272.3848876953125,18.037797927856445,324.3857421875,218.3591766357422,31.917879104614258,164.5984344482422
2020-03-24,301.6568298339844,47.5742301940918,36.00885009765625,357.65789794921875,284.37371826171875,18.98192596435547,301.1499328613281,229.22494506835938,32.72935104370117,166.04864501953125
2020-03-25,325.1903381347656,49.97870635986328,36.48515701293945,399.1447448730469,303.93939208984375,20.32358169555664,290.4961242675781,256.5136413574219,30.926076889038086,172.12139892578125
2020-03-26,339.7184753417969,48.046539306640625,39.819305419921875,419.80657958984375,316.743408203125,21.615543365478516,420.2696838378906,272.9762878417969,30.11461067199707,174.70455932617188
2020-03-27,357.97808837890625,46.67255401611328,42.3437385559082,421.36737060546875,325.9508056640625,22.261524200439453,396.3590087890625,278.17559814453125,30.159690856933594,177.60496520996094
2020-03-30,366.3367004394531,45.04094314575195,38.77143478393555,387.45111083984375,300.5825500488281,20.870180130004883,398.57647705078125,257.219482421875,29.663793563842773,169.40223693847656
2020-03-31,377.13330078125,45.985557556152344,39.10485076904297,401.54400634765625,310.5092468261719,20.969562530517578,338.7032470703125,257.6866760253906,29.167890548706055,178.4207305908203
2020-04-01,356.88348388671875,44.010459899902344,39.34300231933594,386.5193176269531,298.424560546875,20.472652435302734,329.9777526855469,234.941162109375,27.454782485961914,169.0850372314453
2020-04-03,323.8470458984375,41.8206672668457,38.00934600830078,379.1583557128906,274.9265441894531,19.52852439880371,301.96942138671875,226.82911682128906,26.733474731445312,159.0695343017578
2020-04-07,386.93475341796875,41.348365783691406,40.67667007446289,417.4772033691406,312.76312255859375,20.32358169555664,370.0860900878906,238.20188903808594,27.094131469726562,168.9490509033203
2020-04-08,389.42242431640625,41.52010726928711,38.91432571411133,414.1229248046875,305.90557861328125,20.422962188720703,384.83746337890625,236.13412475585938,27.499866485595703,165.8673858642578
2020-04-09,418.08056640625,43.70989990234375,39.00959014892578,430.9644775390625,328.6842041015625,21.91368865966797,381.22186279296875,253.08392333984375,28.311336517333984,170.17266845703125
2020-04-13,416.8865051269531,42.8082160949707,38.72380447387695,417.1277770996094,317.1270446777344,22.062761306762695,395.68408203125,248.7097625732422,28.266254425048828,166.320556640625
2020-04-15,415.2445983886719,42.03535079956055,39.438262939453125,402.1962890625,313.9620056152344,22.460289001464844,408.89276123046875,233.3704376220703,28.04084587097168,165.27822875976562
2020-04-16,420.46875,42.59353256225586,40.20035934448242,409.86004638671875,328.0128479003906,24.00070571899414,419.7876281738281,224.84085083007812,27.995765686035156,170.8524627685547
2020-04-17,476.441650390625,43.10878372192383,43.82029724121094,424.09271240234375,360.190673828125,26.23679542541504,457.4373779296875,235.85577392578125,28.67198944091797,175.15777587890625
2020-04-20,453.7042236328125,43.967525482177734,43.86792755126953,440.18896484375,346.5234680175781,24.696380615234375,440.3238525390625,234.16574096679688,29.61870765686035,174.4779815673828
2020-04-21,418.578125,41.69186019897461,41.29586410522461,429.3805236816406,318.2779846191406,23.553489685058594,386.4765625,224.7017059326172,28.04084587097168,167.4535369873047
2020-04-22,429.0263977050781,41.477169036865234,41.96269226074219,432.61834716796875,322.21026611328125,23.801942825317383,400.9868469238281,229.07583618164062,28.04084587097168,171.0337371826172
2020-04-23,427.93182373046875,41.60598373413086,42.867679595947266,444.8943786621094,338.5150146484375,23.553489685058594,395.2502136230469,248.46124267578125,28.131011962890625,169.22097778320312
2020-04-24,401.96038818359375,39.80262756347656,41.057708740234375,437.0209655761719,321.1552429199219,22.062761306762695,369.1701354980469,246.453125,27.22937774658203,162.92164611816406
2020-04-27,425.1953430175781,40.14612579345703,42.3913688659668,433.1308898925781,333.6715087890625,21.96337890625,392.7916564941406,259.1878356933594,27.725276947021484,163.96395874023438
2020-04-28,453.20672607421875,40.61842727661133,44.534751892089844,433.9228515625,345.1328125,22.112451553344727,451.2668762207031,263.770751953125,28.17609214782715,167.045654296875
2020-04-29,436.9372253417969,41.305423736572266,44.296600341796875,455.2136535644531,355.29931640625,21.863996505737305,454.2074890136719,264.0093688964844,29.122806549072266,172.30267333984375
2020-04-30,442.7086486816406,42.250038146972656,46.487613677978516,466.7209777832031,364.6025390625,21.76461410522461,451.36328125,269.8448486328125,29.122806549072266,172.6652069091797
2020-05-04,400.8160400390625,39.37325668334961,41.96269226074219,430.0094299316406,324.224365234375,20.472652435302734,407.88043212890625,254.0581512451172,27.184293746948242,162.1059112548828
2020-05-05,387.0840148925781,37.78459167480469,40.91482162475586,424.6285095214844,317.31884765625,20.522342681884766,403.6864013671875,246.2145233154297,26.327741622924805,154.4469757080078
2020-05-06,386.93475341796875,36.32472610473633,41.72453689575195,440.9111022949219,327.4373779296875,20.82048797607422,410.2426452636719,247.7255859375,26.46298599243164,155.08148193359375
2020-05-07,395.39288330078125,36.49647521972656,41.105342864990234,430.9411926269531,322.9775390625,20.621723175048828,438.05810546875,238.54983520507812,26.7785587310791,154.76422119140625
2020-05-08,380.168212890625,35.29423522949219,40.62903594970703,432.8280029296875,323.88873291015625,20.17450523376465,424.5601501464844,242.05911254882812,26.327741622924805,151.04806518554688
2020-05-11,377.6805419921875,35.20836639404297,41.057708740234375,426.65509033203125,307.05645751953125,20.273887634277344,417.85931396484375,236.2931671142578,25.967086791992188,149.96043395996094
2020-05-12,384.9446105957031,35.251304626464844,39.485897064208984,420.0162658691406,308.0635070800781,20.075124740600586,430.20037841796875,230.0799102783203,25.876924514770508,151.27464294433594
2020-05-13,411.96087646484375,37.91340255737305,41.105342864990234,432.1758117675781,324.224365234375,21.71492576599121,432.5143127441406,235.94522094726562,27.590030670166016,157.8006134033203
2020-05-14,399.97021484375,37.054656982421875,43.24872970581055,416.3591003417969,314.0099792480469,20.770797729492188,412.6529541015625,233.2412109375,26.417905807495117,152.2263641357422
2020-05-15,386.6361999511719,35.72360610961914,41.676910400390625,413.7734375,309.5021667480469,20.721105575561523,403.6864013671875,234.27511596679688,25.967086791992188,150.8214569091797
2020-05-18,357.03277587890625,33.14738845825195,37.72356033325195,389.7804870605469,286.29193115234375,19.7272891998291,363.2406311035156,221.4210662841797,24.65971565246582,140.7606658935547
2020-05-19,352.7539367675781,31.344030380249023,36.437530517578125,386.9851989746094,288.0182189941406,19.47883415222168,354.6116027832031,224.76133728027344,23.983491897583008,138.4947052001953
2020-05-20,360.7145080566406,31.47284507751465,37.24724578857422,399.3077697753906,293.14947509765625,19.130996704101562,344.4880676269531,230.65650939941406,23.983491897583008,139.0385284423828
2020-05-21,355.44061279296875,32.24570846557617,37.437774658203125,400.44921875,291.9505920410156,18.733470916748047,334.3645935058594,228.6980743408203,24.344144821166992,137.72430419921875
2020-05-22,335.2903747558594,32.15983963012695,35.58017349243164,390.805419921875,279.1465759277344,18.733470916748047,326.21759033203125,230.67636108398438,24.0285701751709,136.72727966308594
2020-05-26,339.6189270019531,31.859275817871094,36.6280517578125,397.1181335449219,280.7291259765625,19.7272891998291,335.7143859863281,229.28460693359375,24.073654174804688,137.22579956054688
2020-05-27,385.09381103515625,33.0615119934082,39.00959014892578,420.9945983886719,305.8096008300781,20.273887634277344,355.7203674316406,242.07894897460938,24.79496192932129,143.75172424316406
2020-05-28,389.0244445800781,33.14738845825195,40.77193069458008,440.37530517578125,313.4824523925781,20.12481689453125,372.978515625,244.4449920654297,24.11873435974121,143.38916015625
2020-05-29,383.053955078125,33.44794845581055,42.77241897583008,443.35699462890625,318.3738708496094,21.96337890625,379.53466796875,243.36138916015625,24.11873435974121,146.1989288330078
2020-06-01,394.9948425292969,36.45354080200195,44.43949508666992,460.1287536621094,325.37530517578125,23.503795623779297,395.39483642578125,248.21270751953125,26.327741622924805,154.12974548339844
2020-06-02,408.080078125,36.152984619140625,45.344482421875,466.3482666015625,334.15106201171875,23.702560424804688,419.1127624511719,267.00164794921875,26.372821807861328,154.31103515625
2020-06-03,407.53277587890625,37.054656982421875,44.868167877197266,476.24822998046875,342.2554931640625,23.553489685058594,416.84698486328125,275.68035888671875,27.274457931518555,158.52569580078125
2020-06-04,392.40765380859375,36.75410079956055,43.48687744140625,466.67437744140625,333.6236267089844,22.758432388305664,400.1673583984375,265.3116455078125,27.950685501098633,157.75526428222656
2020-06-05,403.3037109375,39.93143844604492,45.106327056884766,481.4195556640625,342.5911560058594,24.100088119506836,407.20556640625,265.98760986328125,30.430177688598633,170.2179718017578
2020-06-08,428.1308288574219,39.28738784790039,45.8684196472168,473.2899169921875,345.0848388671875,25.5908145904541,435.40673828125,265.7789001464844,29.39329719543457,169.3115997314453
2020-06-09,417.9810791015625,39.330322265625,46.154205322265625,459.9656677246094,334.294921875,24.895143508911133,447.26568603515625,259.29718017578125,28.67198944091797,167.18161010742188
2020-06-10,425.3446044921875,40.36081314086914,47.44023513793945,462.0854187011719,338.5629577636719,25.5908145904541,481.6855773925781,264.8841857910156,30.520343780517578,170.12733459472656
2020-06-11,411.4136047363281,38.77214050292969,45.725521087646484,451.2536926269531,327.29351806640625,24.746068954467773,504.3911437988281,258.2135925292969,29.573623657226562,160.56504821777344
2020-06-12,405.99041748046875,39.02976608276367,46.53524398803711,457.8459167480469,330.12286376953125,25.690196990966797,509.5011291503906,254.45582580566406,29.799036026000977,162.37779235839844
2020-06-15,387.6810607910156,39.459129333496094,44.344234466552734,442.51837158203125,317.5586242675781,25.093904495239258,472.9600524902344,248.31211853027344,30.340015411376953,157.4380340576172
2020-06-16,379.670654296875,38.5145149230957,44.58238220214844,461.4099426269531,328.92401123046875,24.746068954467773,464.52386474609375,253.85934448242188,29.88920021057129,156.71292114257812
2020-06-17,387.6810607910156,38.557456970214844,44.487125396728516,456.2153625488281,327.96490478515625,25.29266929626465,473.5386047363281,247.29811096191406,29.88920021057129,156.7582550048828
2020-06-18,403.4031982421875,39.459129333496094,45.916046142578125,475.1767578125,337.6038818359375,25.441743850708008,481.2999267578125,259.1381530761719,30.565425872802734,162.8310089111328
2020-06-19,414.995849609375,40.40374755859375,48.535743713378906,481.4195556640625,348.9212646484375,25.690196990966797,466.3075256347656,258.9691162109375,31.10640525817871,167.2269287109375
2020-06-22,428.0313415527344,42.421791076660156,51.72699737548828,479.2765197753906,352.5178527832031,28.075359344482422,472.3333740234375,269.4770202636719,32.27853012084961,170.12733459472656
2020-06-23,441.46484375,43.36640548706055,53.775123596191406,485.5892028808594,360.76617431640625,28.22443389892578,501.7397766113281,276.3464050292969,33.76622772216797,174.43264770507812
2020-06-24,422.55841064453125,44.31101608276367,50.72675323486328,481.0235595703125,333.86334228515625,27.37968635559082,464.4274597167969,267.2004699707031,32.9096794128418,167.31759643554688
2020-06-25,419.6229553222656,44.65451431274414,49.72650909423828,479.2765197753906,336.6447448730469,26.833087921142578,458.1122741699219,274.716064453125,33.450653076171875,167.90673828125
2020-06-26,422.7574462890625,44.52570343017578,50.91727828979492,492.1814880371094,334.822509765625,26.634323120117188,474.8883361816406,266.4449157714844,32.99983596801758,167.31759643554688
2020-06-29,402.80615234375,42.29297637939453,49.10730743408203,501.31280517578125,329.0678405761719,25.789579391479492,462.78839111328125,269.5366516113281,31.87279510498047,162.4684600830078
2020-06-30,404.6470642089844,41.73479461669922,48.5833740234375,496.5607604980469,337.0763854980469,25.541126251220703,457.7748107910156,270.4909973144531,31.331815719604492,161.7433319091797
2020-07-01,431.1160583496094,44.1392707824707,50.67911911010742,505.2960205078125,349.1610107421875,26.18710708618164,474.7919616699219,269.75537109375,32.819515228271484,167.4988555908203
2020-07-02,421.11553955078125,44.22514343261719,51.012535095214844,507.5323181152344,348.0101013183594,26.634323120117188,477.0576477050781,268.8109436035156,32.68427276611328,168.08799743652344
2020-07-03,426.3396911621094,43.581085205078125,50.48860168457031,500.33441162109375,346.2357482910156,26.584632873535156,469.7302551269531,269.1688232421875,32.41377639770508,167.40823364257812
2020-07-06,431.8623962402344,44.18220520019531,51.10780334472656,513.8682861328125,347.0510559082031,27.03185272216797,478.1182556152344,271.97222900390625,33.450653076171875,170.444580078125
2020-07-07,445.1466369628906,43.624019622802734,53.2988166809082,514.8699340820312,360.6702575683594,28.075359344482422,507.42816162109375,272.0418395996094,33.1801643371582,170.943115234375
2020-07-08,441.9623718261719,45.29856872558594,51.82225799560547,517.2925415039062,353.86065673828125,27.727523803710938,532.7850952148438,268.9600524902344,33.585899353027344,173.9341278076172
2020-07-09,451.5151062011719,45.34150695800781,52.58435821533203,524.0942993164062,355.203369140625,27.87659454345703,536.5935668945312,272.0220031738281,33.450653076171875,180.4600830078125
2020-07-10,437.434814453125,44.31101608276367,51.63174057006836,514.8465576171875,345.61236572265625,26.932470321655273,519.913818359375,268.2840881347656,31.602304458618164,177.28775024414062
2020-07-13,437.8825378417969,43.40933609008789,50.53622817993164,503.2694091796875,339.138427734375,26.733705520629883,520.2994995117188,265.5403137207031,31.151485443115234,174.6592559814453
2020-07-14,415.64263916015625,42.07829284667969,48.67863082885742,493.299560546875,331.4176025390625,25.739887237548828,492.48394775390625,258.1340637207031,30.24985122680664,168.63182067871094
2020-07-15,424.5485534667969,40.8331184387207,47.44023513793945,490.64404296875,331.65740966796875,25.093904495239258,485.4939270019531,256.48382568359375,29.753955841064453,166.5924530029297
2020-07-16,431.8623962402344,41.305423736572266,49.535987854003906,495.02337646484375,330.554443359375,25.441743850708008,500.0042724609375,262.9754638671875,29.9793643951416,168.81309509277344
2020-07-17,430.9667663574219,42.421791076660156,49.583614349365234,511.7485046386719,339.3302307128906,26.3858699798584,502.1253662109375,263.9298095703125,30.294933319091797,170.5805206298828
2020-07-20,431.8623962402344,41.777732849121094,51.155433654785156,527.8680419921875,348.1539611816406,27.13123321533203,509.79034423828125,262.2596435546875,31.151485443115234,172.89181518554688
2020-07-21,444.0022888183594,42.421791076660156,51.86989212036133,530.4304809570312,363.3077697753906,26.932470321655273,504.72857666015625,270.2027282714844,31.331815719604492,176.2000732421875
2020-07-22,476.5909729003906,41.8206672668457,54.013275146484375,524.7466430664062,365.51373291015625,26.833087921142578,495.1353454589844,266.8923034667969,30.880996704101562,174.0247802734375
2020-07-23,458.5801086425781,42.29297637939453,54.394317626953125,526.6334228515625,376.2076721191406,27.13123321533203,495.4728088378906,273.1950378417969,30.926076889038086,179.68963623046875
2020-07-24,443.4052734375,41.73479461669922,54.823001861572266,521.3689575195312,366.18505859375,28.274124145507812,503.52337646484375,268.4132995605469,30.24985122680664,173.9794464111328
2020-07-27,429.4244079589844,40.06025314331055,53.25118637084961,502.9200439453125,343.8380126953125,27.180925369262695,488.4827880859375,262.96551513671875,29.122806549072266,169.6288299560547
2020-07-28,434.8973388671875,40.189064025878906,52.91777038574219,506.2510681152344,337.6997985839844,27.677833557128906,508.0549011230469,275.18328857421875,28.942480087280273,171.7135009765625
2020-07-29,438.72833251953125,40.66136932373047,53.15592575073242,495.9783630371094,336.69268798828125,28.025671005249023,530.7604370117188,276.2569274902344,29.52854347229004,173.29966735839844
2020-07-30,423.7525329589844,39.459129333496094,51.584110260009766,489.4793395996094,330.8422546386719,26.833087921142578,501.2094421386719,275.3721618652344,28.626911163330078,169.0850372314453
2020-07-31,429.52392578125,40.189064025878906,51.3459587097168,481.16339111328125,332.61651611328125,26.43556022644043,504.9696044921875,271.5447998046875,28.807239532470703,173.52627563476562
2020-08-03,415.29437255859375,40.231998443603516,49.964664459228516,466.8141784667969,329.21173095703125,25.93865203857422,485.0118713378906,260.1719970703125,29.663793563842773,174.25137329101562
2020-08-04,427.0362854003906,39.93143844604492,49.821773529052734,485.2864074707031,336.6447448730469,26.634323120117188,474.9366149902344,263.23394775390625,29.303138732910156,173.6622314453125
2020-08-05,432.8077392578125,39.80262756347656,49.86940383911133,478.7174377441406,337.79571533203125,26.783397674560547,475.0812072753906,265.2718505859375,29.39329719543457,173.52627563476562
2020-08-06,430.8672790527344,39.71675109863281,49.964664459228516,484.8437805175781,344.0777893066406,26.783397674560547,477.1540832519531,266.4449157714844,29.167890548706055,173.0730743408203
2020-08-07,431.165771484375,41.52010726928711,52.06041717529297,486.3112487792969,343.310546875,28.22443389892578,490.7485046386719,266.922119140625,29.573623657226562,172.80116271972656
2020-08-10,428.9766845703125,41.69186019897461,51.29832458496094,489.4793395996094,348.6814880371094,28.22443389892578,491.0859680175781,270.4413146972656,29.61870765686035,175.65626525878906
2020-08-11,445.7933654785156,40.44668197631836,51.72699737548828,496.9334716796875,352.3260498046875,30.112686157226562,503.2823486328125,271.316162109375,29.61870765686035,176.78924560546875
2020-08-12,448.8781433105469,41.73479461669922,51.44121551513672,495.5591125488281,351.84649658203125,30.858049392700195,501.98077392578125,265.4508361816406,30.475261688232422,184.26687622070312
2020-08-13,445.8929138183594,41.305423736572266,51.44121551513672,493.3927917480469,352.9974060058594,31.15619659423828,500.14892578125,265.6794738769531,29.9793643951416,182.99794006347656
2020-08-14,433.7032775878906,39.58794021606445,50.1075553894043,481.9320068359375,346.6194152832031,30.06299591064453,489.0130310058594,259.9532775878906,29.077726364135742,178.10348510742188
2020-08-17,435.9919128417969,39.63087844848633,50.34571075439453,481.1400146484375,345.468505859375,29.3176326751709,494.7497253417969,263.94970703125,29.258056640625,175.0218048095703
2020-08-18,443.6042785644531,39.93143844604492,50.96491241455078,492.2047424316406,354.43609619140625,31.106504440307617,502.89666748046875,272.26055908203125,29.61870765686035,176.83456420898438
2020-08-19,442.0121154785156,40.87605285644531,52.29856872558594,496.9101257324219,359.1357116699219,30.95743179321289,503.427001953125,269.5267028808594,30.835914611816406,178.6020050048828
2020-08-20,432.8077392578125,40.74724197387695,52.01278305053711,493.3693542480469,352.709716796875,30.758670806884766,494.99078369140625,266.0970458984375,31.647390365600586,176.51731872558594
2020-08-21,438.28057861328125,41.52010726928711,53.25118637084961,505.78521728515625,355.9706115722656,30.70897674560547,495.1353454589844,266.3057861328125,32.143287658691406,179.82559204101562
2020-08-24,443.6042785644531,41.52010726928711,54.013275146484375,520.4138793945312,364.79437255859375,31.95125389099121,510.1760559082031,275.81951904296875,31.82771110534668,182.5900421142578
2020-08-25,449.57470703125,41.8206672668457,53.72749328613281,521.6484985351562,370.5489807128906,31.75248908996582,517.2623901367188,278.3744201660156,31.737550735473633,188.48153686523438
2020-08-26,461.06781005859375,41.60598373413086,54.013275146484375,521.0661010742188,373.42633056640625,32.24939727783203,547.2955322265625,285.65142822265625,31.917879104614258,190.2036590576172
2020-08-27,470.72003173828125,41.8206672668457,53.44170379638672,518.1077880859375,376.1597595214844,31.702795028686523,584.125732421875,282.3310241699219,31.82771110534668,195.46063232421875
2020-08-28,506.6919860839844,44.31101608276367,57.5855827331543,519.2259521484375,392.9440612792969,33.441978454589844,641.7814331054688,291.6956787109375,33.405574798583984,203.79933166503906
2020-08-31,494.3033142089844,42.03535079956055,52.67961883544922,519.8548583984375,378.4616394042969,31.80217742919922,607.6026000976562,278.6229553222656,31.602304458618164,192.15235900878906
2020-09-01,483.3077392578125,40.8331184387207,52.06041717529297,525.189208984375,374.96087646484375,31.205886840820312,604.9512329101562,284.448486328125,31.28673553466797,197.6812744140625
2020-09-02,482.01409912109375,40.575496673583984,53.25118637084961,528.3804931640625,376.3515625,31.55372428894043,617.5814819335938,283.0269470214844,31.376895904541016,196.00448608398438
2020-09-03,472.6106872558594,40.61842727661133,53.060665130615234,526.8663940429688,367.0962219238281,31.55372428894043,609.193359375,277.69842529296875,31.10640525817871,193.19468688964844
2020-09-04,452.95794677734375,39.416194915771484,51.29832458496094,521.462158203125,357.31341552734375,31.5040340423584,594.0564575195312,274.38800048828125,30.340015411376953,187.25791931152344
2020-09-07,456.4407043457031,39.6738166809082,50.34571075439453,517.3623657226562,358.1286315917969,31.5040340423584,586.87353515625,272.14129638671875,30.475261688232422,188.4362030029297
2020-09-08,442.161376953125,38.85801315307617,49.63124465942383,518.2708740234375,360.3345642089844,30.112686157226562,578.8712158203125,268.5525207519531,30.340015411376953,184.94667053222656
2020-09-09,429.1258850097656,38.08514404296875,48.8691520690918,510.8400573730469,352.5658264160156,29.218250274658203,582.9205322265625,263.6713562011719,29.663793563842773,176.6079559326172
2020-09-10,444.6490478515625,39.158573150634766,48.8215217590332,508.0680847167969,355.5390625,30.46052360534668,598.2021484375,262.34912109375,30.24985122680664,179.59898376464844
2020-09-11,444.9973449707031,39.459129333496094,49.345458984375,502.52398681640625,355.3472595214844,30.858049392700195,588.4642944335938,264.50640869140625,30.385099411010742,183.72303771972656
2020-09-14,438.38006591796875,39.63087844848633,50.82201385498047,492.8802795410156,348.82537841796875,30.858049392700195,587.5001220703125,259.40655517578125,30.294933319091797,179.91624450683594
2020-09-15,447.33575439453125,39.9743766784668,51.67936706542969,498.7270812988281,356.354248046875,31.95125389099121,610.6878051757812,263.23394775390625,30.024446487426758,181.41177368164062
2020-09-16,443.80328369140625,39.88850784301758,51.012535095214844,509.5122985839844,359.3754577636719,31.90155792236328,599.3591918945312,263.522216796875,30.294933319091797,179.6443328857422
2020-09-17,440.71856689453125,39.158573150634766,50.155189514160156,504.8302001953125,353.9085998535156,31.75248908996582,595.2133178710938,259.4860534667969,29.9793643951416,177.1517791748047
2020-09-18,441.16632080078125,38.68626403808594,49.44072341918945,492.5775146484375,354.43609619140625,30.90774154663086,591.2122192382812,253.9189910888672,29.39329719543457,174.56861877441406
2020-09-21,421.2648620605469,36.797035217285156,47.44023513793945,488.85040283203125,336.3570251464844,29.2679443359375,540.4982299804688,256.0563659667969,27.63511085510254,168.40524291992188
2020-09-22,409.970703125,36.32472610473633,46.53524398803711,482.3746337890625,339.9056701660156,28.522579193115234,524.4934692382812,252.61666870117188,27.094131469726562,168.76779174804688
2020-09-23,417.6825256347656,35.68067169189453,46.154205322265625,487.8952941894531,337.46002197265625,28.274124145507812,509.1154479980469,253.5809783935547,26.46298599243164,166.5924530029297
2020-09-24,400.4677734375,34.22080993652344,43.5821418762207,480.04522705078125,321.97052001953125,26.833087921142578,472.67083740234375,247.7554168701172,25.29085922241211,159.83993530273438
2020-09-25,413.0056457519531,35.68067169189453,45.43974304199219,486.3812255859375,334.3908996582031,29.168561935424805,496.38873291015625,249.1372528076172,26.192495346069336,165.1422576904297
2020-09-28,437.0865173339844,37.226409912109375,48.10706329345703,491.13311767578125,348.1539611816406,30.212068557739258,535.1954956054688,254.23709106445312,27.184293746948242,169.71946716308594
2020-09-29,424.7475891113281,35.50891876220703,46.8686637878418,495.02337646484375,342.44732666015625,29.86423110961914,517.0214233398438,251.16526794433594,26.23757553100586,167.7254638671875
2020-09-30,422.55841064453125,35.251304626464844,46.297088623046875,502.500732421875,340.2413635253906,29.764850616455078,508.48876953125,252.1494598388672,25.741676330566406,168.0426788330078
2020-10-01,441.5146179199219,36.024173736572266,48.10706329345703,515.7085571289062,354.10040283203125,30.162378311157227,570.9651489257812,259.4761047363281,25.245777130126953,172.48391723632812
2020-10-05,441.9623718261719,35.68067169189453,48.39284896850586,519.156005859375,357.84088134765625,30.013307571411133,579.9797973632812,261.3749084472656,25.51626968383789,171.07904052734375
2020-10-06,447.43524169921875,36.11004638671875,49.297828674316406,533.0160522460938,365.0341796875,30.95743179321289,600.4679565429688,266.07708740234375,25.56135368347168,173.6622314453125
2020-10-07,450.8682861328125,35.637733459472656,49.012046813964844,541.4718627929688,367.0003662109375,31.404651641845703,596.9005737304688,263.3830261230469,25.020370483398438,172.84646606445312
2020-10-08,449.6741943359375,36.58235168457031,49.72650909423828,555.2387084960938,371.6519775390625,31.305269241333008,595.55078125,262.4684143066406,25.065452575683594,173.57159423828125
2020-10-09,465.74462890625,38.04220962524414,50.44096755981445,574.6891479492188,385.07940673828125,31.75248908996582,600.7089233398438,262.41876220703125,26.057249069213867,179.73497009277344
2020-10-12,465.6949157714844,35.89535903930664,50.01229476928711,565.4181518554688,387.52508544921875,30.95743179321289,592.4172973632812,261.036865234375,25.65151596069336,180.09751892089844
2020-10-13,459.07763671875,35.46598815917969,49.964664459228516,558.3367309570312,380.0440979003906,31.205886840820312,586.3914184570312,267.4092102050781,25.11053466796875,177.37838745117188
2020-10-14,468.9786376953125,36.11004638671875,50.393341064453125,564.41650390625,390.16259765625,31.056814193725586,600.3234252929688,269.07940673828125,25.38102149963379,181.32113647460938
2020-10-15,460.32147216796875,34.65018081665039,49.297828674316406,544.7329711914062,375.0088195800781,29.86423110961914,576.55712890625,260.3708190917969,24.97528839111328,174.7952117919922
2020-10-16,470.0732116699219,34.60725021362305,49.72650909423828,558.756103515625,379.9002380371094,30.510215759277344,586.4878540039062,265.7391052246094,24.749879837036133,177.60496520996094
2020-10-19,490.52203369140625,37.44108963012695,53.53696823120117,560.7127685546875,400.0413818359375,31.55372428894043,604.6136474609375,273.721923828125,25.20069694519043,184.90133666992188
2020-10-20,491.5171203613281,35.938297271728516,54.15616989135742,570.2167358398438,397.6436462402344,31.404651641845703,602.8300170898438,272.1512145996094,24.65971565246582,184.04026794433594
2020-10-21,498.9801025390625,36.53940963745117,54.2990608215332,580.8154907226562,403.1104736328125,31.056814193725586,605.577880859375,277.0224304199219,24.52446937561035,184.67474365234375
2020-10-22,507.78656005859375,36.797035217285156,53.82275390625,574.57275390625,396.0131530761719,31.55372428894043,586.9217529296875,276.9726867675781,24.52446937561035,184.26687622070312
2020-10-23,504.70184326171875,37.054656982421875,53.3464469909668,575.7374877929688,399.89752197265625,31.255578994750977,586.34326171875,274.9844055175781,24.704797744750977,183.8136749267578
2020-10-26,490.9200744628906,36.6682243347168,51.584110260009766,564.136962890625,387.90875244140625,30.41083335876465,594.5385131835938,281.71466064453125,25.245777130126953,178.28477478027344
2020-10-27,505.5973815917969,36.8399772644043,51.48884582519531,574.4794921875,393.183837890625,30.90774154663086,591.9834594726562,315.66400146484375,24.65971565246582,176.4266815185547
2020-10-28,502.2141418457031,36.06711196899414,49.67887878417969,563.5313110351562,379.8522644042969,30.70897674560547,571.591796875,308.4466552734375,24.434309005737305,172.61990356445312
2020-10-29,491.4176025390625,36.882911682128906,48.5833740234375,553.0955200195312,383.5447998046875,30.361141204833984,567.5906372070312,312.33367919921875,23.983491897583008,171.0337371826172
2020-10-30,490.0741882324219,35.809486389160156,48.0594367980957,551.3950805664062,376.5434265136719,30.41083335876465,564.6982421875,307.66131591796875,24.11873435974121,171.53224182128906
2020-11-02,520.0757446289062,38.5145149230957,49.202571868896484,566.16357421875,400.3770751953125,30.06299591064453,605.81884765625,314.28216552734375,25.20069694519043,177.69561767578125
2020-11-03,531.51904296875,38.68626403808594,50.96491241455078,581.3978881835938,425.6973571777344,30.311450958251953,623.4144897460938,316.84698486328125,25.065452575683594,185.5811004638672
2020-11-04,522.5634155273438,38.68626403808594,50.20281982421875,585.800537109375,419.1754455566406,30.41083335876465,653.7368774414062,324.2234191894531,24.749879837036133,187.62045288085938
2020-11-05,536.6436767578125,39.28738784790039,51.584110260009766,591.2978515625,420.566162109375,30.95743179321289,688.7833251953125,333.12078857421875,24.97528839111328,198.1797637939453
2020-11-06,539.0816650390625,39.330322265625,52.15567398071289,609.2110595703125,424.69024658203125,31.454341888427734,712.163818359375,341.5907287597656,25.020370483398438,198.6782684326172
2020-11-09,562.2669067382812,40.14612579345703,53.060665130615234,624.5386352539062,443.77642822265625,32.746307373046875,747.6443481445312,343.5988464355469,25.786760330200195,198.95022583007812
2020-11-10,580.7254638671875,41.391300201416016,55.87087631225586,649.2770385742188,464.0614318847656,34.08795928955078,805.2517700195312,348.5296630859375,26.68839454650879,210.00804138183594
2020-11-11,605.6521606445312,40.53255844116211,54.72773742675781,647.5531616210938,466.6510314941406,33.04444885253906,759.696044921875,359.4451904296875,26.372821807861328,212.2739715576172
2020-11-12,596.7461547851562,39.201515197753906,53.632225036621094,639.0508422851562,457.203857421875,32.746307373046875,741.6182861328125,348.8876037597656,26.23757553100586,205.5667724609375
2020-11-13,607.34375,39.9743766784668,53.96564483642578,633.0410766601562,465.6918640136719,32.84568786621094,740.99169921875,350.5875244140625,26.598230361938477,207.9686737060547
2020-11-14,610.1299438476562,40.06025314331055,53.91801071166992,638.119140625,466.9866943359375,33.491668701171875,742.8235473632812,352.029052734375,26.68839454650879,208.14993286132812
2020-11-17,625.702880859375,40.8331184387207,55.29930877685547,656.172119140625,466.50714111328125,33.39228820800781,756.0324096679688,357.2182922363281,26.913801193237305,217.7122344970703
2020-11-18,633.1659545898438,42.59353256225586,58.96687698364258,656.2885131835938,477.2969970703125,34.08795928955078,798.5991821289062,363.96844482421875,27.81543731689453,228.4075164794922
2020-11-19,608.4880981445312,41.17661666870117,55.8232421875,640.285400390625,459.16998291015625,33.19352722167969,788.6685180664062,363.1234436035156,27.049049377441406,217.3043670654297
2020-11-20,604.8560180664062,40.8331184387207,55.68035888671875,653.9358520507812,460.5606994628906,33.39228820800781,781.9194946289062,375.6593017578125,26.86872100830078,220.0235137939453
2020-11-23,592.6663818359375,40.27493667602539,55.53746032714844,649.719482421875,449.0994873046875,36.6221923828125,819.2800903320312,377.33941650390625,27.094131469726562,216.35269165039062
2020-11-24,616.597900390625,40.231998443603516,55.72798156738281,670.0320434570312,458.6425476074219,36.6718864440918,823.0884399414062,382.7176208496094,27.409700393676758,221.02052307128906
2020-11-25,596.8954467773438,42.1212272644043,56.394813537597656,653.5398559570312,453.3674621582031,35.57868576049805,824.3900146484375,370.3009948730469,28.266254425048828,220.25010681152344
2020-11-26,609.532958984375,43.924583435058594,57.01401138305664,664.6510620117188,455.8611145019531,35.57868576049805,820.0513916015625,375.59967041015625,28.897397994995117,222.47073364257812
2020-11-27,598.6369018554688,44.09633255004883,59.8242301940918,671.2666625976562,453.9908752441406,36.5228157043457,826.896728515625,379.1785583496094,30.159690856933594,221.38308715820312
2020-12-01,600.6768188476562,46.157310485839844,62.49155044555664,667.7493286132812,465.2602844238281,36.87064743041992,863.3895263671875,372.96527099609375,31.061323165893555,224.82733154296875
2020-12-02,605.1047973632812,46.45787048339844,61.96760940551758,655.4732055664062,460.80047607421875,36.572505950927734,865.1250610351562,360.70770263671875,30.61050796508789,223.83030700683594
2020-12-03,599.7314453125,50.064579010009766,62.49155044555664,641.6132202148438,462.1432189941406,36.721580505371094,864.1127319335938,362.05975341796875,32.27853012084961,232.30496215820312
2020-12-04,611.4732666015625,50.70863342285156,62.87259292602539,645.5265502929688,481.5170593261719,36.87064743041992,880.888671875,367.080078125,32.143287658691406,238.83087158203125
2020-12-07,616.1998901367188,51.65325164794922,63.20601272583008,639.3070678710938,489.5735778808594,36.5228157043457,901.6178588867188,361.97021484375,32.23344802856445,244.35980224609375
2020-12-08,617.5930786132812,55.98988723754883,62.39629364013672,641.1939697265625,487.6073913574219,36.82095718383789,883.8294067382812,364.604736328125,36.60637664794922,246.4444580078125
2020-12-09,631.0762939453125,56.33338165283203,63.44416046142578,655.5897216796875,490.5805969238281,38.41107177734375,895.206298828125,374.49615478515625,35.524417877197266,245.0395965576172
2020-12-10,623.9614868164062,56.977439880371094,62.39629364013672,645.64306640625,486.2166748046875,37.367557525634766,883.0098876953125,378.4229736328125,34.62278747558594,244.31446838378906
2020-12-11,610.2294921875,56.20457077026367,63.11074447631836,644.22216796875,494.3690490722656,37.21848678588867,890.6265258789062,381.8228454589844,36.51622009277344,246.94297790527344
2020-12-14,612.8665161132812,57.535621643066406,65.15886688232422,639.2605590820312,504.29571533203125,37.51662826538086,888.2162475585938,385.59063720703125,37.192440032958984,248.52915954589844
2020-12-15,604.1097412109375,57.66443634033203,64.20626831054688,648.18212890625,496.8626708984375,37.51662826538086,893.51904296875,387.9367370605469,36.60637664794922,245.31150817871094
2020-12-16,603.1146850585938,57.02037811279297,64.53968048095703,657.2201538085938,491.4917297363281,37.51662826538086,888.7465209960938,388.2151184082031,34.21704864501953,244.1785125732422
2020-12-17,602.4181518554688,54.78765106201172,63.92047882080078,671.7091674804688,489.52557373046875,37.16879653930664,902.2445068359375,390.7799072265625,33.360496520996094,242.6376953125
2020-12-18,606.4979248046875,54.1865348815918,63.20601272583008,657.5230712890625,495.99951171875,36.721580505371094,872.7417602539062,387.5788269042969,32.95475769042969,246.03660583496094
2020-12-21,579.630859375,50.49394989013672,57.5379524230957,639.4934692382812,474.27587890625,34.03826904296875,812.4828491210938,381.9123840332031,30.74574851989746,230.85475158691406
2020-12-22,586.84521484375,50.49394989013672,58.871612548828125,639.7030639648438,479.8386535644531,34.38610076904297,810.5545654296875,378.3533935546875,30.11461067199707,233.3472900390625
2020-12-23,589.5319213867188,51.99674606323242,61.20551300048828,640.89111328125,483.0036926269531,35.678070068359375,824.67919921875,381.8924865722656,28.67198944091797,238.37770080566406
2020-12-24,607.1944580078125,52.254364013671875,62.11050033569336,650.8842163085938,492.5467224121094,35.678070068359375,822.220703125,389.8156433105469,28.356420516967773,241.86724853515625
2020-12-28,614.6078491210938,53.585418701171875,64.20626831054688,658.221923828125,498.8288269042969,36.721580505371094,835.86328125,395.4423828125,29.212974548339844,249.435546875
2020-12-29,627.0960083007812,53.54248046875,64.20626831054688,664.9072875976562,507.173095703125,36.473121643066406,880.1656494140625,397.5101013183594,29.934280395507812,251.88270568847656
2020-12-30,622.0211181640625,53.327789306640625,64.0633773803711,667.3765869140625,507.1250915527344,36.423431396484375,866.8123168945312,401.2182312011719,29.52854347229004,250.97634887695312
2020-12-31,617.3939819335938,52.769615173339844,63.539424896240234,669.1469116210938,513.1674194335938,36.82095718383789,862.8592529296875,396.7745056152344,29.799036026000977,249.20892333984375
2021-01-01,620.7275390625,55.38876724243164,64.82546997070312,663.9057006835938,505.92626953125,37.16879653930664,867.872802734375,396.46636962890625,31.376895904541016,253.2423095703125
2021-01-04,621.6231079101562,56.5051383972168,67.20700073242188,659.689453125,509.9544372558594,38.36137771606445,865.6552734375,390.7998046875,32.05311965942383,254.73782348632812
2021-01-05,661.1773681640625,56.33338165283203,68.87407684326172,664.6743774414062,515.2775268554688,39.4545783996582,888.6019287109375,389.64666748046875,32.098201751708984,255.37229919433594
2021-01-06,651.0274658203125,56.24750900268555,69.2551040649414,661.8092041015625,524.3410034179688,41.14406967163086,889.2767333984375,391.76416015625,31.737550735473633,258.36334228515625
2021-01-07,667.7945556640625,56.805694580078125,72.0653305053711,659.805908203125,518.969970703125,45.51686477661133,917.9117431640625,388.1852722167969,31.96295928955078,260.7652587890625
2021-01-08,669.38671875,56.29044723510742,72.16058349609375,666.98046875,519.8811645507812,44.12552261352539,906.10107421875,391.82379150390625,31.917879104614258,259.22442626953125
2021-01-11,663.6649780273438,55.17408752441406,71.255615234375,676.2050170898438,522.4227905273438,44.17521667480469,895.7847290039062,385.35205078125,31.467063903808594,256.0520935058594
2021-01-12,672.3719482421875,60.75590133666992,72.58927154541016,689.9718017578125,525.5877685546875,46.8585205078125,894.3868408203125,378.45281982421875,32.9096794128418,265.11590576171875
2021-01-13,684.4122924804688,64.62022399902344,71.255615234375,685.14990234375,533.7401123046875,45.76531982421875,908.9452514648438,374.2078857421875,32.99983596801758,278.0770568847656
2021-01-14,672.67041015625,65.43603515625,71.49376678466797,684.2647705078125,530.6710205078125,45.96408462524414,934.928955078125,376.3055114746094,33.360496520996094,278.4849548339844
2021-01-15,671.5260620117188,64.53435516357422,69.87432098388672,683.2864990234375,520.7922973632812,48.15048599243164,931.2652587890625,370.58929443359375,32.41377639770508,275.4033203125
2021-01-18,653.7639770507812,62.73100662231445,68.20723724365234,690.9501342773438,511.3451232910156,46.36161422729492,899.3521118164062,367.21923828125,31.96295928955078,266.8833312988281
2021-01-19,665.4561157226562,65.04959869384766,71.82717895507812,700.6172485351562,524.1012573242188,49.8399772644043,906.197509765625,375.18212890625,32.9096794128418,270.644775390625
2021-01-20,672.421630859375,68.22694396972656,73.63716125488281,695.0965576171875,528.465087890625,51.13193893432617,913.7178344726562,374.5061340332031,33.31541061401367,274.2249755859375
2021-01-21,672.5211791992188,65.52191162109375,72.63690185546875,687.0833740234375,530.0956420898438,49.39276123046875,892.6513061523438,369.37646484375,32.143287658691406,267.245849609375
2021-01-22,641.3255615234375,62.98862838745117,69.82669830322266,672.5244750976562,511.96856689453125,49.19399642944336,861.2684326171875,363.45147705078125,31.151485443115234,257.13970947265625
2021-01-25,655.1571044921875,63.417999267578125,67.87382507324219,681.5159912109375,516.0447998046875,47.75295639038086,818.70166015625,356.7709655761719,30.790834426879883,254.64720153808594
2021-01-27,628.9866333007812,63.589744567871094,66.49253845214844,656.7078247070312,500.98681640625,47.5045051574707,790.741455078125,350.86590576171875,30.06952476501465,249.8433837890625
2021-01-28,667.3966064453125,57.32093811035156,68.20723724365234,638.9343872070312,506.6455993652344,47.603885650634766,773.8207397460938,342.5450744628906,29.348217010498047,255.91615295410156
2021-01-29,659.6348876953125,58.43730163574219,68.87407684326172,647.8093872070312,515.03759765625,46.9082145690918,815.7608642578125,340.57672119140625,30.06952476501465,255.68955993652344
2021-02-01,705.8561401367188,63.46092987060547,73.54188537597656,687.9918823242188,579.1056518554688,46.311920166015625,935.796630859375,358.1825866699219,32.23344802856445,281.6119689941406
2021-02-02,710.6823120117188,64.10498809814453,76.4473648071289,727.03271484375,592.1014404296875,47.405120849609375,940.6655883789062,370.0723571777344,32.639183044433594,301.91485595703125
2021-02-03,730.1856689453125,66.20889282226562,77.73339080810547,733.6715698242188,596.8970336914062,47.35543441772461,1010.95166015625,368.2630310058594,34.57769775390625,304.498046875
2021-02-04,740.2360229492188,70.45967102050781,81.49622344970703,735.6748657226562,602.6036987304688,48.74677658081055,995.1396484375,379.8346252441406,36.51622009277344,321.855224609375
2021-02-05,716.0556030273438,70.84609985351562,79.25757598876953,744.2936401367188,589.0324096679688,48.00141143798828,988.3424072265625,394.209716796875,36.200645446777344,356.297607421875
2021-02-08,732.524169921875,69.51505279541016,78.92416381835938,747.857666015625,603.8505249023438,48.846160888671875,997.9837646484375,389.12969970703125,34.26212692260742,359.8778381347656
2021-02-09,738.8428955078125,68.87100219726562,79.01941680908203,750.9325561523438,607.4470825195312,49.69090270996094,989.017333984375,387.5390625,35.20884323120117,357.8384094238281
2021-02-10,731.1807861328125,68.44161987304688,78.92416381835938,736.9095458984375,606.2962036132812,50.23750305175781,986.1248779296875,388.1156921386719,35.56949996948242,355.5271911621094
2021-02-11,736.4546508789062,66.2947769165039,79.44810485839844,732.5302124023438,604.8576049804688,52.225135803222656,985.2572631835938,389.89520263671875,34.938358306884766,353.6238098144531
2021-02-12,746.7039184570312,67.2823257446289,79.20994567871094,737.0026245117188,621.1143798828125,51.77791976928711,990.5599975585938,387.9169006347656,34.98343276977539,356.3429260253906
2021-02-15,790.0892944335938,68.31282043457031,81.16279602050781,753.1453857421875,646.38671875,53.76555633544922,1019.6771240234375,394.8558349609375,35.65966033935547,368.8509521484375
2021-02-16,771.2324829101562,68.44161987304688,81.35334014892578,757.82763671875,631.4246826171875,53.5171012878418,1020.3036499023438,401.5562744140625,35.61458206176758,364.6816101074219
2021-02-17,773.9192504882812,72.30596923828125,82.59172821044922,739.122314453125,630.4655151367188,56.05134201049805,996.1519165039062,395.55169677734375,37.59817886352539,373.20159912109375
2021-02-18,773.1729736328125,82.13853454589844,82.63935089111328,724.12109375,618.2850341796875,57.74082946777344,1008.541259765625,386.803466796875,39.49161148071289,376.3285827636719
2021-02-19,745.9577026367188,78.31714630126953,79.4957275390625,717.03955078125,598.5274658203125,62.01424789428711,1027.679443359375,385.4713439941406,37.91374588012695,362.1437072753906
2021-02-22,715.9064331054688,76.90023040771484,76.16157531738281,721.1859130859375,584.9082641601562,61.11981201171875,986.2213745117188,387.6285705566406,37.01211166381836,353.0346374511719
2021-02-23,712.4236450195312,74.58161926269531,77.39997100830078,712.404052734375,591.094482421875,61.02043151855469,1010.7106323242188,372.388671875,36.96703338623047,358.56353759765625
2021-02-24,745.7088623046875,75.8697280883789,80.6865005493164,748.416748046875,614.8801879882812,63.40559005737305,1031.63232421875,379.99371337890625,37.6883430480957,368.21649169921875
2021-02-25,766.8541870117188,77.24372100830078,82.16305541992188,748.3934936523438,602.31591796875,64.3000259399414,1069.95703125,376.8721618652344,37.77851104736328,369.1228332519531
2021-02-26,721.2300415039062,73.3364486694336,79.59099578857422,714.8499755859375,573.3031616210938,63.05775451660156,1024.8353271484375,353.97747802734375,36.831783294677734,353.6238098144531
2021-03-01,724.9615478515625,71.57603454589844,79.11469268798828,726.2639770507812,583.4696044921875,63.05775451660156,1029.6558837890625,366.9110107421875,36.78670883178711,357.9744567871094
2021-03-02,727.6482543945312,71.53309631347656,79.35284423828125,730.5966796875,585.53173828125,64.10126495361328,1034.8621826171875,366.7619323730469,36.96703338623047,357.294677734375
2021-03-03,750.2365112304688,73.5082015991211,83.92538452148438,739.2854614257812,606.2482299804688,66.68518829345703,1060.3155517578125,377.6674499511719,39.266204833984375,367.1288146972656
2021-03-04,733.1708374023438,73.6799545288086,86.40219116210938,723.07275390625,595.3624877929688,67.77838897705078,1052.7952880859375,377.3095397949219,39.311283111572266,358.6088562011719
2021-03-05,727.1507568359375,69.25743103027344,83.21092987060547,712.8001098632812,584.5245971679688,66.38705444335938,1002.61181640625,382.2404479980469,37.59817886352539,347.73236083984375
2021-03-08,739.6389770507812,69.729736328125,82.21068572998047,707.9082641601562,583.1818237304688,66.83425903320312,981.7380981445312,380.9182434082031,37.64325714111328,353.1252746582031
2021-03-09,741.7783813476562,68.95687866210938,81.21043395996094,727.941162109375,599.5345458984375,66.23797607421875,988.0532836914062,393.46405029296875,37.50801086425781,351.3125305175781
2021-03-10,757.0029907226562,68.69924926757812,82.21068572998047,724.7964477539062,600.0140991210938,66.43673706054688,1002.5634765625,390.481689453125,37.417850494384766,351.40313720703125
2021-03-12,746.9029541015625,66.423583984375,81.21043395996094,723.0261840820312,587.7855834960938,66.53611755371094,985.9802856445312,384.7554931640625,37.01211166381836,345.42108154296875
2021-03-15,740.7335205078125,67.71170043945312,79.7815170288086,712.1710815429688,578.8179931640625,64.84662628173828,1001.406494140625,381.4749755859375,36.78670883178711,347.9588928222656
2021-03-16,734.1162109375,67.71170043945312,79.63861083984375,704.484130859375,570.6176147460938,63.0080680847168,997.59814453125,378.4031066894531,35.88507080078125,343.1097412109375
2021-03-17,724.3148193359375,64.2767333984375,76.39972686767578,696.6571655273438,565.3905029296875,60.523521423339844,972.771484375,371.4740905761719,34.62278747558594,333.6834411621094
2021-03-18,715.2098999023438,61.78638458251953,74.06582641601562,694.6307373046875,554.9363403320312,59.03279495239258,966.842041015625,363.92864990234375,33.991634368896484,332.7317199707031
2021-03-19,722.6728515625,63.289188385009766,74.2087173461914,697.6588745117188,562.6571044921875,59.97692108154297,975.6157836914062,364.67425537109375,34.66786193847656,336.4025573730469
2021-03-22,712.6724243164062,62.21575164794922,73.4942626953125,684.4510498046875,549.9970092773438,59.08248519897461,933.4345092773438,362.3877868652344,34.21704864501953,332.64111328125
2021-03-23,726.9517211914062,63.761497497558594,74.49449157714844,698.8934936523438,562.4172973632812,60.970733642578125,954.5491333007812,360.3995361328125,34.938358306884766,337.8075256347656
2021-03-24,702.9207153320312,61.65758514404297,72.0653305053711,688.9468994140625,544.2903442382812,58.386810302734375,924.3234252929688,354.3949890136719,33.360496520996094,326.1605224609375
2021-03-25,691.1787719726562,60.15478515625,72.68453979492188,681.7489624023438,548.1746215820312,56.84639358520508,923.4556884765625,350.50799560546875,32.00804138183594,321.9458312988281
2021-03-26,694.7611083984375,60.75590133666992,73.11320495605469,694.7705078125,554.8883056640625,57.34330368041992,918.586669921875,352.12841796875,32.458858489990234,323.7585754394531
2021-03-30,691.9251098632812,62.04400634765625,72.2082290649414,723.8414306640625,567.2608642578125,57.8899040222168,926.5889892578125,354.15643310546875,32.59410095214844,327.02154541015625
2021-03-31,694.0147705078125,63.63268280029297,72.2082290649414,695.8651733398438,558.2931518554688,55.35566711425781,920.225830078125,348.5396423339844,33.044921875,330.19384765625
2021-04-01,709.4882202148438,64.92079162597656,75.11370086669922,692.650634765625,570.090087890625,56.69731903076172,957.6826782226562,358.7890625,34.44245910644531,335.9493713378906
2021-04-05,681.8748168945312,62.43043518066406,72.77979278564453,675.343017578125,547.8869018554688,53.96432113647461,903.7388916015625,349.7723693847656,33.31541061401367,320.4502868652344
2021-04-06,674.5610961914062,62.55925369262695,73.20846557617188,670.987060546875,542.7557983398438,54.95813751220703,894.0010986328125,351.5816650390625,33.405574798583984,317.73114013671875
2021-04-07,684.8600463867188,63.63268280029297,75.30422973632812,674.2249145507812,554.0252075195312,57.44268035888672,911.6449584960938,356.29376220703125,33.90147018432617,324.9822082519531
2021-04-08,678.2427978515625,63.117435455322266,74.11345672607422,667.516357421875,553.114013671875,57.0948486328125,901.3768920898438,354.5540771484375,33.76622772216797,322.3084411621094
2021-04-09,664.9088134765625,63.54680633544922,74.0181884765625,662.3682861328125,543.0433959960938,55.455047607421875,890.5301513671875,357.73529052734375,34.12688064575195,319.9517822265625
2021-04-12,632.4694213867188,56.762752532958984,67.8261947631836,636.884521484375,516.5242919921875,50.23750305175781,814.1219482421875,346.45196533203125,30.61050796508789,298.0627136230469
2021-04-13,657.7442626953125,59.167236328125,73.35137176513672,652.3984375,537.6724243164062,53.71586227416992,845.9386596679688,353.08282470703125,31.647390365600586,309.07525634765625
2021-04-15,665.5555419921875,58.65198516845703,72.25584411621094,666.2584228515625,551.6754150390625,52.12575912475586,827.5716552734375,352.5658264160156,31.331815719604492,310.6161193847656
2021-04-16,665.9039306640625,57.836181640625,72.77979278564453,665.5828247070312,543.7627563476562,53.31834411621094,832.0067138671875,350.7466125488281,31.376895904541016,308.0782165527344
2021-04-19,644.9575805664062,54.78765106201172,68.54065704345703,658.0123291015625,536.8572387695312,50.386573791503906,802.16650390625,338.1510314941406,29.88920021057129,300.1474609375
2021-04-20,648.5398559570312,54.315345764160156,68.68354034423828,648.2286376953125,536.2338256835938,50.33688735961914,814.7003784179688,337.54461669921875,30.385099411010742,298.6518859863281
2021-04-22,655.4556274414062,54.14359664916992,68.35013580322266,662.7176513671875,555.5118408203125,50.883487701416016,805.73388671875,345.1695556640625,30.565425872802734,305.1324768066406
2021-04-23,668.0433349609375,54.05772399902344,68.63591766357422,658.82763671875,546.6400756835938,50.78409957885742,819.5210571289062,344.8017272949219,30.65558624267578,304.95123291015625
2021-04-26,697.0,54.57296371459961,70.44589233398438,654.4716186523438,566.9251098632812,51.92699432373047,828.7286376953125,349.8617858886719,31.061323165893555,312.0663146972656
2021-04-27,696.1043701171875,56.07577133178711,71.58901977539062,670.264892578125,574.26220703125,53.02019119262695,850.8075561523438,348.0028076171875,31.51214027404785,319.9970703125
2021-04-28,704.662109375,58.17967987060547,74.16108703613281,688.01513671875,595.9378662109375,54.312156677246094,893.6636352539062,360.16094970703125,32.143287658691406,329.378173828125
2021-04-29,715.8566284179688,57.40681076049805,73.87530517578125,686.0118408203125,596.0338745117188,54.46122741699219,905.7635498046875,358.8785400390625,31.602304458618164,325.75262451171875
2021-04-30,711.3788452148438,57.32093811035156,76.3044662475586,657.9656372070312,575.9406127929688,54.36185073852539,901.4249877929688,347.7046203613281,31.421979904174805,320.40496826171875
2021-05-03,699.2886962890625,57.23506164550781,76.06631469726562,658.96728515625,572.343994140625,53.666175842285156,880.8405151367188,343.0620422363281,31.10640525817871,317.7764892578125
2021-05-04,696.900390625,60.455345153808594,75.68526458740234,646.8078002929688,567.356689453125,55.405357360839844,877.5142822265625,344.4935302734375,33.76622772216797,318.59228515625
2021-05-05,713.66748046875,62.1298828125,76.25684356689453,653.4465942382812,578.1466064453125,55.852577209472656,897.76123046875,352.0687561035156,33.76622772216797,322.12713623046875
2021-05-06,712.224609375,60.67002868652344,74.87554931640625,652.6546630859375,583.3258056640625,56.49855422973633,891.7836303710938,355.5482177734375,32.819515228271484,322.2630615234375
2021-05-07,713.2196655273438,60.58415603637695,73.97056579589844,659.1070556640625,582.2706298828125,56.399173736572266,892.98876953125,353.97747802734375,32.68427276611328,324.71026611328125
2021-05-10,711.72705078125,63.07449722290039,75.7805404663086,661.4830932617188,588.1692504882812,55.00783157348633,911.5003051757812,359.743408203125,32.098201751708984,327.8373107910156
2021-05-11,703.8660278320312,63.589744567871094,77.92391204833984,653.8892211914062,584.9082641601562,55.90226745605469,914.8265380859375,349.0267639160156,31.602304458618164,330.5111083984375
2021-05-12,687.8950805664062,66.46652221679688,77.73339080810547,652.0023193359375,570.4259033203125,54.85875701904297,883.78125,341.749755859375,33.450653076171875,333.2756042480469
2021-05-14,681.6260986328125,63.54680633544922,75.87579345703125,646.10888671875,572.8715209960938,53.86494064331055,858.9063110351562,339.3240966796875,33.1801643371582,326.7043151855469
2021-05-17,705.756591796875,66.20889282226562,77.68576049804688,670.987060546875,598.0958862304688,55.455047607421875,922.1541137695312,346.7800598144531,33.94655990600586,347.23382568359375
2021-05-18,708.1448974609375,65.9083480834961,80.35307312011719,687.968505859375,607.3033447265625,55.7035026550293,939.6050415039062,348.9571533203125,33.67605972290039,346.46337890625
2021-05-19,713.2694702148438,65.86541748046875,80.40071868896484,679.3496704101562,599.8703002929688,55.20659255981445,932.3257446289062,344.0760192871094,32.639183044433594,348.4120788574219
2021-05-20,702.4231567382812,65.69365692138672,79.4957275390625,667.516357421875,593.3003540039062,54.8090705871582,940.52099609375,339.63232421875,33.811309814453125,348.5480651855469
2021-05-21,727.3001098632812,69.38624572753906,81.11517333984375,697.565673828125,616.1749877929688,56.89608383178711,979.5687866210938,349.46417236328125,34.30720901489258,363.6393127441406
2021-05-24,737.4995727539062,69.85855102539062,82.30595397949219,703.4591064453125,620.8745727539062,58.88372039794922,968.7221069335938,349.3349609375,35.88507080078125,373.4734802246094
2021-05-25,727.94677734375,69.4291763305664,82.734619140625,689.0166625976562,623.703857421875,58.585575103759766,958.26123046875,348.0425720214844,35.47932815551758,373.74542236328125
2021-05-26,731.4793090820312,69.2145004272461,82.87751770019531,688.1315307617188,625.81396484375,57.44268035888672,962.6480712890625,346.0841369628906,35.3891716003418,374.8330383300781
2021-05-27,746.6541748046875,71.7477798461914,83.87775421142578,690.740478515625,625.57421875,57.54206848144531,970.7467651367188,353.36114501953125,38.00391387939453,385.39239501953125
2021-05-28,736.2058715820312,72.00540924072266,84.7827377319336,700.430908203125,616.7504272460938,58.784339904785156,982.7986450195312,358.03350830078125,38.09407424926758,382.5372619628906
2021-05-31,747.0025024414062,69.30036163330078,83.11566162109375,706.207763671875,635.6447143554688,58.13835906982422,976.67626953125,359.41534423828125,38.22932434082031,384.6219787597656
2021-06-01,741.4798583984375,68.14106750488281,81.6867446899414,704.2743530273438,623.5121459960938,57.19422912597656,973.8320922851562,357.2879638671875,37.5531005859375,392.0542907714844
2021-06-02,733.3699951171875,69.729736328125,83.4490737915039,700.6870727539062,621.8336791992188,60.573211669921875,991.138427734375,354.52423095703125,39.67193603515625,396.3142395019531
2021-06-03,746.9526977539062,70.2449951171875,83.83013153076172,708.3975219726562,623.6559448242188,60.27506637573242,969.686279296875,360.70770263671875,39.40144729614258,402.16864013671875
2021-06-04,738.3950805664062,70.28792572021484,83.68724060058594,699.2661743164062,616.414794921875,59.430320739746094,973.1089477539062,360.1112365722656,38.86046600341797,396.6344299316406
2021-06-07,747.4005126953125,71.18960571289062,83.40145111083984,698.753662109375,621.6898193359375,60.026615142822266,988.438720703125,360.846923828125,37.958831787109375,395.3995056152344
2021-06-08,742.6738891601562,70.2449951171875,82.11541748046875,690.9268798828125,616.1270141601562,58.98310089111328,983.5700073242188,356.6019592285156,37.372772216796875,390.7800598144531
2021-06-09,733.1211547851562,70.28792572021484,80.49597930908203,689.6456909179688,610.084716796875,59.330936431884766,967.5651245117188,354.4844665527344,36.60637664794922,385.52020263671875
2021-06-10,740.584228515625,72.77826690673828,82.35357666015625,689.9951782226562,614.2089233398438,59.97692108154297,987.6193237304688,357.794921875,38.319480895996094,395.3995056152344
2021-06-11,734.8128051757812,72.52064514160156,81.9725341796875,692.4642944335938,609.7010498046875,59.67877197265625,978.7009887695312,356.7610168457031,37.91374588012695,392.9753723144531
2021-06-14,732.6236572265625,72.95001220703125,81.25807189941406,689.2496337890625,609.173583984375,59.08248519897461,987.5711059570312,351.53192138671875,38.81538391113281,393.6614990234375
2021-06-15,747.2015380859375,73.07881927490234,81.9249038696289,694.2811889648438,618.908447265625,59.2315559387207,997.3571166992188,352.0986022949219,38.22932434082031,392.8839111328125
2021-06-16,746.1068725585938,72.47770690917969,80.92465209960938,691.6489868164062,613.9210815429688,58.188045501708984,977.3511962890625,350.05072021484375,37.64325714111328,389.6365661621094
2021-06-17,734.9619750976562,70.33085632324219,81.30570220947266,683.0302124023438,607.1115112304688,57.44268035888672,948.7643432617188,351.13433837890625,37.057193756103516,384.42254638671875
2021-06-18,732.6734008789062,68.87100219726562,79.87677764892578,689.4127807617188,604.6178588867188,57.24391555786133,959.7073974609375,350.0209045410156,36.33588790893555,377.6991271972656
2021-06-21,735.9073486328125,70.7602310180664,81.30570220947266,693.55908203125,605.4329833984375,58.08866500854492,971.4216918945312,352.3273010253906,37.59817886352539,383.96514892578125
2021-06-22,735.7083740234375,70.28792572021484,80.59123992919922,691.2763061523438,605.0493774414062,57.74082946777344,964.2388305664062,349.3548583984375,37.237525939941406,382.9589538574219
2021-06-23,728.7428588867188,70.67436218261719,80.78176879882812,692.0682983398438,599.1509399414062,57.39299392700195,963.7085571289062,345.2987976074219,38.09407424926758,383.141845703125
2021-06-24,735.5094604492188,69.4291763305664,80.82938385009766,701.7352905273438,608.1185302734375,56.548248291015625,964.7691650390625,345.5373840332031,37.46293258666992,381.6325378417969
2021-06-25,757.6000366210938,71.70484161376953,81.6867446899414,705.8583984375,622.4571533203125,57.8899040222168,976.5799560546875,344.9608459472656,38.139156341552734,392.2436218261719
2021-06-28,758.6448364257812,75.39743041992188,83.21092987060547,702.7137451171875,623.703857421875,56.597938537597656,972.7233276367188,344.57305908203125,39.085872650146484,390.3683166503906
2021-06-29,748.246337890625,74.79630279541016,82.40120697021484,702.8073120117188,613.9210815429688,55.504737854003906,981.6416015625,339.1650390625,38.77030563354492,385.56597900390625
2021-06-30,744.6143188476562,73.76582336425781,82.9727783203125,700.8655395507812,605.097412109375,53.86494064331055,979.9061279296875,339.1650390625,38.139156341552734,383.4620361328125
2021-07-01,742.7733764648438,73.89463806152344,82.58863830566406,695.6484375,605.0493774414062,53.86494064331055,971.5663452148438,341.2030029296875,38.18423843383789,384.5597229003906
2021-07-02,746.9526977539062,73.16470336914062,81.91641998291016,692.67724609375,614.0650024414062,53.666175842285156,973.4464111328125,341.01409912109375,37.958831787109375,388.2187194824219
2021-07-05,756.6049194335938,74.15225219726562,83.78905487060547,699.7191162109375,621.3540649414062,54.1133918762207,983.9556274414062,344.18536376953125,38.139156341552734,395.765380859375
2021-07-06,754.61474609375,73.42232513427734,83.45294189453125,718.0841674804688,623.703857421875,53.268646240234375,994.0791015625,349.0068359375,37.733421325683594,393.1126403808594
2021-07-07,759.1424560546875,73.89463806152344,82.87674713134766,720.3300170898438,627.2526245117188,53.616485595703125,1007.4324951171875,350.2892761230469,37.59817886352539,395.9483337402344
2021-07-08,750.684326171875,71.70484161376953,82.63665771484375,711.4165649414062,615.6475219726562,52.87112045288086,1007.9627685546875,344.4239807128906,37.01211166381836,388.2644958496094
2021-07-09,743.6689453125,71.83366394042969,82.20451354980469,702.783935546875,612.4344482421875,53.417720794677734,1002.6598510742188,341.9883728027344,36.96703338623047,387.6241455078125
2021-07-12,749.88818359375,71.53309631347656,85.9498062133789,695.765380859375,619.819580078125,53.666175842285156,1011.6746215820312,344.3543701171875,36.87687301635742,391.0086975097656
2021-07-13,766.9537353515625,72.7353286743164,85.70972442626953,702.713623046875,637.7548217773438,53.666175842285156,1018.0379638671875,347.3764953613281,36.87687301635742,392.51806640625
2021-07-14,766.257080078125,72.34890747070312,86.2859115600586,701.4503784179688,637.1793212890625,53.467411041259766,1014.8563232421875,347.57537841796875,36.69654083251953,394.30181884765625
2021-07-15,770.3370361328125,71.87659454345703,84.89344787597656,711.5335693359375,640.1525268554688,53.06988525390625,1017.2667236328125,347.953125,36.3809700012207,394.8963928222656
2021-07-16,767.3517456054688,70.15911102294922,84.41327667236328,712.3056640625,633.2949829101562,53.71586227416992,1006.85400390625,347.8437194824219,36.831783294677734,393.3412780761719
2021-07-19,751.4802856445312,68.82806396484375,82.58863830566406,688.279052734375,629.0748901367188,52.27482604980469,979.424072265625,342.5351257324219,36.33588790893555,391.42034912109375
2021-07-20,742.0768432617188,67.75463104248047,80.42789459228516,675.2479858398438,615.6475219726562,50.883487701416016,946.35400390625,338.5288391113281,35.83999252319336,385.0171203613281
2021-07-22,743.0718994140625,68.87100219726562,80.9080581665039,677.8448486328125,629.1229248046875,51.827613830566406,956.573974609375,339.4334716796875,36.06540298461914,386.06903076171875
2021-07-23,751.6793212890625,68.5704345703125,82.01244354248047,675.0609130859375,648.976318359375,50.833797454833984,953.8261108398438,342.56494140625,36.11048126220703,392.3350830078125
2021-07-26,752.5748901367188,68.48456573486328,83.78905487060547,671.22412109375,649.0721435546875,50.883487701416016,946.1129150390625,346.0741882324219,35.47932815551758,387.2124938964844
2021-07-27,728.0961303710938,68.69924926757812,82.87674713134766,673.6571044921875,649.7435913085938,50.4362678527832,940.8101806640625,337.5943298339844,35.29901123046875,393.2955627441406
2021-07-28,719.3394165039062,67.02471160888672,82.156494140625,663.1528930664062,657.03271484375,50.386573791503906,957.1524047851562,328.6273193359375,34.62278747558594,389.2249450683594
2021-07-29,713.7172241210938,69.2145004272461,82.49260711669922,663.5973510742188,661.313232421875,51.628849029541016,956.4774780273438,326.4004821777344,35.524417877197266,403.9066162109375
2021-07-30,705.4083251953125,68.95687866210938,83.98112487792969,667.43408203125,656.5037231445312,51.67853927612305,945.82373046875,329.0150451660156,35.61458206176758,394.98785400390625
2021-08-02,717.5980834960938,69.34330749511719,83.11682891845703,665.6561279296875,655.4454956054688,51.52946472167969,952.5726928710938,331.06292724609375,36.69654083251953,397.8235778808594
2021-08-03,734.9619750976562,70.97491455078125,85.61370086669922,671.2943115234375,664.1028442382812,51.380393981933594,985.4017944335938,335.1488037109375,36.33588790893555,408.43463134765625
2021-08-04,750.0872802734375,71.70484161376953,84.26921844482422,685.612060546875,687.4291381835938,49.442447662353516,983.9556274414062,347.9331970214844,35.524417877197266,417.9937744140625
2021-08-05,745.609375,70.80316162109375,82.5406265258789,694.7593994140625,675.69384765625,47.5045051574707,961.9249267578125,352.2676086425781,35.02851486206055,404.1810607910156
2021-08-06,737.2009887695312,71.61897277832031,83.69303131103516,698.4090576171875,671.0765380859375,48.89584732055664,992.584716796875,353.3512268066406,35.65966033935547,398.5096435546875
2021-08-09,751.77880859375,69.68679809570312,84.26921844482422,703.6728515625,676.0784912109375,47.10697937011719,1005.4078369140625,354.08685302734375,34.938358306884766,396.4514465332031
2021-08-10,757.7990112304688,67.06764221191406,82.97278594970703,705.4274291992188,674.2028198242188,45.56655502319336,996.53759765625,360.518798828125,33.811309814453125,390.0939636230469
2021-08-11,757.0526733398438,69.25743103027344,81.82036590576172,699.4851684570312,667.1328125,46.610069274902344,1003.8651733398438,354.2030029296875,33.72114944458008,391.5575256347656
2021-08-12,753.6196899414062,70.03031158447266,82.20451354980469,702.5031127929688,674.6356201171875,45.616249084472656,998.224853515625,355.6153869628906,34.0817985534668,390.73431396484375
2021-08-13,756.1572265625,69.51505279541016,81.91641998291016,714.1069946289062,677.9542846679688,45.21872329711914,987.426513671875,355.675048828125,34.036720275878906,394.43902587890625
2021-08-16,758.246826171875,68.2698745727539,81.43624877929688,716.165771484375,675.8861694335938,44.57273864746094,982.4611206054688,354.5511169433594,33.76622772216797,388.63037109375
2021-08-17,753.0226440429688,67.02471160888672,79.94772338867188,708.7028198242188,674.4913940429688,43.87706756591797,969.0903930664062,355.7446594238281,33.13508987426758,385.56597900390625
2021-08-18,750.684326171875,67.6258316040039,79.94772338867188,707.9307861328125,662.0826416015625,44.37397766113281,958.8685302734375,348.0562438964844,32.9096794128418,383.9194641113281
2021-08-20,736.6039428710938,63.675621032714844,76.73060607910156,708.7496337890625,654.7722778320312,41.541595458984375,948.9857788085938,338.8759460449219,32.098201751708984,372.0277099609375
2021-08-23,732.474365234375,62.859806060791016,75.14605712890625,713.3583984375,656.6959838867188,40.69684982299805,957.8511352539062,341.5216369628906,32.59410095214844,374.5889892578125
2021-08-24,742.6738891601562,64.83491516113281,76.92268371582031,729.3839111328125,667.99853515625,42.634796142578125,973.7894897460938,339.14453125,32.77442932128906,381.99847412109375
2021-08-25,735.4098510742188,64.49141693115234,77.2587890625,728.7055053710938,664.7279663085938,42.286956787109375,974.27392578125,337.61279296875,32.86459732055664,380.7635498046875
2021-08-26,742.6738891601562,63.63268280029297,75.0980453491211,727.4889526367188,672.182861328125,41.939125061035156,970.3499755859375,337.6724853515625,32.27853012084961,375.7323913574219
2021-08-27,748.6941528320312,64.01911926269531,74.85796356201172,724.5177612304688,673.0966186523438,42.237266540527344,959.4014282226562,340.8652038574219,32.59410095214844,377.2875061035156
2021-08-30,780.1882934570312,66.08009338378906,78.12308502197266,733.7821655273438,686.4672241210938,43.181396484375,973.8379516601562,345.30120849609375,33.13508987426758,386.66363525390625
2021-08-31,782.6261596679688,66.423583984375,78.02705383300781,739.93505859375,691.6614990234375,42.684486389160156,961.5330810546875,348.8519592285156,33.044921875,389.72802734375
2021-09-01,794.965087890625,67.2823257446289,79.1314468383789,738.85888671875,692.4791259765625,44.17521667480469,967.6854858398438,347.44952392578125,33.67605972290039,393.24981689453125
2021-09-02,798.746337890625,67.32527160644531,79.51557922363281,743.4910888671875,697.5291748046875,44.622432708740234,978.6824340820312,353.3675231933594,33.76622772216797,393.1126403808594
2021-09-03,794.0694580078125,68.01225280761719,79.56359100341797,737.4318237304688,696.7115478515625,45.367794036865234,972.5299682617188,356.4408874511719,34.30720901489258,394.6219787597656
2021-09-06,796.855712890625,67.75463104248047,79.1314468383789,732.5889282226562,693.6815795898438,44.870887756347656,961.0970458984375,352.99951171875,34.12688064575195,394.30181884765625
2021-09-07,783.969482421875,67.06764221191406,78.31515502929688,734.2500610351562,689.5933837890625,46.1131591796875,970.1077880859375,351.0699768066406,33.72114944458008,392.51806640625
2021-09-08,790.7857666015625,68.14106750488281,79.80367279052734,737.5955810546875,693.4891357421875,45.864707946777344,968.509033203125,361.1156005859375,33.94655990600586,394.57623291015625
2021-09-09,786.2581787109375,67.96932220458984,79.1314468383789,733.9458618164062,692.8157958984375,46.610069274902344,968.412109375,361.6129455566406,33.85639190673828,395.4452209472656
2021-09-13,784.467041015625,67.19646453857422,78.84334564208984,727.8399047851562,680.4552612304688,46.56037521362305,965.3117065429688,366.02899169921875,33.90147018432617,395.9483337402344
2021-09-14,790.4873046875,67.53995513916016,79.08341979980469,724.5646362304688,680.50341796875,47.6535758972168,1004.3582763671875,371.5391540527344,34.0817985534668,396.0855712890625
2021-09-15,787.5020141601562,69.81562042236328,80.33186340332031,723.745849609375,687.1405029296875,48.34925079345703,1021.1686401367188,372.32489013671875,34.938358306884766,406.01055908203125
2021-09-16,798.6467895507812,73.76582336425781,82.49260711669922,729.8985595703125,699.5010375976562,50.635032653808594,1095.7735595703125,379.30712890625,37.6883430480957,424.1683044433594
2021-09-17,803.3734130859375,70.67436218261719,79.9957504272461,740.2859497070312,692.7196044921875,48.846160888671875,1094.8531494140625,399.4282531738281,35.83999252319336,415.38671875
2021-09-20,791.9301147460938,67.19646453857422,76.53854370117188,729.851806640625,682.9562377929688,47.554195404052734,1056.048828125,398.1352844238281,34.352294921875,400.15618896484375
2021-09-21,791.4325561523438,67.53995513916016,76.8746566772461,726.1553955078125,684.7357177734375,48.20017623901367,1102.1683349609375,400.0250244140625,34.352294921875,401.3910827636719
2021-09-22,784.467041015625,68.44161987304688,77.88301086425781,717.6162109375,676.5594482421875,48.20017623901367,1105.898681640625,394.9722900390625,34.397377014160156,401.4368591308594
2021-09-23,808.1498413085938,68.39868927001953,78.60325622558594,734.6010131835938,689.6895751953125,48.20017623901367,1132.7855224609375,402.6209411621094,34.712947845458984,411.4532775878906
2021-09-24,794.1192626953125,66.85295104980469,77.6429214477539,749.3632202148438,695.4130249023438,46.80883026123047,1126.875244140625,403.4365539550781,34.17196273803711,403.1748352050781
2021-09-27,793.024658203125,66.98177337646484,78.3631820678711,760.3822021484375,702.1943969726562,46.56037521362305,1114.9093017578125,404.48089599609375,34.57769775390625,408.526123046875
2021-09-28,785.3129272460938,68.22694396972656,77.6909408569336,755.6798706054688,689.8338012695312,45.96408462524414,1099.455322265625,411.41339111328125,35.29901123046875,406.97100830078125
2021-09-29,778.297607421875,70.15911102294922,78.12308502197266,745.7603759765625,682.4752197265625,48.00141143798828,1088.2645263671875,403.90399169921875,35.74982833862305,420.7837219238281
2021-09-30,762.7744140625,70.2020492553711,80.95608520507812,746.2750244140625,674.1547241210938,47.35543441772461,1077.316162109375,398.9408874511719,36.15555953979492,414.3804931640625
2021-10-01,764.3665771484375,70.80316162109375,79.85169219970703,740.5432739257812,665.9784545898438,47.057281494140625,1069.7103271484375,396.563720703125,36.60637664794922,413.1455993652344
2021-10-04,775.1630249023438,72.43477630615234,81.67633056640625,741.9703979492188,673.5294799804688,47.35543441772461,1084.9705810546875,396.0465393066406,37.057193756103516,423.6651611328125
2021-10-05,778.745361328125,71.57603454589844,82.34856414794922,746.5089721679688,670.5474853515625,47.6535758972168,1132.2525634765625,394.3357849121094,37.01211166381836,425.0830383300781
2021-10-06,775.1133422851562,70.67436218261719,81.05210876464844,755.6096801757812,663.237060546875,46.709449768066406,1096.6456298828125,389.0444030761719,35.97523880004883,418.222412109375
2021-10-07,773.2723999023438,72.13422393798828,82.06046295166016,753.5509643554688,675.4533081054688,47.5045051574707,1130.41162109375,388.3879699707031,35.97523880004883,418.86273193359375
2021-10-08,778.0985717773438,75.65504455566406,82.20451354980469,749.8778686523438,676.6076049804688,47.703269958496094,1137.8721923828125,385.1853332519531,36.33588790893555,418.9542541503906
2021-10-11,783.27294921875,75.13980865478516,82.82872772216797,764.4529418945312,686.1304931640625,47.5045051574707,1136.7579345703125,392.9532775878906,36.471134185791016,429.2451171875
2021-10-12,793.2236938476562,75.65504455566406,85.08551025390625,762.4877319335938,681.6095581054688,48.79646682739258,1145.138916015625,396.8720703125,37.192440032958984,441.8229064941406
2021-10-13,790.6862182617188,75.44036102294922,89.88717651367188,767.0731201171875,682.9081420898438,48.59770584106445,1147.657958984375,399.70672607421875,37.372772216796875,440.63372802734375
2021-10-14,798.0994873046875,76.2132339477539,89.40701293945312,789.5322875976562,699.5972290039062,49.09461212158203,1172.3648681640625,401.38763427734375,38.364566802978516,448.7750244140625
2021-10-18,809.2941284179688,79.90582275390625,91.51974487304688,781.5313110351562,717.055908203125,50.635032653808594,1181.6661376953125,400.154296875,41.47520446777344,455.4983825683594
2021-10-19,797.7015380859375,76.72847747802734,89.16690826416016,790.1405639648438,718.979736328125,48.299556732177734,1156.8626708984375,404.87872314453125,39.807186126708984,446.57958984375
2021-10-20,800.8359985351562,79.1758804321289,90.27130889892578,783.1922607421875,717.440673828125,48.34925079345703,1164.322998046875,400.920166015625,38.86046600341797,457.2821044921875
2021-10-21,803.8212280273438,81.966796875,92.72015380859375,784.338623046875,726.72314453125,49.39276123046875,1147.56103515625,426.4420471191406,40.25800323486328,460.0721130371094
2021-10-22,812.6774291992188,81.19393157958984,99.77860260009766,786.4207763671875,730.3783569335938,49.69090270996094,1159.1878662109375,431.9422607421875,39.626853942871094,460.0721130371094
2021-10-25,840.9375,82.86847686767578,98.43414306640625,775.3081665039062,809.6397705078125,49.044921875,1141.1180419921875,428.5804748535156,40.48341369628906,463.3194580078125
2021-10-26,837.7532958984375,85.78819274902344,97.9539794921875,773.319580078125,797.8082885742188,52.523284912109375,1118.978759765625,439.8096618652344,41.33995819091797,468.85369873046875
2021-10-27,783.6211547851562,88.1067886352539,96.36942291259766,768.6640625,803.1950073242188,52.02637481689453,1107.012939453125,435.2940979003906,41.745697021484375,474.8910217285156
2021-10-28,754.61474609375,83.9848403930664,93.92057800292969,745.6434326171875,768.277587890625,49.243682861328125,1139.4222412109375,417.4407653808594,37.28260803222656,458.6085510253906
2021-10-29,738.3453979492188,83.72721099853516,93.58445739746094,740.6134033203125,771.5,49.19399642944336,1104.7359619140625,404.04327392578125,37.958831787109375,459.34033203125
2021-11-01,748.6443481445312,85.05826568603516,94.1126480102539,751.1178588867188,773.279541015625,50.23750305175781,1190.870849609375,413.0644226074219,37.958831787109375,471.7351379394531
2021-11-02,752.1270751953125,87.84916687011719,97.90595245361328,751.7963256835938,770.4419555664062,51.87730407714844,1174.8355712890625,413.09423828125,37.958831787109375,477.2236022949219
2021-11-03,746.9029541015625,86.64694213867188,96.2253646850586,739.9583740234375,756.0133056640625,50.23750305175781,1141.311767578125,405.31640625,37.28260803222656,482.6664123535156
2021-11-04,749.2413940429688,88.1067886352539,97.08967590332031,745.80712890625,752.3098754882812,50.23750305175781,1152.114990234375,409.1854248046875,37.77851104736328,485.2276306152344
2021-11-08,747.3507080078125,90.7259521484375,97.5218276977539,748.7549438476562,750.4342041015625,51.03255844116211,1028.1446533203125,421.4888000488281,38.22932434082031,478.6415100097656
2021-11-09,741.3803100585938,91.32707214355469,98.00199127197266,735.6537475585938,756.5904541015625,51.92699432373047,1035.0238037109375,417.18212890625,38.68014144897461,484.03851318359375
2021-11-10,745.6591186523438,86.47518920898438,96.36942291259766,727.699462890625,751.1557006835938,51.579158782958984,1000.0950927734375,412.97491455078125,38.09407424926758,479.6934814453125
2021-11-11,734.4147338867188,86.99043273925781,96.2253646850586,724.4476318359375,742.0656127929688,50.5853385925293,1001.160888671875,408.6085510253906,37.733421325683594,466.1551818847656
2021-11-12,732.4246826171875,87.03336334228516,96.12933349609375,726.646728515625,747.0193481445312,51.33070373535156,1004.7942504882812,412.7063903808594,37.64325714111328,467.7559814453125
2021-11-15,729.638427734375,84.92945861816406,95.60115051269531,728.63525390625,743.8450927734375,50.883487701416016,1009.1058959960938,417.2019958496094,37.50801086425781,463.3652038574219
2021-11-16,722.5734252929688,83.0831527709961,93.53643798828125,724.3073120117188,734.9474487304688,49.93935775756836,989.1465454101562,414.3276062011719,37.057193756103516,452.8913269042969
2021-11-17,708.84130859375,83.77014923095703,93.24833679199219,716.2594604492188,732.3021240234375,49.19399642944336,1001.839111328125,408.4095764160156,36.65146255493164,455.68133544921875
2021-11-18,702.8709716796875,82.6537857055664,90.94354248046875,720.2832641601562,733.8412475585938,48.299556732177734,977.083740234375,402.7104797363281,37.5531005859375,460.8496398925781
2021-11-22,683.0192260742188,78.01658630371094,87.82245635986328,709.0302734375,723.3563232421875,46.9082145690918,975.58203125,388.9847412109375,35.97523880004883,444.93304443359375
2021-11-23,682.2728881835938,80.20638275146484,89.07088470458984,709.1239624023438,723.2120971679688,48.448631286621094,950.82666015625,394.4451599121094,36.65146255493164,451.0161437988281
2021-11-24,681.7753295898438,80.16344451904297,89.3589859008789,710.2936401367188,731.2440795898438,48.448631286621094,940.21728515625,400.1145324707031,36.471134185791016,451.10760498046875
2021-11-25,676.5512084960938,79.90582275390625,89.2149429321289,713.9900512695312,722.4425659179688,48.2498664855957,929.4624633789062,404.8290100097656,36.020320892333984,448.7292175292969
2021-11-26,658.4906616210938,76.29911041259766,85.18153381347656,697.122314453125,694.6915283203125,46.06346893310547,873.7509765625,390.74517822265625,34.712947845458984,430.3885803222656
2021-11-29,647.89306640625,74.0663833618164,83.59700012207031,702.4329223632812,691.0362548828125,44.870887756347656,867.5984497070312,401.7457275390625,33.90147018432617,425.4489440917969
2021-11-30,652.4207153320312,73.63701629638672,83.3569107055664,698.8301391601562,687.1405029296875,44.324283599853516,855.5357055664062,390.2677917480469,33.630985260009766,421.2868347167969
2021-12-01,676.2526245117188,75.18274688720703,85.03749084472656,704.0238647460938,699.9819946289062,46.01377487182617,904.6102905273438,388.5670166015625,34.57769775390625,434.7793273925781
2021-12-02,672.7698974609375,75.65504455566406,85.37360382080078,713.896484375,694.8839721679688,46.65975570678711,916.1401977539062,390.7353210449219,34.712947845458984,436.33441162109375
2021-12-03,669.6851806640625,76.08441925048828,85.66169738769531,708.1880493164062,689.0162353515625,46.95790481567383,921.5660400390625,380.7791442871094,34.712947845458984,432.8126220703125
2021-12-06,659.833984375,74.75337219238281,84.26921844482422,703.6261596679688,682.5232543945312,46.311920166015625,887.1702270507812,375.0104064941406,34.26212692260742,425.6318359375
2021-12-07,683.6162109375,76.90023040771484,86.09385681152344,713.873046875,706.6672973632812,47.5045051574707,897.8280639648438,385.34442138671875,34.712947845458984,436.05999755859375
2021-12-08,693.6664428710938,79.09001159667969,86.7660903930664,727.0211181640625,724.703125,48.299556732177734,915.89794921875,382.0224609375,35.47932815551758,449.64398193359375
2021-12-09,690.531982421875,79.21881866455078,87.1982421875,714.4111328125,726.2421264648438,49.19399642944336,916.9637451171875,381.20684814453125,35.61458206176758,446.9911804199219
2021-12-10,684.6610717773438,80.89336395263672,88.92684173583984,712.3992309570312,729.1279296875,51.77791976928711,915.3650512695312,377.30792236328125,36.74162673950195,452.52545166015625
2021-12-13,700.532470703125,79.99169921875,88.30261993408203,707.065185546875,725.2802734375,50.78409957885742,909.35791015625,372.6034240722656,36.290809631347656,446.21368408203125
2021-12-14,707.3984985351562,79.30469512939453,87.39031219482422,702.9945068359375,729.753173828125,50.485958099365234,916.6246337890625,366.0986022949219,36.200645446777344,446.8997497558594
2021-12-15,708.9906616210938,77.50133514404297,85.75773620605469,701.8480224609375,723.5968627929688,49.88966751098633,909.35791015625,371.4695739746094,35.83999252319336,443.4694519042969
2021-12-16,706.1546630859375,76.12735748291016,85.08551025390625,701.8948364257812,712.9197998046875,49.39276123046875,899.4267578125,370.1466979980469,35.524417877197266,440.130615234375
2021-12-17,685.5068969726562,72.9070816040039,81.82036590576172,689.23828125,700.55908203125,47.75295639038086,855.5357055664062,356.82879638671875,34.26212692260742,427.9187316894531
2021-12-20,671.028564453125,68.82806396484375,77.83499145507812,667.0598754882812,682.9081420898438,45.3181037902832,819.7833251953125,346.6240539550781,33.13508987426758,410.90447998046875
2021-12-21,662.5703125,67.79756927490234,77.3548355102539,674.6163940429688,692.9119873046875,45.46717834472656,830.5381469726562,345.4404296875,33.31541061401367,407.97723388671875
2021-12-22,666.0531005859375,68.5704345703125,78.07508850097656,676.2072143554688,704.8877563476562,47.75295639038086,844.6356201171875,350.5826110839844,33.76622772216797,416.987548828125
2021-12-23,675.45654296875,69.729736328125,78.89136505126953,675.6925048828125,703.4448852539062,47.405120849609375,844.0057983398438,353.2083740234375,34.26212692260742,422.4302673339844
2021-12-24,664.2122192382812,68.22694396972656,77.7869644165039,673.2594604492188,699.4048461914062,46.610069274902344,834.3653564453125,347.79766845703125,33.22524642944336,417.9937744140625
2021-12-27,668.83935546875,68.5704345703125,78.02705383300781,678.8274536132812,707.9658813476562,46.1131591796875,828.6488647460938,352.7806701660156,33.585899353027344,419.0
2021-12-28,672.1231079101562,69.47211456298828,78.65127563476562,683.5064086914062,707.7734985351562,47.10697937011719,826.1296997070312,353.06915283203125,33.630985260009766,421.8814392089844
2021-12-29,667.197509765625,69.51505279541016,78.69929504394531,680.2545166015625,707.6773071289062,47.10697937011719,842.9400024414062,350.9406433105469,33.4957389831543,415.6611633300781
2021-12-30,665.5555419921875,68.82806396484375,78.93936920166016,683.8340454101562,707.6773071289062,47.206356048583984,857.861083984375,349.1602783203125,33.4957389831543,413.19134521484375
2021-12-31,675.2078247070312,70.37379455566406,79.7076416015625,692.2094116210938,711.9578247070312,48.05110168457031,860.5255737304688,357.2863464355469,33.630985260009766,421.1954040527344
2022-01-03,692.9201049804688,71.96247100830078,83.74103546142578,711.0423583984375,735.5726928710938,49.34306716918945,883.92431640625,362.9258117675781,34.26212692260742,430.66302490234375
2022-01-04,705.6571655273438,72.04834747314453,84.98946380615234,715.2066040039062,743.4122924804688,48.99523162841797,876.2700805664062,368.5254821777344,34.57769775390625,442.2803039550781
2022-01-05,723.3197631835938,72.9070816040039,86.47799682617188,732.1912841796875,758.033203125,49.49213790893555,875.8341064453125,382.360595703125,34.938358306884766,450.4215087890625
2022-01-06,726.7029418945312,74.36693572998047,86.47799682617188,720.447021484375,755.1475830078125,49.49213790893555,893.031982421875,376.34320068359375,34.98343276977539,449.78125
2022-01-07,727.0014038085938,75.22567749023438,87.7264175415039,725.5003662109375,763.0352172851562,48.89584732055664,893.5648803710938,378.7998962402344,35.07360076904297,449.36956787109375
2022-01-10,739.141357421875,79.13294219970703,91.75982666015625,729.5242919921875,779.86865234375,49.49213790893555,892.2083740234375,387.4928283691406,36.3809700012207,460.71240234375
2022-01-11,739.5891723632812,79.1758804321289,92.6241226196289,732.6826782226562,779.7724609375,48.99523162841797,889.398681640625,385.27484130859375,36.020320892333984,462.8163757324219
2022-01-12,743.1714477539062,79.648193359375,94.59280395507812,728.3546142578125,792.3734741210938,49.19399642944336,912.2645874023438,389.2135009765625,36.06540298461914,466.749755859375
2022-01-13,737.0516967773438,80.63574981689453,96.60950469970703,714.9492797851562,793.2872924804688,49.49213790893555,898.2640380859375,383.196044921875,36.245723724365234,467.7559814453125
2022-01-14,718.145263671875,80.37812805175781,95.55314636230469,722.9737548828125,788.766357421875,48.89584732055664,891.433349609375,385.5533447265625,36.200645446777344,465.01177978515625
2022-01-17,709.139892578125,80.5069351196289,96.0333023071289,711.907958984375,788.0928955078125,48.69708251953125,891.8693237304688,385.4041442871094,35.93014907836914,470.1800842285156
2022-01-18,721.6280517578125,79.21881866455078,94.40074920654297,715.5341796875,791.748291015625,47.454811096191406,871.6678466796875,386.3390808105469,35.25392150878906,463.5938415527344
2022-01-19,726.0064086914062,82.31028747558594,94.64083099365234,710.4807739257812,777.8004760742188,48.647396087646484,865.4669189453125,379.078369140625,36.06540298461914,471.82659912109375
2022-01-20,725.3098754882812,83.04021453857422,93.96858215332031,706.0592041015625,779.3877563476562,47.454811096191406,849.9161376953125,376.482421875,36.06540298461914,467.8017272949219
2022-01-21,708.9906616210938,79.60525512695312,90.17527770996094,711.9547729492188,773.856689453125,46.41130447387695,827.5346069335938,376.7112121582031,34.98343276977539,459.84344482421875
2022-01-24,701.1295776367188,79.5193862915039,88.35064697265625,695.6016845703125,768.0371704101562,44.274593353271484,824.773193359375,364.2088623046875,34.26212692260742,452.0223693847656
2022-01-25,748.4951171875,84.58595275878906,92.04792022705078,696.2566528320312,771.115234375,44.92057800292969,856.746826171875,368.93328857421875,35.524417877197266,470.7746887207031
2022-01-27,770.0383911132812,88.87965393066406,96.12933349609375,690.127197265625,764.3819580078125,45.66594314575195,860.4771118164062,375.8160400390625,37.10227966308594,483.8555908203125
2022-01-28,760.9335327148438,88.7079086303711,96.2253646850586,684.65283203125,751.3961181640625,46.311920166015625,875.446533203125,377.6163024902344,36.831783294677734,478.8244323730469
2022-01-31,769.2423095703125,92.35755157470703,96.60950469970703,695.1572265625,758.7546997070312,46.460994720458984,844.9747314453125,369.45050048828125,37.46293258666992,492.4084167480469
2022-02-01,778.0488891601562,91.15532684326172,96.27338409423828,700.4443359375,779.4358520507812,47.15666961669922,893.6133422851562,374.4335021972656,37.237525939941406,486.9199523925781
2022-02-02,800.1394653320312,93.94622802734375,97.37777709960938,716.4464111328125,782.7543334960938,48.99523162841797,945.0133056640625,386.4285583496094,38.58997344970703,493.780517578125
2022-02-03,795.6118774414062,94.07503509521484,96.99364471435547,709.0302734375,778.1372680664062,48.10079574584961,928.5419921875,379.75469970703125,38.409645080566406,494.054931640625
2022-02-04,794.6168212890625,91.49881744384766,94.97693634033203,713.0776977539062,774.3858032226562,47.603885650634766,926.3135986328125,374.81146240234375,37.417850494384766,485.0904235839844
2022-02-07,785.7108764648438,96.99475860595703,95.55314636230469,686.945556640625,756.4461669921875,46.80883026123047,904.0289306640625,363.72149658203125,37.59817886352539,487.78900146484375
2022-02-08,794.6168212890625,101.28845977783203,95.0729751586914,683.9977416992188,762.3137817382812,46.460994720458984,908.5343627929688,361.6029357910156,37.86866760253906,486.0509033203125
2022-02-09,799.8906860351562,98.6263656616211,98.0980224609375,700.72509765625,772.2214965820312,46.80883026123047,937.068359375,365.0244445800781,37.50801086425781,489.6184387207031
2022-02-10,805.8113403320312,98.49754333496094,100.3067855834961,713.5923461914062,774.818603515625,46.95790481567383,942.1065673828125,371.42974853515625,36.78670883178711,494.4666442871094
2022-02-11,799.8408813476562,97.510009765625,98.86628723144531,710.66796875,760.6785278320312,46.16284942626953,951.8440551757812,363.68170166015625,35.83999252319336,484.45013427734375
2022-02-14,769.5408935546875,91.11238861083984,92.384033203125,689.5423583984375,724.9916381835938,43.52922821044922,912.3130493164062,347.48931884765625,33.450653076171875,458.6542663574219
2022-02-15,793.024658203125,94.59028625488281,96.46546173095703,710.1766967773438,746.4903564453125,45.11934280395508,939.5390625,360.6679992675781,34.62278747558594,480.0593566894531
2022-02-16,793.1241455078125,91.88524627685547,95.649169921875,709.2174682617188,734.9474487304688,45.06964874267578,938.279541015625,364.039794921875,34.758026123046875,472.64990234375
2022-02-17,778.9443969726562,90.76888275146484,94.59280395507812,704.889404296875,721.769287109375,44.423667907714844,926.0714111328125,361.5035095214844,34.30720901489258,469.2196350097656
2022-02-18,783.521728515625,90.46833038330078,94.01661682128906,707.6265869140625,720.37451171875,44.12552261352539,925.6353759765625,363.343505859375,34.036720275878906,471.36920166015625
2022-02-21,784.964599609375,89.09435272216797,95.79322052001953,712.1886596679688,725.713134765625,43.62861633300781,922.8255615234375,363.45294189453125,33.811309814453125,468.21337890625
2022-02-22,775.3123779296875,90.03894805908203,95.50511932373047,706.8546142578125,722.68310546875,43.03232192993164,909.8908081054688,366.3671875,33.54082107543945,455.9100341796875
2022-02-23,773.3719482421875,92.52930450439453,96.3214111328125,702.2692260742188,716.2383422851562,43.03232192993164,921.1300048828125,375.189453125,33.67605972290039,456.1844787597656
2022-02-24,726.7029418945312,86.30343627929688,90.12725067138672,664.135498046875,680.4552612304688,38.659523010253906,848.4143676757812,357.03765869140625,28.852319717407227,432.3552551269531
2022-02-25,754.3162841796875,91.71349334716797,92.91222381591797,681.3073120117188,702.2424926757812,41.7900505065918,898.215576171875,369.341064453125,31.51214027404785,441.77716064453125
2022-02-28,738.7433471679688,91.49881744384766,93.15230560302734,667.3406372070312,714.41064453125,41.83973693847656,892.0631713867188,366.5660705566406,31.467063903808594,442.0058898925781
2022-03-02,746.5546875,88.5361557006836,92.23998260498047,643.0098266601562,687.6214599609375,41.690670013427734,878.1594848632812,359.2556457519531,31.87279510498047,433.8188781738281
2022-03-03,734.0167846679688,88.1067886352539,91.95188903808594,641.4891967773438,671.7018432617188,41.342830657958984,883.8759155273438,356.5204772949219,31.647390365600586,427.5528259277344
2022-03-04,711.4783325195312,86.34637451171875,89.55106353759766,639.383544921875,661.84228515625,40.498085021972656,873.8478393554688,348.54364013671875,31.19657325744629,422.5675048828125
2022-03-07,664.2620849609375,79.69113159179688,83.93310546875,619.8722534179688,628.8488159179688,39.85210418701172,808.4473266601562,340.53692626953125,30.835914611816406,402.7632141113281
2022-03-08,667.0980834960938,83.68426513671875,86.09385681152344,621.2759399414062,639.6702270507812,40.3490104675293,814.5513916015625,342.764892578125,31.467063903808594,402.7632141113281
2022-03-09,670.8793334960938,84.88652038574219,88.78279113769531,641.559326171875,642.0269165039062,41.7900505065918,848.1235961914062,345.94769287109375,32.098201751708984,413.19134521484375
2022-03-10,691.5271606445312,87.46273040771484,90.94354248046875,651.6425170898438,650.828369140625,42.03850173950195,876.1731567382812,348.98126220703125,32.41377639770508,428.7420349121094
2022-03-11,687.4472045898438,89.65251922607422,91.51974487304688,653.5609130859375,652.0789184570312,42.13788986206055,873.7025146484375,350.70196533203125,32.68427276611328,430.2513732910156
2022-03-14,706.5526733398438,91.79937744140625,91.13560485839844,674.96728515625,669.6337890625,41.64097595214844,879.37060546875,355.82421875,33.1801643371582,443.78961181640625
2022-03-15,694.7113037109375,90.94063568115234,89.74311828613281,666.2877807617188,670.7880249023438,40.44839859008789,868.76123046875,344.8834228515625,32.458858489990234,444.4299621582031
2022-03-16,720.28466796875,92.48636627197266,94.4487533569336,677.5875854492188,681.0324096679688,41.740360260009766,899.7658081054688,350.20465087890625,32.36869430541992,450.7417297363281
2022-03-17,735.6088256835938,92.7010498046875,94.16065216064453,692.5134887695312,692.6714477539062,42.436031341552734,903.4476318359375,362.04058837890625,32.458858489990234,459.1116638183594
2022-03-21,722.32470703125,91.45587158203125,93.4884262084961,695.5314331054688,683.6776733398438,41.591285705566406,884.9901733398438,353.50677490234375,32.18836975097656,448.7750244140625
2022-03-22,727.7974853515625,91.71349334716797,94.92892456054688,699.1109008789062,690.8438720703125,40.3490104675293,898.8453979492188,359.6236572265625,32.098201751708984,451.6107177734375
2022-03-23,723.1704711914062,91.24119567871094,94.64083099365234,692.1392211914062,690.9400634765625,40.498085021972656,902.3818359375,352.044677734375,32.18836975097656,448.82073974609375
2022-03-24,718.6925659179688,91.15532684326172,94.1126480102539,675.0140380859375,677.377197265625,39.80241012573242,896.0355834960938,340.9844970703125,32.05311965942383,445.5733642578125
2022-03-25,717.6975708007812,93.17335510253906,93.6324691772461,669.5162963867188,672.61572265625,39.553958892822266,897.4404907226562,342.5958251953125,31.917879104614258,448.86651611328125
2022-03-28,732.3748779296875,96.1360092163086,94.73686218261719,670.4053344726562,683.2928466796875,38.21230697631836,906.063720703125,343.1826477050781,32.143287658691406,455.0867614746094
2022-03-29,734.166015625,95.79252624511719,93.68048858642578,679.2954711914062,688.0542602539062,37.665706634521484,900.250244140625,344.1374816894531,31.51214027404785,452.7998962402344
2022-03-30,746.7537841796875,97.89643859863281,93.20032501220703,691.0630493164062,703.0601196289062,38.609832763671875,897.4889526367188,350.7218017578125,31.602304458618164,452.1595458984375
2022-03-31,757.4010009765625,95.83545684814453,93.53643798828125,687.9749145507812,702.4829711914062,39.4545783996582,906.305908203125,348.8818054199219,31.602304458618164,451.4734802246094
2022-04-01,770.7349853515625,99.6139144897461,97.56983184814453,704.6554565429688,708.2063598632812,41.44221115112305,938.4732666015625,353.417236328125,32.77442932128906,464.8745422363281
2022-04-04,780.2379150390625,99.69979095458984,98.43414306640625,775.214599609375,718.162109375,43.38016128540039,956.4947509765625,365.2333068847656,33.27033233642578,468.7165222167969
2022-04-05,779.242919921875,99.6139144897461,94.35271453857422,752.4981079101562,713.544921875,43.13170623779297,942.9786376953125,358.499755859375,33.31541061401367,465.9722595214844
2022-04-06,769.8892211914062,102.96300506591797,95.36107635498047,725.6407470703125,713.3525390625,43.181396484375,938.1824951171875,353.96429443359375,33.90147018432617,470.1343688964844
2022-04-07,788.1985473632812,102.36187744140625,94.54479217529297,709.6854248046875,720.037841796875,42.18757629394531,942.348876953125,351.38824462890625,33.76622772216797,471.049072265625
2022-04-08,790.9848022460938,103.30650329589844,96.2253646850586,708.7028198242188,725.5687255859375,41.64097595214844,954.9444580078125,354.9787902832031,34.036720275878906,472.1010437011719
2022-04-11,782.1783447265625,103.30650329589844,96.0813217163086,700.0466918945312,730.6669921875,42.13788986206055,949.9546508789062,354.76995849609375,33.76622772216797,471.00335693359375
2022-04-12,794.5172729492188,103.17768859863281,94.54479217529297,698.8067626953125,734.7550048828125,41.342830657958984,954.4600219726562,358.4300842285156,33.13508987426758,469.1280822753906
2022-04-13,789.1439208984375,102.57657623291016,95.02495574951172,685.4481811523438,733.216064453125,41.09437561035156,952.81298828125,354.0041198730469,33.044921875,473.5646667480469
2022-04-18,794.9153442382812,97.81055450439453,93.10428619384766,652.9292602539062,728.935546875,40.54777526855469,947.0480346679688,348.1954650878906,32.639183044433594,466.063720703125
2022-04-19,793.8704833984375,97.08063507080078,92.4800796508789,628.0136108398438,737.1116943359375,39.80241012573242,933.822509765625,339.6617126464844,32.18836975097656,468.1676025390625
2022-04-20,790.7857666015625,96.6941909790039,92.28800964355469,633.67529296875,726.7711791992188,39.85210418701172,942.3004150390625,342.4068298339844,32.18836975097656,465.8807678222656
2022-04-21,797.850830078125,97.81055450439453,92.76817321777344,643.056640625,733.3121948242188,40.59746551513672,958.48095703125,350.2742614746094,32.41377639770508,472.28399658203125
2022-04-22,776.755126953125,95.7066421508789,91.95188903808594,634.2835693359375,719.1721801757812,39.80241012573242,929.995361328125,343.68988037109375,31.917879104614258,457.9224853515625
2022-04-25,776.854736328125,95.44902801513672,91.61576843261719,639.0326538085938,723.548828125,39.05704879760742,917.1090698242188,343.90869140625,31.467063903808594,452.5711975097656
2022-04-26,771.1828002929688,99.1845474243164,93.6324691772461,641.9805297851562,725.0396728515625,39.901798248291016,949.9546508789062,346.6637878417969,32.098201751708984,462.4047546386719
2022-04-27,762.1276245117188,99.69979095458984,93.20032501220703,642.2144165039062,708.6392211914062,39.4545783996582,944.1897583007812,346.4250793457031,31.917879104614258,454.8580322265625
2022-04-28,775.9591064453125,99.35629272460938,93.77651977539062,641.6528930664062,718.691162109375,39.4545783996582,957.6089477539062,351.22906494140625,31.87279510498047,464.23419189453125
2022-04-29,725.0113525390625,96.95182037353516,92.19197082519531,647.8525390625,714.98779296875,39.25581359863281,948.11376953125,356.2220764160156,31.647390365600586,453.9890441894531
2022-05-02,723.7673950195312,96.82300567626953,90.79949188232422,656.7894287109375,712.7754516601562,38.609832763671875,986.43359375,352.9597473144531,31.602304458618164,449.1408996582031
2022-05-04,703.7167358398438,92.872802734375,90.70345306396484,634.470703125,696.6635131835938,38.16261672973633,947.8715209960938,353.2083740234375,30.971158981323242,438.7585144042969
2022-05-05,698.890625,90.897705078125,90.41536712646484,633.0435791015625,701.0400390625,38.95766830444336,907.662353515625,357.5846862792969,30.880996704101562,439.07867431640625
2022-05-06,670.083251953125,90.12482452392578,87.48633575439453,616.5033569335938,691.8538208007812,38.41107177734375,886.9280395507812,353.148681640625,30.520343780517578,442.6919250488281
2022-05-09,660.4309692382812,88.66497039794922,90.0792465209961,617.5560913085938,683.2928466796875,37.71539306640625,862.02734375,351.5970764160156,30.20477294921875,435.32818603515625
2022-05-10,656.5004272460938,86.7328109741211,88.73477172851562,627.4755859375,684.2066650390625,37.2681770324707,882.422607421875,357.49517822265625,30.024446487426758,434.6878967285156
2022-05-11,669.038330078125,86.9474868774414,87.10220336914062,631.0082397460938,686.9962768554688,36.5228157043457,894.6306762695312,360.0414123535156,29.8441162109375,435.9227600097656
2022-05-12,646.4503173828125,82.48204803466797,82.06046295166016,616.7843627929688,669.2969970703125,34.58486557006836,842.8432006835938,350.2842102050781,25.786760330200195,423.2077941894531
2022-05-13,632.8176879882812,81.58036804199219,80.18780517578125,611.2462768554688,651.5498046875,34.3364143371582,845.2169799804688,353.994140625,26.417905807495117,406.74237060546875
2022-05-16,635.8029174804688,85.74525451660156,81.91641998291016,617.754638671875,656.984619140625,35.57868576049805,858.3455200195312,360.6183166503906,26.643312454223633,416.2099914550781
2022-05-17,651.7240600585938,87.72035217285156,83.26087188720703,621.9674682617188,682.9562377929688,36.5228157043457,875.7371826171875,366.0787353515625,27.003969192504883,427.46136474609375
2022-05-18,656.2019653320312,85.40174102783203,82.68467712402344,621.920166015625,680.4071044921875,36.224666595458984,875.0590209960938,367.3717346191406,26.7785587310791,418.9542541503906
2022-05-19,646.99755859375,82.69673156738281,80.13978576660156,609.2109985351562,664.006591796875,34.78363037109375,839.306640625,354.7599792480469,26.327741622924805,409.3493957519531
2022-05-20,669.7846069335938,85.40174102783203,81.91641998291016,625.257080078125,682.5232543945312,35.77745056152344,868.6158447265625,363.8607177734375,27.003969192504883,422.9791564941406
2022-05-23,672.0236206054688,83.42665100097656,81.7243423461914,617.2340698242188,683.9661865234375,35.42961502075195,874.332275390625,368.8636779785156,27.590030670166016,421.6069641113281
2022-05-24,660.7792358398438,82.2673568725586,81.19615173339844,624.3104248046875,681.1766967773438,34.78363037109375,870.020751953125,374.4931640625,27.319538116455078,422.658935546875
2022-05-25,661.724609375,80.63574981689453,80.18780517578125,628.972900390625,686.1785888671875,33.690433502197266,865.563720703125,379.4563293457031,26.86872100830078,421.8692932128906
2022-05-26,679.8846435546875,84.45714569091797,81.67633056640625,646.9122924804688,700.7515258789062,34.08795928955078,869.6815795898438,379.6751708984375,27.274457931518555,435.6188049316406
2022-05-27,684.909912109375,84.71476745605469,83.45294189453125,658.9115600585938,711.6211547851562,35.379920959472656,896.6170043945312,387.1447448730469,27.454782485961914,435.665283203125
2022-05-30,690.2334594726562,87.20510864257812,86.57402801513672,663.4083251953125,719.9898071289062,36.224666595458984,907.0810546875,378.591064453125,28.536745071411133,440.9142761230469
2022-05-31,681.8251953125,86.0887451171875,85.32559204101562,657.4442138671875,724.1740112304688,36.07559585571289,901.8973999023438,367.3816833496094,28.266254425048828,434.8756103515625
2022-06-01,682.6708984375,87.46273040771484,85.75773620605469,660.2369384765625,723.981689453125,35.9265251159668,899.4751586914062,371.01202392578125,28.311336517333984,435.0614013671875
2022-06-02,688.1438598632812,89.00846862792969,88.35064697265625,655.621826171875,721.192138671875,36.07559585571289,913.62109375,369.5300598144531,28.852319717407227,436.50140380859375
2022-06-03,673.9639282226562,87.72035217285156,86.57402801513672,653.3497924804688,715.9497680664062,35.131465911865234,895.5510864257812,369.72894287109375,28.446582794189453,431.5311279296875
2022-06-06,668.88916015625,87.63448333740234,87.1982421875,652.4740600585938,718.306396484375,34.88301467895508,899.86279296875,371.84747314453125,28.356420516967773,430.7879333496094
2022-06-07,662.5703125,87.50566864013672,87.53436279296875,644.9717407226562,707.2444458007812,34.48548889160156,894.9697875976562,369.6294860839844,28.17609214782715,430.50921630859375
2022-06-08,655.3560791015625,88.92259979248047,87.48633575439453,647.2437133789062,701.71337890625,34.38610076904297,885.2808227539062,367.1131286621094,28.08592987060547,437.84844970703125
2022-06-09,658.042724609375,90.21070861816406,87.7264175415039,652.1190795898438,704.8396606445312,34.13764953613281,891.675537109375,371.0319519042969,28.04084587097168,433.8072509765625
2022-06-10,657.4457397460938,90.25364685058594,88.06253814697266,639.5283203125,692.5753173828125,33.83950424194336,884.7963256835938,356.4309387207031,27.860519409179688,429.0692138671875
2022-06-13,645.7536010742188,85.83112335205078,85.18153381347656,627.9315795898438,661.794189453125,32.69661331176758,838.5315551757812,345.59954833984375,27.13921356201172,414.2048645019531
2022-06-14,647.5447387695312,86.34637451171875,86.33394622802734,621.020751953125,659.389404296875,32.746307373046875,817.9425659179688,346.0670471191406,26.958885192871094,416.295166015625
2022-06-15,647.2960205078125,85.9599380493164,85.61370086669922,618.8670654296875,661.07275390625,32.49784851074219,817.070556640625,345.4603271484375,27.003969192504883,419.31451416015625
2022-06-16,631.7728881835938,83.72721099853516,83.45294189453125,606.4892578125,652.656005859375,31.454341888427734,784.4186401367188,333.3558349609375,26.192495346069336,410.25653076171875
2022-06-17,632.0713500976562,84.0810546875,83.83707427978516,610.4888916015625,660.68798828125,31.454341888427734,781.802734375,332.918212890625,26.192495346069336,409.6990966796875
2022-06-20,625.2053833007812,80.6311264038086,81.43624877929688,625.8251953125,659.822265625,29.665468215942383,759.6633911132812,334.03216552734375,25.65151596069336,403.84625244140625
2022-06-21,633.3649291992188,84.96566009521484,84.31724548339844,632.6412353515625,669.5856323242188,30.212068557739258,774.0030517578125,334.4897155761719,26.823638916015625,418.757080078125
2022-06-22,623.7127075195312,84.43488311767578,83.3569107055664,629.6593017578125,660.447509765625,28.969797134399414,753.4624633789062,332.14239501953125,26.998716354370117,415.8770751953125
2022-06-23,626.2501831054688,85.3194808959961,83.50096130371094,631.9785766601562,672.51953125,29.566085815429688,760.535400390625,335.00689697265625,26.95264434814453,419.36090087890625
2022-06-24,630.8772583007812,88.41558837890625,85.80574798583984,640.806396484375,686.2747802734375,30.808359146118164,781.4151000976562,337.85150146484375,27.229080200195312,422.0086364746094
2022-06-27,633.9619750976562,88.4598159790039,87.4383316040039,641.9660034179688,690.0262451171875,31.90155792236328,797.8864135742188,336.4888610839844,27.229080200195312,428.4653625488281
2022-06-28,639.1861572265625,89.83094024658203,88.15857696533203,637.0670166015625,683.2447509765625,31.80217742919922,791.200927734375,331.96337890625,27.413375854492188,431.2988586425781
2022-06-29,622.4688720703125,89.47710418701172,87.96651458740234,636.1439208984375,675.9822998046875,31.454341888427734,783.6435546875,326.72174072265625,27.413375854492188,426.514404296875
2022-06-30,633.6635131835938,86.15985107421875,86.62203216552734,638.0609741210938,680.2628784179688,31.255578994750977,769.6430053710938,330.4316711425781,26.722280502319336,432.8317565917969
2022-07-01,640.7783203125,85.76178741455078,89.93519592285156,640.7825927734375,677.0885009765625,32.05063247680664,782.0933837890625,331.7545166015625,27.13693618774414,433.71435546875
2022-07-04,651.1270141601562,87.08868408203125,91.42369842529297,641.6820678710938,692.6714477539062,33.83950424194336,806.1219482421875,332.381103515625,27.64373779296875,439.8459167480469
2022-07-05,645.3058471679688,87.2656021118164,90.79949188232422,640.23828125,692.0462036132812,33.24321365356445,798.4192504882812,330.8195495605469,27.367300033569336,438.63812255859375
2022-07-06,654.7093505859375,87.97328186035156,91.75982666015625,649.0661010742188,698.2986450195312,33.83950424194336,810.5304565429688,339.0649108886719,27.597665786743164,445.8845520019531
2022-07-07,655.9052124023438,92.88279724121094,93.15230560302734,660.6865844726562,713.7373046875,34.08795928955078,834.219970703125,345.8283386230469,28.565196990966797,452.201904296875
2022-07-08,666.86767578125,93.4135513305664,93.6324691772461,661.3018798828125,726.9154663085938,33.541358947753906,822.2056884765625,347.0716247558594,28.242685317993164,453.8741149902344
2022-07-11,677.5311889648438,96.90772247314453,95.74519348144531,665.5856323242188,740.1898193359375,34.13764953613281,831.6524047851562,346.3753967285156,28.611268997192383,453.5489807128906
2022-07-12,673.8936767578125,96.64234924316406,94.54479217529297,658.793212890625,730.9555053710938,33.78981399536133,820.703857421875,341.93939208984375,28.380905151367188,450.5296325683594
2022-07-13,677.5810546875,95.93466186523438,94.1126480102539,642.7233276367188,724.5106811523438,33.690433502197266,793.57470703125,346.5345153808594,28.380905151367188,451.9696350097656
2022-07-14,665.9707641601562,93.05972290039062,93.34436798095703,639.5046997070312,723.7412109375,33.5910530090332,795.3673095703125,352.1043701171875,28.012319564819336,445.3271179199219
2022-07-15,659.9413452148438,92.04244232177734,94.8328857421875,644.71142578125,722.5869140625,33.143829345703125,789.6991577148438,355.6153869628906,27.920175552368164,445.0948486328125
2022-07-18,682.1653442382812,95.5365982055664,98.91431427001953,637.8480224609375,742.5946655273438,34.58486557006836,824.5794677734375,367.1429443359375,28.887706756591797,455.4999084472656
2022-07-19,698.2103271484375,99.69419860839844,104.6321792602539,638.0845336914062,750.9151611328125,35.03208923339844,841.0991821289062,365.01446533203125,29.118070602416992,462.6069641113281
2022-07-20,703.2930297851562,99.11923217773438,102.77509307861328,646.13134765625,753.2717895507812,34.68425369262695,851.9508056640625,363.58221435546875,28.933778762817383,472.5010681152344
2022-07-21,713.109375,100.7999496459961,104.7787857055664,644.0960083007812,756.0614013671875,35.528995513916016,918.6109008789062,358.1715087890625,29.34843635559082,475.7061767578125
2022-07-22,728.2576293945312,102.70184326171875,104.7787857055664,659.1245727539062,769.576171875,35.528995513916016,913.1366577148438,363.45294189453125,29.3023624420166,477.2390441894531
2022-07-25,724.8690795898438,101.90570831298828,104.9253921508789,661.065185546875,770.3939208984375,35.727760314941406,932.126953125,357.1769104003906,29.118070602416992,481.04803466796875
2022-07-26,704.0404663085938,103.05567169189453,103.31266021728516,659.71630859375,765.9690551757812,35.42961502075195,931.6909790039062,350.4234619140625,29.118070602416992,477.7035827636719
2022-07-27,716.4978637695312,104.6037368774414,105.02313995361328,664.75732421875,770.009033203125,35.528995513916016,949.3248901367188,348.9315490722656,29.532726287841797,490.70989990234375
2022-07-28,723.4241943359375,103.63067626953125,104.87653350830078,670.6503295898438,783.5719604492188,36.373741149902344,986.0460815429688,363.7314453125,30.085603713989258,494.6582946777344
2022-07-29,722.2780151367188,102.83453369140625,104.24121856689453,678.8627319335938,787.4196166992188,37.31787109375,1011.0435791015625,360.1209716796875,28.887706756591797,490.8492126464844
2022-08-01,728.307373046875,102.8787612915039,104.48556518554688,684.5191650390625,792.0368041992188,41.690670013427734,1007.7977294921875,369.1520690917969,30.776695251464844,495.865966796875
2022-08-02,727.9585571289062,107.69981384277344,108.34634399414062,676.9931030273438,786.60205078125,43.13170623779297,1034.054931640625,374.8910827636719,31.51386070251465,503.623291015625
2022-08-03,728.0084228515625,107.08060455322266,106.53813171386719,678.5787353515625,793.3833618164062,42.88325119018555,1025.3834228515625,368.2270812988281,31.32956886291504,502.46197509765625
2022-08-04,719.1387939453125,104.913330078125,105.51184844970703,677.774169921875,789.0067749023438,42.78386688232422,1017.5352172851562,365.13385009765625,30.776695251464844,495.4014892578125
2022-08-05,726.0152587890625,104.29412078857422,106.48925018310547,675.4783935546875,806.2731323242188,43.13170623779297,1004.0676879882812,364.80560302734375,30.9149112701416,493.35760498046875
2022-08-08,743.007080078125,104.6037368774414,107.07571411132812,692.0452270507812,809.90185546875,44.37397766113281,1017.5352172851562,366.9142150878906,30.730619430541992,483.4635314941406
2022-08-10,736.4794921875,104.95757293701172,107.27118682861328,694.0570068359375,821.3206176757812,44.523048400878906,1030.033935546875,363.70159912109375,30.408111572265625,478.1680603027344
2022-08-11,756.26171875,108.98249053955078,108.63957977294922,703.2398071289062,831.9166870117188,44.97026443481445,1054.0609130859375,368.9264831542969,30.776695251464844,487.5047912597656
2022-08-12,757.9559326171875,108.93826293945312,108.2974853515625,702.9794311523438,846.1416625976562,44.82119369506836,1055.28173828125,366.4782409667969,30.684545516967773,493.0324401855469
2022-08-16,762.0420532226562,107.52290344238281,107.85765075683594,711.0262451171875,850.8348999023438,44.82119369506836,1059.1885986328125,367.5032958984375,30.9149112701416,488.6195983886719
2022-08-17,769.4664306640625,111.99011993408203,107.320068359375,714.6945190429688,854.70556640625,45.71562957763672,1063.241943359375,366.1796875,31.744226455688477,490.6634826660156
2022-08-18,762.4405517578125,109.6017074584961,108.49296569824219,715.5465087890625,856.4957885742188,45.21872329711914,1079.3575439453125,379.07769775390625,31.46778678894043,494.5653076171875
2022-08-19,754.9163208007812,106.46138763427734,105.12088012695312,706.71875,842.2708740234375,44.37397766113281,1038.5313720703125,373.6039733886719,30.730619430541992,483.4170227050781
2022-08-22,739.3197021484375,104.6037368774414,104.24121856689453,695.9739990234375,824.7073974609375,43.38016128540039,1032.5733642578125,364.6570129394531,29.85523796081543,475.0093688964844
2022-08-23,744.501953125,109.2036361694336,107.36894226074219,693.8203735351562,835.98095703125,45.76531982421875,1046.1009521484375,369.3742980957031,30.45418357849121,484.8570556640625
2022-08-24,747.5914916992188,109.29209899902344,111.42520904541016,697.1574096679688,845.0770874023438,48.299556732177734,1076.232177734375,371.73297119140625,30.9149112701416,482.4415588378906
2022-08-25,740.8145751953125,111.37090301513672,111.32745361328125,693.3706665039062,844.1578369140625,48.647396087646484,1064.560546875,371.9618835449219,32.48139190673828,483.4635314941406
2022-08-26,742.3593139648438,113.49394989013672,111.32745361328125,693.4889526367188,842.706298828125,48.15048599243164,1044.8311767578125,378.5899963378906,32.89604949951172,486.6221923828125
2022-08-29,726.214599609375,111.72474670410156,110.54552459716797,681.3241577148438,828.1911010742188,48.34925079345703,1034.52685546875,368.2298278808594,32.48139190673828,478.3074035644531
2022-08-30,748.9368286132812,115.74967193603516,114.35745239257812,703.4290161132812,858.624755859375,48.846160888671875,1081.6529541015625,381.2572021484375,33.03425979614258,493.54339599609375
2022-09-01,741.6119384765625,118.04962158203125,116.06791687011719,696.8260498046875,846.09326171875,48.846160888671875,1085.510986328125,378.7492370605469,32.98819351196289,495.4478759765625
2022-09-02,747.6412353515625,116.01504516601562,116.849853515625,703.1450805664062,844.2062377929688,48.2498664855957,1075.1090087890625,381.9339599609375,32.48139190673828,498.6065673828125
2022-09-05,753.5210571289062,118.4034652709961,120.75951385498047,707.6654663085938,853.9314575195312,50.485958099365234,1082.18994140625,385.7257080078125,32.89604949951172,500.6504211425781
2022-09-06,747.4419555664062,118.04962158203125,118.46257781982422,704.9674682617188,855.0927124023438,49.59152603149414,1082.971435546875,381.3070068359375,34.27823257446289,499.62847900390625
2022-09-07,752.8235473632812,118.71306610107422,116.06791687011719,701.6304321289062,847.8834228515625,49.8399772644043,1064.560546875,379.8240966796875,34.64681625366211,495.0298767089844
2022-09-08,777.0905151367188,122.3841552734375,115.38372802734375,708.8724365234375,869.7530517578125,50.78409957885742,1082.4830322265625,384.1632385253906,35.337913513183594,505.9923095703125
2022-09-09,782.1730346679688,122.11878204345703,116.849853515625,709.3458251953125,872.1238403320312,50.13812255859375,1110.6610107421875,383.4267272949219,35.936859130859375,514.0748291015625
2022-09-12,798.2680053710938,122.82645416259766,117.09420776367188,706.9554443359375,877.881591796875,50.13812255859375,1110.367919921875,382.9590148925781,36.950462341308594,515.5148315429688
2022-09-13,802.8024291992188,122.64952087402344,116.4588851928711,716.209228515625,880.5911865234375,49.93935775756836,1136.690185546875,382.839599609375,36.443660736083984,518.394775390625
2022-09-14,800.3109741210938,124.24180603027344,118.02274322509766,723.5697021484375,888.4293212890625,50.5853385925293,1187.43017578125,389.0696716308594,36.950462341308594,531.1688232421875
2022-09-15,787.305419921875,123.88797760009766,119.29338073730469,719.8065795898438,887.9454956054688,52.42390060424805,1167.99365234375,384.97930908203125,37.27297592163086,531.5404663085938
2022-09-16,786.6078491210938,121.41109466552734,118.80467987060547,706.5767822265625,879.72021484375,50.635032653808594,1198.7598876953125,384.2129821777344,36.535804748535156,521.925048828125
2022-09-19,795.3778076171875,124.77256774902344,119.83096313476562,711.2391357421875,870.1401977539062,50.78409957885742,1197.197265625,384.0537414550781,37.22690200805664,531.6333618164062
2022-09-20,809.9779052734375,125.25910186767578,120.5151596069336,719.8065795898438,887.1229858398438,50.98286437988281,1234.65380859375,386.0939636230469,37.4572639465332,533.3055419921875
2022-09-21,803.7990112304688,125.03795623779297,119.97757720947266,718.6942138671875,885.6714477539062,50.4362678527832,1195.7320556640625,381.8643493652344,36.99654006958008,529.264404296875
2022-09-22,786.50830078125,122.47259521484375,120.12419128417969,703.3817138671875,874.2044677734375,50.33688735961914,1188.2115478515625,376.73895263671875,37.31904602050781,527.03466796875
2022-09-23,765.978515625,117.2092514038086,114.11309051513672,684.5191650390625,853.7379150390625,48.39894104003906,1155.7847900390625,370.7576904296875,35.153621673583984,511.5199890136719
2022-09-26,740.067138671875,113.36124420166016,108.49296569824219,675.2890625,833.2230224609375,46.95790481567383,1122.821044921875,364.0499267578125,33.1724853515625,504.7381286621094
2022-09-27,734.9845581054688,113.00740814208984,111.81616973876953,669.2303466796875,824.997802734375,47.15666961669922,1137.9598388671875,358.1383361816406,33.817508697509766,498.4207763671875
2022-09-28,714.0064086914062,111.85742950439453,109.32376861572266,657.7281494140625,822.0463256835938,46.41130447387695,1114.3236083984375,356.80474853515625,32.11280822753906,487.5976257324219
2022-09-29,716.5476684570312,112.74203491210938,110.44779205322266,654.3201293945312,816.6272583007812,47.454811096191406,1115.642333984375,351.3708801269531,32.15888214111328,484.71771240234375
2022-09-30,730.6992797851562,117.12078857421875,116.06791687011719,672.7803344726562,834.142333984375,49.54182815551758,1157.591796875,362.0992736816406,33.67928695678711,492.9394836425781
2022-10-03,720.284912109375,113.27279663085938,113.67325592041016,668.9226684570312,820.9334106445312,49.044921875,1129.3160400390625,355.0730895996094,32.66568374633789,482.859619140625
2022-10-04,740.2664794921875,118.35923767089844,118.12049102783203,687.7615356445312,839.6097412109375,52.87112045288086,1190.8486328125,362.7064208984375,33.58714294433594,494.8905029296875
2022-10-06,752.5245361328125,119.33228302001953,118.12049102783203,680.1881103515625,856.83447265625,53.96432113647461,1172.926025390625,362.03961181640625,33.77143478393555,499.1639709472656
2022-10-07,753.1224975585938,119.6861343383789,120.0753173828125,677.2533569335938,854.0283203125,52.67235565185547,1185.1348876953125,363.3333435058594,33.77143478393555,492.5679016113281
2022-10-10,774.2003784179688,116.9438705444336,118.60919952392578,669.7747192382812,853.2540283203125,53.417720794677734,1182.107177734375,359.9197692871094,33.67928695678711,493.0788879394531
2022-10-11,782.8707275390625,114.64391326904297,119.6354751586914,662.9823608398438,842.4644165039062,52.7717399597168,1137.4715576171875,355.8692626953125,32.89604949951172,489.9666748046875
2022-10-12,805.941650390625,117.6073226928711,122.76319885253906,667.3133544921875,840.287109375,54.75937271118164,1161.3521728515625,360.30792236328125,33.44892501831055,495.91241455078125
2022-10-13,799.2645874023438,114.99775695800781,122.07901763916016,659.645263671875,826.0137939453125,54.1133918762207,1156.663818359375,358.57623291015625,33.08033752441406,484.4389953613281
2022-10-14,797.7697143554688,115.39582824707031,127.40592956542969,681.1348266601562,842.1256713867188,53.96432113647461,1154.0755615234375,365.0451354980469,33.03425979614258,489.78082275390625
2022-10-17,811.3731689453125,120.43802642822266,128.5299530029297,684.70849609375,856.5925903320312,55.405357360839844,1171.705322265625,369.8520202636719,34.001800537109375,505.0633239746094
2022-10-18,813.565673828125,124.41871643066406,129.3118896484375,683.4304809570312,867.9144897460938,56.05134201049805,1194.75537109375,370.16058349609375,35.79863739013672,522.5289306640625
2022-10-19,827.01953125,121.89763641357422,128.33447265625,690.4359130859375,863.26953125,56.74700927734375,1190.0184326171875,372.0813293457031,36.259368896484375,514.121337890625
2022-10-20,823.033203125,124.46295928955078,127.3570556640625,685.7736206054688,859.9310913085938,56.44886779785156,1132.929931640625,370.9268493652344,37.31904602050781,515.9793090820312
2022-10-21,897.3290405273438,126.98406219482422,129.60513305664062,680.9454956054688,877.8331909179688,56.94577407836914,1115.642333984375,378.70947265625,37.54941177368164,521.0425415039062
2022-10-24,906.3480834960938,127.78019714355469,131.70655822753906,691.5718994140625,896.3643188476562,56.94577407836914,1119.158447265625,377.3460388183594,37.871917724609375,530.007568359375
2022-10-25,899.7706298828125,131.23013305664062,131.16897583007812,686.7675170898438,895.1546630859375,56.150718688964844,1110.9539794921875,367.5531005859375,39.89912796020508,537.4862060546875
2022-10-27,912.0286865234375,132.42434692382812,131.5599365234375,688.4242553710938,894.5257568359375,56.44886779785156,1115.8863525390625,371.2154846191406,39.6226921081543,538.5081176757812
2022-10-28,899.9699096679688,130.03591918945312,128.18783569335938,690.4595947265625,878.5105590820312,55.455047607421875,1120.281494140625,375.0470886230469,39.71483612060547,530.2398071289062
2022-10-31,902.909912109375,130.6551513671875,128.5299530029297,708.4464721679688,879.3331909179688,55.75318908691406,1116.032958984375,378.5701599121094,39.3001823425293,533.0733642578125
2022-11-01,868.7766723632812,130.6551513671875,128.92092895507812,716.2802124023438,879.236328125,55.35566711425781,1124.3349609375,380.0132141113281,36.950462341308594,535.9533081054688
2022-11-02,860.6046142578125,130.08016967773438,130.19155883789062,716.7297973632812,875.4624633789062,55.00783157348633,1111.6865234375,380.1624755859375,36.1672248840332,533.1197509765625
2022-11-03,861.1029663085938,131.05320739746094,134.1500701904297,713.5821533203125,879.2847900390625,56.84639358520508,1121.25830078125,378.21185302734375,38.056209564208984,543.3855590820312
2022-11-04,865.1390991210938,127.86865234375,133.27041625976562,708.6595458984375,876.0430297851562,56.79670333862305,1125.848876953125,378.1719970703125,38.51694107055664,551.7931518554688
2022-11-07,869.9725952148438,140.07611083984375,133.9057159423828,714.1738891601562,887.8486938476562,56.94577407836914,1117.498046875,374.7186279296875,38.56301498413086,570.5593872070312
2022-11-09,870.7200927734375,147.10867309570312,134.9808807373047,713.9608764648438,881.074951171875,57.04515838623047,1122.2349853515625,376.8683166503906,41.41953659057617,571.8599853515625
2022-11-10,840.8223266601562,146.3567657470703,134.88314819335938,721.7236328125,881.2685546875,57.24391555786133,1101.08935546875,380.600341796875,40.59022521972656,562.755615234375
2022-11-11,847.7984619140625,143.08375549316406,131.99978637695312,762.6201782226562,877.2525634765625,57.19422912597656,1113.444580078125,378.00286865234375,41.23524475097656,558.6214599609375
2022-11-14,848.097412109375,144.98562622070312,132.97718811035156,764.4661865234375,866.0275268554688,57.0948486328125,1126.0928955078125,382.72015380859375,40.49808120727539,550.4925537109375
2022-11-15,855.721435546875,144.145263671875,133.02606201171875,766.3358764648438,882.2362060546875,56.79670333862305,1125.995361328125,380.6501159667969,40.49808120727539,558.203369140625
2022-11-16,852.4824829101562,144.45486450195312,130.14266967773438,772.915283203125,884.0747680664062,56.74700927734375,1117.4490966796875,391.2989196777344,40.682373046875,557.1814575195312
2022-11-17,855.2728271484375,144.8087158203125,131.9020233154297,765.93359375,890.0744018554688,55.95195388793945,1119.793212890625,388.24359130859375,40.820587158203125,556.5311889648438
2022-11-18,856.26953125,144.2779541015625,129.7028350830078,763.921875,890.6065673828125,55.504737854003906,1102.359130859375,390.0350036621094,42.248844146728516,559.922119140625
2022-11-21,867.0824584960938,143.21644592285156,129.4096221923828,756.0880126953125,891.6226806640625,56.001644134521484,1112.4678955078125,386.9598388671875,43.861392974853516,555.6485595703125
2022-11-22,867.0824584960938,147.50672912597656,128.4810791015625,754.9756469726562,893.848388671875,56.44886779785156,1142.159912109375,386.0939636230469,44.414276123046875,556.57763671875
2022-11-23,871.7166748046875,149.36441040039062,131.31558227539062,756.9400634765625,897.4772338867188,56.64763259887695,1146.994384765625,388.8009338378906,46.39540481567383,564.5208129882812
2022-11-24,875.553466796875,150.73550415039062,130.33816528320312,769.2468872070312,908.5087280273438,56.44886779785156,1148.16650390625,387.10906982421875,46.856136322021484,566.10009765625
2022-11-25,884.7220458984375,148.4798126220703,129.55624389648438,765.6968994140625,900.2350463867188,57.691139221191406,1159.447509765625,383.8348083496094,49.3901481628418,564.2885131835938
2022-11-28,888.6585693359375,148.4798126220703,130.7779998779297,757.4607543945312,907.1056518554688,58.436500549316406,1169.9471435546875,383.78509521484375,49.20585250854492,565.4033203125
2022-11-29,889.5057373046875,148.43557739257812,129.45849609375,756.32470703125,916.1535034179688,57.64144515991211,1153.098876953125,383.26751708984375,48.37654113769531,565.35693359375
2022-11-30,898.1760864257812,147.06443786621094,128.4810791015625,761.342041015625,922.104736328125,58.237735748291016,1140.59716796875,387.5469665527344,47.27078628540039,559.6898803710938
2022-12-01,900.7671508789062,151.9297332763672,129.7028350830078,766.5724487304688,909.8151245117188,58.386810302734375,1146.5550537109375,385.0091552734375,49.06763458251953,564.9387817382812
2022-12-02,902.0628051757812,151.4431915283203,130.24041748046875,760.703125,900.5252685546875,58.6352653503418,1151.2431640625,384.3125305175781,49.75872802734375,564.4278564453125
2022-12-05,896.133056640625,152.1066436767578,134.19894409179688,763.4721069335938,903.4283447265625,60.026615142822266,1167.65185546875,385.8351745605469,50.81840515136719,573.48583984375
2022-12-06,901.564453125,154.27391052246094,131.75543212890625,762.6201782226562,892.8323364257812,59.97692108154297,1156.517333984375,385.1982727050781,51.09484100341797,565.7285766601562
2022-12-07,911.5303955078125,156.1315460205078,129.1164093017578,762.2887573242188,892.3484497070312,58.93341064453125,1137.5205078125,380.4610290527344,51.09484100341797,563.9633178710938
2022-12-08,936.1461181640625,166.5255889892578,132.68397521972656,766.5724487304688,901.7833251953125,59.330936431884766,1163.110107421875,377.5848693847656,53.16812515258789,568.23681640625
2022-12-09,930.515380859375,166.835205078125,130.82687377929688,772.0396118164062,899.8480224609375,58.237735748291016,1174.4886474609375,375.80340576171875,51.832008361816406,572.7426147460938
2022-12-12,935.4486083984375,168.1178741455078,130.97348022460938,778.0509643554688,900.2350463867188,58.73464584350586,1178.6397705078125,371.36474609375,53.536705017089844,569.5374755859375
2022-12-13,941.378173828125,170.72744750976562,133.1726531982422,780.2046508789062,902.7993774414062,59.778160095214844,1206.182861328125,371.912109375,55.19533157348633,572.9749145507812
2022-12-14,939.1856689453125,169.53321838378906,133.661376953125,786.8078002929688,891.9613647460938,62.31239318847656,1223.9591064453125,372.8476257324219,54.596378326416016,581.1038208007812
2022-12-15,934.9502563476562,163.25257873535156,134.7365264892578,772.3945922851562,879.4298095703125,62.213008880615234,1210.7244873046875,370.8572082519531,54.642452239990234,572.231689453125
2022-12-16,931.9105224609375,160.99685668945312,132.97718811035156,776.1102905273438,872.849609375,61.5670280456543,1200.90869140625,366.348876953125,52.2927360534668,560.5259399414062
2022-12-19,942.9727783203125,161.3949432373047,133.7591094970703,778.5243530273438,877.1558227539062,62.11362838745117,1195.048583984375,369.8520202636719,51.6477165222168,561.5478515625
2022-12-20,946.5106201171875,162.45645141601562,131.9020233154297,773.1519775390625,880.3008422851562,61.07012176513672,1200.0296630859375,367.652587890625,51.186988830566406,561.5478515625
2022-12-21,929.1201782226562,157.06040954589844,127.94349670410156,765.673095703125,863.4147338867188,58.585575103759766,1173.8050537109375,361.1836853027344,48.975486755371094,551.2821655273438
2022-12-22,916.41357421875,156.22003173828125,125.06012725830078,763.046142578125,861.866455078125,56.597938537597656,1152.659423828125,363.4627380371094,49.52836608886719,551.2821655273438
2022-12-23,903.5078125,149.54132080078125,119.6843490600586,756.2301025390625,850.4962158203125,52.67235565185547,1121.1116943359375,362.6466979980469,45.79645919799805,533.2590942382812
2022-12-26,925.532470703125,156.66232299804688,127.79689025878906,771.2821655273438,864.3341064453125,55.30597686767578,1167.8470458984375,360.9747009277344,49.29800033569336,554.7195434570312
2022-12-27,929.0205078125,157.10464477539062,129.9471893310547,772.063232421875,871.5432739257812,55.604122161865234,1174.34228515625,362.4376525878906,49.94301986694336,559.1788940429688
2022-12-28,921.5460205078125,160.8199462890625,130.63137817382812,771.4479370117188,869.898193359375,55.504737854003906,1185.8675537109375,362.2784423828125,50.588043212890625,558.3892211914062
2022-12-29,931.3624267578125,163.96026611328125,134.54104614257812,776.8912963867188,878.7041015625,56.399173736572266,1202.471435546875,362.0097351074219,51.04876708984375,568.376220703125
2022-12-30,930.5651245117188,164.26988220214844,135.90943908691406,770.6668701171875,862.0599975585938,58.436500549316406,1191.6788330078125,363.70159912109375,52.01630401611328,570.141357421875
2023-01-02,938.3883666992188,164.7563934326172,134.5899200439453,770.9271240234375,873.2850952148438,60.771976470947266,1197.783203125,363.26373291015625,52.661319732666016,568.747802734375
2023-01-03,959.017822265625,165.86215209960938,134.6387939453125,775.96826171875,872.2205810546875,60.970733642578125,1212.0430908203125,364.8162536621094,53.2602653503418,568.93359375
2023-01-04,954.1843872070312,161.61607360839844,133.31927490234375,762.0994262695312,870.0433349609375,59.827850341796875,1194.60888671875,362.4078063964844,51.832008361816406,562.2446899414062
2023-01-05,946.311279296875,162.81028747558594,133.61248779296875,757.200439453125,850.7381591796875,59.97692108154297,1187.52783203125,362.3182678222656,52.2927360534668,562.1516723632812
2023-01-06,936.6942749023438,162.1026153564453,131.5599365234375,754.6917724609375,841.9805908203125,59.132171630859375,1154.36865234375,355.6502990722656,51.97023010253906,558.0176391601562
2023-01-09,955.4799194335938,163.78334045410156,132.58621215820312,756.158935546875,845.12548828125,59.330936431884766,1190.2626953125,360.6463317871094,52.6152458190918,564.5672607421875
2023-01-10,948.9024658203125,159.84686279296875,132.19525146484375,742.3375854492188,833.5133056640625,58.436500549316406,1198.955322265625,357.3919372558594,50.77233123779297,552.9080200195312
2023-01-11,946.5106201171875,160.3334197998047,131.60879516601562,753.0349731445312,838.3034057617188,59.430320739746094,1184.98828125,358.6458740234375,51.97023010253906,554.3480224609375
2023-01-12,932.3590698242188,160.73147583007812,131.99978637695312,757.0584716796875,832.8359985351562,59.2315559387207,1180.98388671875,354.1972961425781,51.46342849731445,552.67578125
2023-01-13,930.9638061523438,163.56219482421875,135.32298278808594,757.6500854492188,845.2222900390625,59.827850341796875,1205.6456298828125,354.3565673828125,52.338809967041016,557.5066528320312
2023-01-16,910.0355224609375,164.35833740234375,137.1311798095703,750.3843383789062,837.287353515625,60.17568588256836,1210.3828125,355.252197265625,54.27387237548828,560.2008056640625
2023-01-17,914.5699462890625,160.8199462890625,134.88314819335938,761.5550537109375,837.1905517578125,58.83403015136719,1201.68994140625,357.8099365234375,53.21419906616211,550.8641967773438
2023-01-18,920.8484497070312,157.67962646484375,133.61248779296875,774.9979248046875,841.3999633789062,58.93341064453125,1194.51123046875,358.0985107421875,52.2927360534668,549.4705810546875
2023-01-19,925.532470703125,157.37001037597656,132.9282989501953,778.2166137695312,838.1582641601562,59.03279495239258,1172.5843505859375,351.7689208984375,52.707393646240234,547.9840698242188
2023-01-20,927.3761596679688,158.65267944335938,131.21783447265625,786.1923217773438,842.2224731445312,58.98310089111328,1174.43994140625,350.8931579589844,52.477027893066406,550.1674194335938
2023-01-23,929.5188598632812,159.7141876220703,132.9282989501953,791.9434204101562,843.5288696289062,58.93341064453125,1176.637451171875,355.0432434082031,52.338809967041016,557.831787109375
2023-01-24,907.0955200195312,157.41424560546875,131.95089721679688,802.5462646484375,842.6095581054688,58.436500549316406,1184.060546875,350.3656921386719,51.14091491699219,552.1647338867188
2023-01-25,889.3063354492188,150.16053771972656,129.2630157470703,780.370361328125,827.6588134765625,56.548248291015625,1129.218505859375,348.2857360839844,49.48229217529297,528.3353271484375
2023-01-27,870.7698974609375,139.10305786132812,129.01864624023438,764.8211669921875,790.7902221679688,55.35566711425781,1090.3944091796875,340.9808349609375,46.810062408447266,501.6259460449219
2023-01-30,868.876220703125,140.56263732910156,130.04493713378906,764.0401611328125,796.8865356445312,56.05134201049805,1063.681640625,343.5982360839844,46.717918395996094,500.0000915527344
2023-01-31,868.627197265625,148.4798126220703,131.413330078125,758.9990234375,805.01513671875,57.8402099609375,1057.7236328125,344.543701171875,49.34407424926758,514.2141723632812
2023-02-01,854.3260498046875,136.75888061523438,128.38336181640625,770.3828735351562,820.5464477539062,56.150718688964844,1017.5809326171875,347.2705993652344,46.349334716796875,489.920166015625
2023-02-02,865.4879150390625,136.27235412597656,130.28927612304688,758.9281005859375,830.1748657226562,59.2315559387207,1050.837890625,350.6642761230469,46.810062408447266,490.616943359375
2023-02-03,879.589599609375,144.7202606201172,130.38702392578125,785.1746826171875,835.8841552734375,58.436500549316406,1077.8438720703125,354.3565673828125,47.73152160644531,505.5742492675781
2023-02-06,879.6395263671875,148.52401733398438,129.89833068847656,781.8377075195312,826.110595703125,59.38063049316406,1102.847412109375,347.7284240722656,47.362937927246094,506.6891174316406
2023-02-07,876.1015625,149.09901428222656,128.04124450683594,782.997314453125,825.1912841796875,59.529701232910156,1116.277099609375,353.3812255859375,47.27078628540039,508.26837158203125
2023-02-08,868.7766723632812,148.6125030517578,128.38336181640625,782.902587890625,831.3359375,59.132171630859375,1118.6700439453125,351.4106750488281,47.5472297668457,510.7303466796875
2023-02-09,864.740478515625,149.89515686035156,127.01496124267578,781.2697143554688,832.9811401367188,58.386810302734375,1136.690185546875,352.48553466796875,46.99435806274414,511.705810546875
2023-02-10,864.2919921875,149.76246643066406,128.4810791015625,784.3700561523438,826.2557373046875,57.74082946777344,1134.1507568359375,352.7144470214844,47.2247200012207,513.7960815429688
2023-02-13,856.1697387695312,146.1356201171875,127.45477294921875,784.961669921875,823.1591796875,57.0948486328125,1130.390625,353.0627746582031,46.2571907043457,499.3498229980469
2023-02-14,867.7800903320312,149.32017517089844,126.81948852539062,792.2273559570312,837.335693359375,56.89608383178711,1129.902099609375,352.3760681152344,46.810062408447266,502.46197509765625
2023-02-15,865.3384399414062,149.98361206054688,126.72173309326172,790.6181640625,842.657958984375,57.14453887939453,1122.821044921875,355.3915710449219,46.9022102355957,503.7626647949219
2023-02-16,861.8005981445312,150.47015380859375,127.30818176269531,787.7544555664062,841.3515625,56.64763259887695,1121.6002197265625,355.8791809082031,46.810062408447266,501.7652282714844
2023-02-17,851.984130859375,147.55096435546875,124.22932434082031,783.8021240234375,834.7713623046875,55.5544319152832,1088.7340087890625,350.1666564941406,45.79645919799805,493.3111572265625
2023-02-20,843.8619384765625,145.2952423095703,123.1541748046875,776.4415893554688,824.562255859375,54.65999221801758,1083.459716796875,345.79766845703125,45.61216735839844,487.87640380859375
2023-02-21,841.171142578125,141.44723510742188,124.47367858886719,779.3526000976562,826.594482421875,54.26246643066406,1076.085693359375,344.3844909667969,45.197509765625,486.2970275878906
2023-02-22,830.5076293945312,138.9703826904297,122.37223815917969,764.063720703125,812.1275634765625,53.06988525390625,1067.2952880859375,338.4828186035156,44.045692443847656,479.7009582519531
2023-02-23,841.4700317382812,137.5550079345703,124.96238708496094,758.8807373046875,812.6114501953125,53.417720794677734,1050.5447998046875,339.7965087890625,44.46034240722656,484.0209045410156
2023-02-24,848.49609375,136.75888061523438,124.2781982421875,752.1119384765625,812.5631103515625,53.96432113647461,1054.0120849609375,337.8359375,43.8153190612793,484.0673828125
2023-02-27,851.43603515625,140.65109252929688,125.74430847167969,753.981689453125,828.723388671875,54.06370544433594,1056.7469482421875,343.5385437011719,44.32212829589844,490.2453918457031
2023-02-28,841.220947265625,140.65109252929688,126.23301696777344,757.153076171875,827.223388671875,54.8090705871582,1052.5958251953125,344.1953430175781,44.552486419677734,485.69317626953125
2023-03-01,862.19921875,145.42791748046875,131.31558227539062,756.4194946289062,828.6265869140625,55.35566711425781,1074.81591796875,347.3103942871094,46.211116790771484,498.6065673828125
2023-03-02,842.5663452148438,145.64907836914062,130.33816528320312,749.98193359375,826.40087890625,54.8090705871582,1076.3787841796875,342.6925964355469,45.842533111572266,495.865966796875
2023-03-03,849.7418212890625,152.94700622558594,131.16897583007812,764.8684692382812,840.4806518554688,56.05134201049805,1100.161376953125,348.52459716796875,47.73152160644531,521.3677368164062
2023-03-06,856.5684814453125,153.1239471435547,131.12008666992188,770.2645263671875,839.70654296875,56.79670333862305,1094.4964599609375,348.52459716796875,47.27078628540039,521.8322143554688
2023-03-08,858.0135498046875,153.9200897216797,132.83056640625,771.8029174804688,843.9159545898438,57.29361343383789,1146.896728515625,346.3749084472656,47.455081939697266,524.7120971679688
2023-03-09,864.8401489257812,151.75282287597656,131.16897583007812,771.8739013671875,828.2879028320312,56.84639358520508,1142.5506591796875,341.6973571777344,46.9022102355957,519.2308959960938
2023-03-10,848.994384765625,148.43557739257812,129.9960479736328,751.9700317382812,815.4177856445312,55.75318908691406,1118.1328125,338.2340393066406,45.98075485229492,508.5006408691406
2023-03-13,829.5110473632812,144.98562622070312,126.57511901855469,742.4559326171875,801.6282348632812,54.41154098510742,1035.4058837890625,333.1783142089844,44.368202209472656,492.38214111328125
2023-03-14,830.00927734375,143.65872192382812,124.8646469116211,740.4677734375,803.51513671875,54.46122741699219,1039.2149658203125,328.0728759765625,44.368202209472656,488.108642578125
2023-03-15,821.2393798828125,140.82801818847656,123.7406234741211,729.8413696289062,799.2090454101562,54.41154098510742,1020.0227661132812,331.5959167480469,43.95354461669922,480.8157653808594
2023-03-16,827.7171630859375,141.31455993652344,124.42481231689453,734.5747680664062,797.2737426757812,55.00783157348633,994.0911865234375,331.1181945800781,44.229984283447266,487.2725524902344
2023-03-17,834.5438842773438,141.57994079589844,125.49995422363281,744.3966064453125,809.2244873046875,54.85875701904297,996.7283935546875,336.9999694824219,44.18391036987305,492.1962890625
2023-03-20,834.6932983398438,140.42994689941406,126.18416595458984,739.2371826171875,809.4180297851562,53.96432113647461,978.9522705078125,338.3036804199219,43.30852508544922,482.34869384765625
2023-03-21,852.6817016601562,144.2337188720703,125.89092254638672,747.615234375,824.8526611328125,55.35566711425781,999.0235595703125,339.7367858886719,43.99961853027344,484.8105773925781
2023-03-22,846.7520141601562,148.0817413330078,126.18416595458984,745.8875732421875,832.4005737304688,55.75318908691406,1007.1303100585938,339.3984375,44.09176254272461,484.5318908691406
2023-03-23,845.9049072265625,143.9241180419922,124.13158416748047,739.8998413085938,827.8040161132812,54.75937271118164,994.53076171875,334.3327941894531,43.17030334472656,476.35650634765625
2023-03-24,837.0353393554688,141.35879516601562,123.98497772216797,738.716552734375,824.8526611328125,53.76555633544922,986.0333862304688,336.81085205078125,41.926334381103516,469.4817199707031
2023-03-27,830.5076293945312,142.64144897460938,122.61658477783203,741.9352416992188,821.272216796875,52.722049713134766,989.2565307617188,339.40838623046875,41.972408294677734,473.9410095214844
2023-03-28,829.6107788085938,142.19915771484375,122.86094665527344,747.97021484375,827.126708984375,52.42390060424805,1012.0137939453125,338.1543884277344,41.37346267700195,472.0364990234375
2023-03-29,839.72607421875,145.47215270996094,126.18416595458984,751.5676879882812,823.4978637695312,54.1630859375,1032.4757080078125,342.5632019042969,42.66350555419922,479.84033203125
2023-03-31,855.5718994140625,149.36441040039062,129.3118896484375,761.86279296875,848.8995361328125,54.70968246459961,1043.072998046875,344.9119567871094,42.939937591552734,486.57574462890625
2023-04-03,861.6510620117188,149.67401123046875,130.14266967773438,762.3361206054688,855.23779296875,55.20659255981445,1053.6214599609375,347.4696350097656,43.63103103637695,489.36279296875
2023-04-05,857.5650634765625,147.72789001464844,125.64657592773438,782.7843017578125,856.011962890625,54.560611724853516,1042.3404541015625,348.7037048339844,43.03208541870117,485.87896728515625
2023-04-06,849.044189453125,147.63941955566406,124.18045043945312,788.7483520507812,846.7222290039062,54.70968246459961,1056.7957763671875,349.7387390136719,43.49281692504883,490.198974609375
2023-04-10,844.4598388671875,147.02020263671875,124.13158416748047,785.009033203125,840.3839721679688,53.76555633544922,1044.3914794921875,350.1766052246094,43.35459518432617,488.9447021484375
2023-04-11,850.3895263671875,151.1335906982422,125.40222930908203,787.3048095703125,853.3992919921875,53.3680305480957,1049.1773681640625,367.5331726074219,43.53889083862305,494.3330383300781
2023-04-12,848.1473388671875,150.73550415039062,124.37593841552734,797.5288696289062,861.3826904296875,53.5171012878418,1049.714599609375,367.0455322265625,43.35459518432617,490.70989990234375
2023-04-13,861.4019165039062,151.62010192871094,125.20674896240234,801.1024780273438,869.946533203125,53.666175842285156,1083.459716796875,372.1111755371094,43.99961853027344,495.1227722167969
2023-04-17,861.6011352539062,155.9989013671875,128.38336181640625,788.8904418945312,872.1722412109375,54.8090705871582,1098.1591796875,377.21661376953125,44.96714782714844,505.3883972167969
2023-04-18,860.4052734375,157.37001037597656,128.6765594482422,785.5533447265625,867.8660888671875,56.150718688964844,1120.1839599609375,375.8531799316406,45.24358367919922,507.107177734375
2023-04-19,870.4210815429688,156.79501342773438,128.7254180908203,788.4407958984375,863.0761108398438,56.001644134521484,1094.30126953125,375.17645263671875,44.73678207397461,501.9510803222656
2023-04-20,865.7869262695312,157.23731994628906,129.3118896484375,791.3754272460938,865.4952392578125,56.05134201049805,1099.966064453125,374.99725341796875,44.78285598754883,506.13165283203125
2023-04-21,861.25244140625,156.08734130859375,128.04124450683594,792.6535034179688,857.028076171875,56.10103225708008,1090.345458984375,376.9180603027344,44.46034240722656,504.5987854003906
2023-04-24,879.2907104492188,159.4045867919922,129.1164093017578,799.0671997070312,875.5108032226562,57.8899040222168,1076.329833984375,377.6346740722656,45.38180160522461,515.236083984375
2023-04-25,875.3541870117188,162.85452270507812,130.38702392578125,787.7070922851562,883.9296264648438,58.28742980957031,1095.6197509765625,376.05224609375,45.888607025146484,521.925048828125
2023-04-26,884.6224975585938,162.36798095703125,131.95089721679688,791.328125,885.3812255859375,58.535888671875,1111.2960205078125,373.9224548339844,46.303260803222656,526.152099609375
2023-04-27,878.3937377929688,164.31410217285156,130.9246063232422,795.682861328125,888.6712036132812,59.08248519897461,1118.0841064453125,379.8937683105469,46.44148254394531,524.6657104492188
2023-04-28,857.0667724609375,166.0832977294922,131.9020233154297,798.8069458007812,887.9939575195312,61.07012176513672,1125.946533203125,385.75555419921875,48.146175384521484,537.25390625
2023-05-02,867.680419921875,166.39291381835938,133.36814880371094,798.6411743164062,892.2999877929688,63.45528030395508,1124.0908203125,382.39178466796875,48.60690689086914,534.466796875
2023-05-03,856.9172973632812,163.25257873535156,134.5899200439453,801.4339599609375,893.02587890625,63.75343322753906,1119.4515380859375,384.3424072265625,48.42261505126953,530.007568359375
2023-05-04,862.9965209960938,163.82757568359375,136.25149536132812,817.8350830078125,891.9129638671875,63.40559005737305,1108.17041015625,387.65643310546875,49.1597785949707,538.833251953125
2023-05-05,862.3486938476562,162.23529052734375,124.8646469116211,769.4835205078125,896.9932861328125,62.85898971557617,1048.2984619140625,383.89453125,48.238319396972656,535.5816650390625
2023-05-08,875.4537963867188,161.88145446777344,125.74430847167969,778.3822631835938,907.5894165039062,63.80311584472656,1100.1126708984375,389.89569091796875,48.00795364379883,542.177734375
2023-05-09,885.2203979492188,157.32579040527344,125.64657592773438,778.406005859375,904.20263671875,64.05157470703125,1114.0306396484375,388.9900207519531,46.303260803222656,532.7945556640625
2023-05-10,886.86474609375,157.85653686523438,126.33076477050781,782.0033569335938,905.7992553710938,63.654048919677734,1145.2364501953125,389.8658142089844,44.69070816040039,531.5869140625
2023-05-11,892.8941650390625,157.9007568359375,124.91352081298828,782.5240478515625,908.847412109375,64.3994140625,1159.7891845703125,389.7165222167969,44.69070816040039,532.7482299804688
2023-05-12,907.5440673828125,158.12191772460938,123.05642700195312,789.434814453125,913.3955078125,65.144775390625,1180.49560546875,390.2439880371094,44.73678207397461,537.1146240234375
2023-05-15,912.6764526367188,162.6333770751953,124.62029266357422,793.2214965820312,915.1857299804688,66.33735656738281,1191.1417236328125,392.712158203125,45.10536575317383,540.5984497070312
2023-05-16,914.6696166992188,164.97755432128906,124.08271026611328,788.6732788085938,915.766357421875,66.98333740234375,1191.8741455078125,387.5469665527344,45.15143966674805,544.6860961914062
2023-05-17,911.6798706054688,164.44679260253906,124.76690673828125,784.4360961914062,908.9926147460938,66.53611755371094,1207.35498046875,380.0032043457031,45.42787170410156,544.6860961914062
2023-05-18,911.5802001953125,159.53729248046875,123.88723754882812,787.572021484375,915.9114379882812,66.28765869140625,1210.040771484375,383.6357727050781,44.64463806152344,533.4449462890625
2023-05-19,920.8982543945312,160.90838623046875,123.30078887939453,788.481689453125,923.45947265625,66.38705444335938,1218.928955078125,386.47210693359375,45.38180160522461,534.3275146484375
2023-05-22,914.4204711914062,160.156494140625,123.34965515136719,785.6808471679688,919.6370239257812,65.9895248413086,1217.1219482421875,386.18353271484375,46.57969665527344,536.1856079101562
2023-05-23,913.0252685546875,162.1468505859375,122.81208038330078,783.837646484375,922.5885620117188,65.64168548583984,1230.8446044921875,382.4613952636719,46.625770568847656,540.3196411132812
2023-05-24,914.5699462890625,161.57183837890625,121.00386047363281,773.592041015625,910.2506713867188,65.59199523925781,1242.125732421875,380.2420959472656,45.98075485229492,541.3416137695312
2023-05-25,917.908447265625,160.8199462890625,120.4662857055664,770.6236572265625,909.4764404296875,67.57962799072266,1233.97021484375,384.143310546875,45.750389099121094,539.9945678710938
2023-05-26,923.7883911132812,162.36798095703125,122.42111206054688,773.592041015625,919.975830078125,69.4181900024414,1238.5118408203125,387.1488952636719,46.39540481567383,544.4074096679688
2023-05-29,926.6286010742188,162.54490661621094,122.66546630859375,783.0237426757812,917.5081787109375,69.71633911132812,1255.01806640625,388.7711181640625,46.810062408447266,552.7685546875
2023-05-30,934.2526245117188,162.45645141601562,122.46998596191406,783.6221923828125,919.2500610351562,71.20706939697266,1263.1248779296875,393.0505065917969,47.40900802612305,550.724853515625
2023-05-31,911.7296752929688,163.65065002441406,122.42111206054688,771.22216796875,918.4758911132812,71.20706939697266,1256.629638671875,400.9425354003906,47.77759552001953,549.1620483398438
2023-06-01,916.5631713867188,163.51797485351562,122.66546630859375,767.9425659179688,905.84765625,72.15119171142578,1260.09716796875,384.1632385253906,47.63937759399414,551.9086303710938
2023-06-02,922.9412841796875,165.1986846923828,123.30078887939453,769.1395263671875,907.8314208984375,72.44933319091797,1271.995361328125,385.8949279785156,48.1922492980957,556.1231079101562
2023-06-05,947.6068725585938,164.2256317138672,124.42481231689453,768.1340942382812,916.1535034179688,73.244384765625,1285.4244384765625,383.1381530761719,48.05403137207031,556.1231079101562
2023-06-06,964.897705078125,163.91603088378906,123.30078887939453,765.7402954101562,911.6537475585938,73.3437728881836,1289.571533203125,389.9355163574219,47.96188735961914,554.3709716796875
2023-06-07,973.4185791015625,165.773681640625,123.34965515136719,769.7139892578125,909.8151245117188,73.14501190185547,1294.7060546875,386.0242919921875,48.238319396972656,558.0172729492188
2023-06-08,958.8184814453125,165.8179168701172,123.25191497802734,770.1926879882812,907.5894165039062,71.753662109375,1287.448486328125,375.4949035644531,47.86974334716797,557.3543701171875
2023-06-09,971.4253540039062,163.51797485351562,122.27449798583984,771.1024780273438,907.734619140625,71.25675201416016,1314.3065185546875,372.6087951660156,47.31686019897461,548.072998046875
2023-06-12,970.8772583007812,165.4198455810547,122.37223815917969,766.4105224609375,905.7024536132812,72.34996032714844,1315.6888427734375,374.0917053222656,47.50115203857422,548.0256958007812
2023-06-13,982.4874877929688,165.6409912109375,121.73692321777344,767.703125,913.0567626953125,74.33759307861328,1319.4410400390625,369.4141540527344,47.91581726074219,545.894775390625
2023-06-14,974.3653564453125,165.8179168701172,121.5903091430664,766.8652954101562,909.4280395507812,76.2755355834961,1306.6044921875,371.14581298828125,47.73152160644531,546.0367431640625
2023-06-15,973.8172607421875,162.23529052734375,119.29338073730469,757.4336547851562,896.6546630859375,78.51162719726562,1280.783447265625,364.9456481933594,46.44148254394531,536.5186157226562
2023-06-16,978.2021484375,166.39291381835938,120.95498657226562,767.3440551757812,904.009033203125,81.19493103027344,1297.4708251953125,369.7027587890625,47.50115203857422,541.0172119140625
2023-06-19,962.3564453125,171.39088439941406,120.31967163085938,768.0144653320312,893.3161010742188,80.79740905761719,1285.029541015625,363.1641845703125,47.86974334716797,538.7442626953125
2023-06-20,971.5250244140625,172.452392578125,120.61289978027344,769.6182861328125,895.6386108398438,82.28813934326172,1282.067138671875,367.0355529785156,47.823673248291016,537.37109375
2023-06-21,962.7052001953125,175.23890686035156,120.66177368164062,783.0716552734375,894.8159790039062,81.69184875488281,1270.41552734375,367.3440856933594,48.69905090332031,536.3765258789062
2023-06-22,963.3031005859375,170.99282836914062,121.00386047363281,786.9017944335938,895.8320922851562,77.12028503417969,1256.6904296875,365.463134765625,46.99435806274414,533.156494140625
2023-06-23,955.1311645507812,170.01976013183594,119.39112854003906,786.8539428710938,893.6548461914062,77.26934814453125,1292.237548828125,363.9603576660156,47.13435745239258,525.2484741210938
2023-06-26,957.2738037109375,168.73709106445312,118.56033325195312,783.0476684570312,897.4772338867188,77.26934814453125,1298.5078125,362.845703125,46.947689056396484,527.5687866210938
2023-06-27,969.9304809570312,168.91400146484375,120.27080535888672,794.0833129882812,905.84765625,77.76626586914062,1299.3963623046875,367.1748962402344,47.461029052734375,536.1397705078125
2023-06-28,974.8635864257812,168.0736541748047,119.39112854003906,802.4857177734375,907.1539916992188,79.2072982788086,1317.268798828125,366.348876953125,47.04102325439453,539.6439819335938
2023-06-30,984.08203125,173.40281677246094,123.30078887939453,814.5745239257812,904.3960571289062,78.9091567993164,1357.3580322265625,367.5431213378906,48.20771026611328,542.5325927734375
2023-07-03,978.750244140625,181.373779296875,124.6691665649414,823.3839111328125,912.0891723632812,81.4433822631836,1362.9862060546875,367.025634765625,50.26109313964844,554.4657592773438
2023-07-04,967.3892211914062,184.33444213867188,129.01864624023438,827.4054565429688,914.1697387695312,78.1637954711914,1350.14990234375,370.5586242675781,53.24782180786133,558.0646362304688
2023-07-05,963.2035522460938,186.93067932128906,130.28927612304688,801.12109375,927.0398559570312,79.85328674316406,1381.94482421875,371.1856384277344,54.694522857666016,559.3431396484375
2023-07-06,977.6043090820312,187.15841674804688,132.34185791015625,801.9351196289062,928.3945922851562,80.00234985351562,1372.7122802734375,373.6636962890625,55.0678596496582,561.142578125
2023-07-07,974.3619995117188,190.39236450195312,132.09750366210938,794.945068359375,915.8148193359375,79.2072982788086,1340.02880859375,368.9264831542969,56.37455749511719,562.1843872070312
2023-07-10,961.7422485351562,185.29092407226562,130.87574768066406,793.0538940429688,917.7501831054688,78.76007843017578,1349.80419921875,371.5936584472656,56.56122589111328,561.2373046875
2023-07-11,950.9182739257812,186.61184692382812,131.95089721679688,789.1998291015625,914.41162109375,82.28813934326172,1363.57861328125,371.53399658203125,56.421226501464844,557.401611328125
2023-07-12,947.7258911132812,186.47518920898438,131.21783447265625,781.8028564453125,913.8794555664062,82.5862808227539,1354.1982421875,373.82293701171875,57.30791091918945,558.0646362304688
2023-07-13,957.8516235351562,179.4607391357422,123.88723754882812,785.704833984375,924.8142700195312,80.84709930419922,1358.9873046875,372.1509704589844,55.16119384765625,554.6552124023438
2023-07-14,954.759033203125,180.73609924316406,126.379638671875,787.3327026367188,929.0235595703125,81.989990234375,1359.678466796875,372.0116271972656,56.654563903808594,553.4713134765625
2023-07-17,962.5403442382812,183.5601043701172,129.60513305664062,803.80224609375,937.3941040039062,81.19493103027344,1373.008544921875,377.5948181152344,58.19459533691406,569.2874755859375
2023-07-18,961.34326171875,180.32615661621094,131.8531494140625,803.1320190429688,943.9259643554688,80.59864807128906,1372.76171875,376.3607482910156,57.49457931518555,561.0005493164062
2023-07-19,961.99169921875,182.19366455078125,132.68397521972656,806.7706298828125,941.9905395507812,81.29432678222656,1401.6932373046875,379.4956970214844,59.8746337890625,569.6190185546875
2023-07-20,975.5591430664062,181.32823181152344,133.7591094970703,808.5181274414062,963.4246826171875,80.89679718017578,1407.2227783203125,389.5075378417969,59.59462356567383,577.7637939453125
2023-07-21,968.9749145507812,179.0963592529297,131.12008666992188,802.294189453125,964.7794189453125,82.33782958984375,1389.6466064453125,392.15484619140625,58.42793273925781,582.5465087890625
2023-07-24,969.1744384765625,180.69056701660156,130.9246063232422,803.5628662109375,959.9411010742188,83.18257141113281,1417.6400146484375,377.6346740722656,57.96125793457031,584.9616088867188
2023-07-25,960.1959838867188,178.68641662597656,129.60513305664062,812.2764282226562,962.5538330078125,82.53659057617188,1397.6446533203125,373.305419921875,56.654563903808594,577.3375854492188
2023-07-26,974.4617309570312,180.1439666748047,130.87574768066406,809.45166015625,964.2473754882812,84.12670135498047,1409.7406005859375,377.2464599609375,58.941280364990234,582.5939331054688
2023-07-27,957.6022338867188,181.5104217529297,130.87574768066406,801.04931640625,958.2476196289062,82.03968811035156,1397.7928466796875,372.95709228515625,58.241268157958984,583.9197998046875
2023-07-28,947.676025390625,183.1957244873047,132.3907470703125,786.8539428710938,964.0053100585938,83.43102264404297,1384.314453125,373.5740966796875,57.821258544921875,583.4462280273438
2023-07-31,951.6165771484375,184.19778442382812,132.58621215820312,790.5404052734375,966.0374145507812,86.66092681884766,1399.915771484375,369.5335388183594,57.72792053222656,587.3766479492188
2023-08-01,957.6022338867188,183.1957244873047,132.04864501953125,795.830810546875,962.4086303710938,87.9529037475586,1377.0570068359375,368.2298278808594,57.2612419128418,579.468505859375
2023-08-02,942.9872436523438,177.4110565185547,129.751708984375,785.4176025390625,955.0543212890625,86.5615463256836,1363.8748779296875,362.9949645996094,55.53453826904297,566.7777099609375
2023-08-03,933.310546875,176.0901641845703,129.16526794433594,779.7442016601562,933.8136596679688,86.4124755859375,1347.335693359375,362.9054260253906,55.48787307739258,559.2484741210938
2023-08-04,949.9705200195312,174.31378173828125,131.5599365234375,791.0191650390625,939.1358642578125,86.90939331054688,1391.8682861328125,366.2421569824219,55.954551696777344,542.9586791992188
2023-08-07,945.1321411132812,172.53738403320312,131.02235412597656,790.5643310546875,944.1195068359375,87.108154296875,1397.447265625,364.857666015625,56.37455749511719,537.8446044921875
2023-08-08,950.6190185546875,177.50216674804688,132.3907470703125,789.9180297851562,948.2321166992188,86.90939331054688,1386.2894287109375,364.1504821777344,58.007930755615234,542.769287109375
2023-08-09,947.7258911132812,176.7733917236328,131.5599365234375,790.2052001953125,949.0126953125,87.60506439208984,1390.7327880859375,364.8476867675781,57.447914123535156,543.3849487304688
2023-08-10,937.50048828125,174.81480407714844,131.16897583007812,783.1912841796875,940.6220703125,87.00877380371094,1412.2091064453125,358.7420349121094,57.167911529541016,543.2902221679688
2023-08-11,934.95654296875,175.49801635742188,131.16897583007812,775.0283813476562,929.64599609375,87.60506439208984,1379.6737060546875,356.8694763183594,58.381263732910156,543.7638549804688
2023-08-14,937.699951171875,171.94525146484375,130.97201538085938,771.2461547851562,936.1829223632812,87.60506439208984,1371.4287109375,357.3973693847656,58.19459533691406,531.1203002929688
2023-08-16,930.81640625,170.12330627441406,130.18421936035156,768.995849609375,933.2072143554688,87.80382537841797,1363.3319091796875,355.8236083984375,57.58791732788086,535.429443359375
2023-08-17,934.30810546875,172.9928741455078,132.54763793945312,764.73486328125,928.4752807617188,88.00259399414062,1357.0123291015625,351.73992919921875,59.03461456298828,541.86962890625
2023-08-18,940.7925415039062,174.6326141357422,132.10447692871094,761.598876953125,927.4996337890625,88.40011596679688,1354.445068359375,348.7716979980469,58.61460494995117,542.6273193359375
2023-08-21,950.3196411132812,173.90383911132812,132.2029571533203,761.0004272460938,931.9388427734375,89.14547729492188,1380.2169189453125,350.67413330078125,58.19459533691406,541.4434814453125
2023-08-22,954.759033203125,173.3117218017578,133.97552490234375,757.7448120117188,928.8167724609375,91.3815689086914,1383.524658203125,351.221923828125,58.287933349609375,538.4127807617188
2023-08-23,976.9058837890625,176.13572692871094,139.5393524169922,759.612060546875,943.3050537109375,91.67971801757812,1383.3765869140625,354.5985107421875,59.12794876098633,546.3682861328125
2023-08-24,979.0007934570312,174.76925659179688,138.55459594726562,756.1170654296875,945.3539428710938,90.88465881347656,1407.2227783203125,354.77777099609375,58.66127014160156,546.4155883789062
2023-08-25,980.7466430664062,172.85621643066406,138.55459594726562,747.594970703125,946.7686767578125,90.53682708740234,1383.524658203125,354.35943603515625,57.4012451171875,539.7860717773438
2023-08-28,987.8297119140625,173.22061157226562,141.705810546875,755.3749389648438,946.9149780273438,90.48713684082031,1391.72021484375,356.65032958984375,58.33460235595703,542.5325927734375
2023-08-29,978.3524169921875,174.13157653808594,142.24742126464844,761.3834838867188,944.1832275390625,89.74177551269531,1382.5372314453125,355.2060852050781,58.754608154296875,544.4267578125
2023-08-30,980.9960327148438,174.58705139160156,141.21343994140625,755.8297729492188,935.5487670898438,91.67971801757812,1374.93408203125,353.5726013183594,59.22128677368164,537.37109375
2023-08-31,971.169677734375,170.48770141601562,141.7550506591797,752.358642578125,935.40234375,92.77291870117188,1360.81396484375,350.3553771972656,58.80127716064453,531.6412353515625
2023-09-01,988.7774047851562,173.63055419921875,141.60736083984375,753.9147338867188,945.1100463867188,92.8226089477539,1398.73095703125,352.81561279296875,61.04132843017578,539.4072265625
2023-09-04,979.8987426757812,178.0487518310547,140.86878967285156,758.630615234375,943.7929077148438,97.84138488769531,1403.9149169921875,351.04266357421875,62.90803527832031,545.089599609375
2023-09-05,979.1006469726562,178.36758422851562,142.49362182617188,754.010498046875,944.8173828125,98.58674621582031,1405.8404541015625,352.80560302734375,62.86136245727539,542.6746215820312
2023-09-06,962.7398681640625,177.63880920410156,141.60736083984375,763.873046875,934.1828002929688,97.04633331298828,1390.9302978515625,352.65625,61.32133102416992,540.3069458007812
2023-09-07,975.8583984375,178.77752685546875,142.78904724121094,771.22216796875,942.1343383789062,95.20777130126953,1421.490966796875,356.3813781738281,62.16135025024414,548.4044799804688
2023-09-08,977.953369140625,180.1895294189453,145.2509307861328,777.2306518554688,946.9149780273438,94.76054382324219,1430.6246337890625,357.2181091308594,62.394683837890625,552.5715942382812
2023-09-11,998.0053100585938,184.74435424804688,146.62957763671875,781.2523803710938,954.4274291992188,95.95313262939453,1431.95751953125,360.14642333984375,64.54141235351562,560.385009765625
2023-09-12,998.5040893554688,182.14810180664062,140.42564392089844,783.6940307617188,966.3792114257812,92.87229919433594,1411.1724853515625,360.8038024902344,62.394683837890625,557.2122192382812
2023-09-13,1012.0216674804688,190.0735321044922,142.93673706054688,787.0454711914062,965.6962280273438,92.52445983886719,1436.74658203125,363.4731750488281,67.71480560302734,564.8836059570312
2023-09-14,1018.4561767578125,193.03416442871094,145.2509307861328,786.566650390625,963.6473999023438,93.07106018066406,1439.9063720703125,362.8656005859375,68.78816223144531,565.6885986328125
2023-09-15,1024.69140625,192.0321044921875,145.98948669433594,795.5914306640625,968.2816772460938,93.96550750732422,1431.7601318359375,361.3416748046875,69.20816802978516,567.1091918945312
2023-09-18,1022.2970581054688,197.9989471435547,143.8722686767578,779.9356689453125,966.0864868164062,92.57415008544922,1438.5733642578125,358.2440185546875,71.77488708496094,571.9866333007812
2023-09-20,1024.8409423828125,194.4461669921875,144.26617431640625,748.6482543945312,963.1107177734375,93.02136993408203,1422.3302001953125,356.4710693359375,71.35488891601562,569.2874755859375
2023-09-21,1012.0216674804688,188.70706176757812,143.57684326171875,743.6930541992188,935.9389038085938,92.8226089477539,1393.5469970703125,349.7478332519531,70.00151824951172,557.0228881835938
2023-09-22,1015.8125610351562,196.17701721191406,143.7245635986328,732.3462524414062,927.1581420898438,93.02136993408203,1434.623779296875,349.897216796875,72.33489990234375,566.4935913085938
2023-09-25,1016.5109252929688,198.04449462890625,144.85702514648438,732.9925537109375,933.0607299804688,93.717041015625,1424.6014404296875,355.4650573730469,74.8549575805664,562.6105346679688
2023-09-26,1011.7223510742188,194.62835693359375,145.59559631347656,736.1763305664062,925.5971069335938,94.95932006835938,1405.1492919921875,351.4211730957031,74.06159973144531,562.9420776367188
2023-09-27,1022.745849609375,195.72152709960938,148.25440979003906,731.005615234375,920.1334838867188,96.94696044921875,1418.3804931640625,351.63031005859375,76.06832122802734,558.5381469726562
2023-09-28,1028.4322509765625,191.8954620361328,143.7738037109375,729.49755859375,919.6455688476562,93.96550750732422,1395.2255859375,345.26568603515625,74.34161376953125,558.7276000976562
2023-09-29,1034.21826171875,194.9016571044922,144.95550537109375,730.7423706054688,928.71923828125,94.90962219238281,1410.876220703125,345.763671875,74.8549575805664,566.8723754882812
2023-10-03,1038.5579833984375,198.45443725585938,148.40213012695312,722.0048828125,917.401611328125,93.56797790527344,1417.3438720703125,344.04052734375,77.65501403808594,571.03955078125
2023-10-04,993.1668701171875,193.48965454101562,145.00474548339844,732.29833984375,907.4012451171875,91.18280792236328,1383.6728515625,343.0445251464844,74.43494415283203,555.223388671875
2023-10-05,1000.8484497070312,193.62631225585938,143.2814178466797,735.2667236328125,917.938232421875,91.3815689086914,1384.2156982421875,345.474853515625,71.96155548095703,560.8111572265625
2023-10-06,998.553955078125,196.1314697265625,144.26617431640625,734.452880859375,922.182373046875,90.83497619628906,1416.75146484375,347.39715576171875,71.6348876953125,562.7999877929688
2023-10-09,993.8651733398438,192.8975372314453,142.73980712890625,725.9307861328125,915.7430419921875,89.49332427978516,1410.580078125,342.49664306640625,68.46148681640625,554.13427734375
2023-10-10,1009.8268432617188,195.2205047607422,145.69406127929688,730.0481567382812,928.0362548828125,89.69207763671875,1402.6805419921875,349.8274841308594,70.23485565185547,560.337646484375
2023-10-11,1016.6605224609375,188.75262451171875,144.75852966308594,737.1099243164062,929.889892578125,90.98404693603516,1403.3223876953125,352.8753662109375,70.98155212402344,557.2122192382812
2023-10-12,1016.0120849609375,189.253662109375,147.0234832763672,742.017333984375,931.011962890625,90.23868560791016,1406.3341064453125,351.371337890625,70.7015380859375,555.0339965820312
2023-10-13,991.6704711914062,185.3820343017578,147.1219482421875,735.2667236328125,928.1337890625,89.69207763671875,1445.2877197265625,351.0028076171875,70.18818664550781,545.6578979492188
2023-10-16,1002.3946533203125,187.47726440429688,146.28492736816406,732.3223266601562,928.2313842773438,90.38774871826172,1428.2054443359375,348.56256103515625,70.23485565185547,545.1843872070312
2023-10-17,1005.6369018554688,188.88926696777344,146.13719177246094,737.8760375976562,930.6704711914062,91.03372955322266,1417.936279296875,352.9052429199219,70.74820709228516,545.9420776367188
2023-10-18,990.4733276367188,185.5186767578125,144.31541442871094,727.6064453125,920.7676391601562,90.38774871826172,1402.4830322265625,349.28961181640625,69.25483703613281,542.3432006835938
2023-10-19,989.02685546875,186.88511657714844,144.61083984375,725.308349609375,912.9624633789062,90.23868560791016,1432.105712890625,346.31146240234375,69.06817626953125,540.9699096679688
2023-10-20,978.0032348632812,184.28887939453125,143.62608337402344,729.0667114257812,910.0355224609375,88.35043334960938,1450.6197509765625,352.5168151855469,67.4347915649414,533.298583984375
2023-10-23,961.99169921875,177.82098388671875,141.21343994140625,721.04736328125,907.3037109375,85.91556549072266,1416.9488525390625,346.7696533203125,65.0080795288086,523.6857299804688
2023-10-25,953.1629028320312,177.4566192626953,139.6870880126953,716.4751586914062,893.7909545898438,86.61124420166016,1394.9293212890625,344.2397155761719,64.86807250976562,526.7637329101562
2023-10-26,969.7230834960938,172.30963134765625,136.04347229003906,700.6279296875,886.5224609375,84.42484283447266,1396.8548583984375,337.6260681152344,65.19474792480469,518.0506591796875
2023-10-27,1000.349609375,179.3240966796875,137.42214965820312,703.3807983398438,890.5225830078125,85.5180435180664,1423.169677734375,339.1898193359375,68.27481842041016,531.4518432617188
2023-10-30,986.8320922851562,180.59945678710938,138.75157165527344,711.0171508789062,902.376708984375,82.68566131591797,1436.3516845703125,342.1380920410156,68.27481842041016,535.2874145507812
2023-10-31,979.4996337890625,178.73196411132812,138.50535583496094,706.8998413085938,893.0592041015625,82.18875122070312,1423.169677734375,346.5007629394531,68.13481903076172,535.618896484375
2023-11-01,969.4736938476562,178.0942840576172,138.357666015625,705.9422607421875,891.7908935546875,80.59864807128906,1414.5791015625,343.51263427734375,68.0414810180664,536.4239501953125
2023-11-02,980.5970458984375,182.10255432128906,139.29318237304688,707.0194702148438,897.5472412109375,81.79122924804688,1442.8192138671875,346.162109375,69.30149841308594,541.822265625
2023-11-03,986.4828491210938,185.65533447265625,141.31190490722656,710.370849609375,911.0599975585938,82.28813934326172,1432.0069580078125,345.2756042480469,69.76818084716797,547.5520629882812
2023-11-06,1006.9837036132812,178.18539428710938,141.9027862548828,715.5175170898438,922.42626953125,82.23844146728516,1451.75537109375,346.6601257324219,69.9081802368164,543.9531860351562
2023-11-07,1018.4561767578125,174.22267150878906,145.05398559570312,712.0464477539062,925.0116577148438,82.63597106933594,1467.7022705078125,348.8613586425781,71.07488250732422,549.0673828125
2023-11-08,1019.2542724609375,175.36138916015625,144.8077850341797,714.105224609375,912.9624633789062,83.18257141113281,1470.2200927734375,347.86529541015625,70.74820709228516,549.5882568359375
2023-11-09,1019.4537963867188,175.81687927246094,145.3001708984375,711.280517578125,914.5234985351562,84.12670135498047,1488.388671875,347.6063232421875,70.93487548828125,547.741455078125
2023-11-10,1026.736328125,177.50216674804688,147.56509399414062,714.081298828125,915.7430419921875,84.82237243652344,1479.9462890625,347.7059020996094,71.16822052001953,548.8306274414062
2023-11-13,1022.8955078125,179.18743896484375,150.56858825683594,712.78857421875,911.694091796875,85.81619262695312,1490.6104736328125,348.2537841796875,73.8282699584961,550.5826416015625
2023-11-15,1038.857177734375,180.09841918945312,147.86050415039062,720.2573852539062,918.18212890625,86.31309509277344,1475.1572265625,352.4968566894531,73.68826293945312,553.7554931640625
2023-11-16,1023.8931274414062,180.69056701660156,147.9097442626953,722.1485595703125,913.206298828125,87.853515625,1479.7982177734375,353.1642150878906,74.2949447631836,553.7080688476562
2023-11-17,991.9697265625,179.27854919433594,145.84178161621094,720.592529296875,899.4010009765625,84.57391357421875,1479.6007080078125,351.520751953125,72.70824432373047,533.251220703125
2023-11-20,986.3333129882812,180.05287170410156,145.15243530273438,720.640380859375,899.0106811523438,83.87825012207031,1485.870849609375,352.7060241699219,73.1749267578125,533.9141845703125
2023-11-21,989.4258422851562,178.32203674316406,144.46310424804688,726.74462890625,903.54736328125,84.0770034790039,1483.155517578125,352.0386962890625,72.84825897216797,531.7832641601562
2023-11-22,995.7107543945312,177.3199462890625,143.232177734375,724.1593017578125,900.279052734375,82.68566131591797,1451.903564453125,347.74578857421875,71.26155090332031,529.3682250976562
2023-11-23,996.6585083007812,177.04669189453125,144.90625,728.3485717773438,900.52294921875,83.62979125976562,1467.406005859375,346.4808044433594,71.4482192993164,530.3153076171875
2023-11-24,1006.0859375,175.907958984375,145.15243530273438,733.5191650390625,906.76708984375,83.77886962890625,1457.6304931640625,347.4170837402344,70.8882064819336,530.694091796875
2023-11-28,1018.7056274414062,179.0508270263672,147.66355895996094,731.8675537109375,902.9620971679688,84.72298431396484,1458.963623046875,347.0684509277344,73.31492614746094,534.5771484375
2023-11-29,1057.6123046875,179.8251190185547,147.958984375,746.4698486328125,916.7186279296875,84.37515258789062,1464.88818359375,349.2995910644531,73.87493133544922,538.5074462890625
2023-11-30,1071.678466796875,179.55184936523438,145.10321044921875,746.30224609375,912.1819458007812,84.67330169677734,1447.6575927734375,349.697998046875,72.42823791503906,534.8612670898438
2023-12-01,1102.0057373046875,183.87893676757812,146.48187255859375,744.6744995117188,923.6458740234375,85.56773376464844,1442.6712646484375,348.7119140625,75.32164001464844,541.49072265625
2023-12-04,1122.905517578125,190.4379119873047,151.7010498046875,770.5279541015625,967.0621948242188,86.4124755859375,1495.596923828125,362.2679748535156,78.16836547851562,563.2262573242188
2023-12-05,1129.739013671875,192.07766723632812,154.16293334960938,777.374267578125,988.7703247070312,88.6982650756836,1487.6480712890625,364.2401428222656,79.33505249023438,576.05908203125
2023-12-06,1117.8177490234375,190.89340209960938,152.78427124023438,779.3372192382812,978.8187255859375,89.84115600585938,1482.7110595703125,362.835693359375,79.75505828857422,576.24853515625
2023-12-07,1115.1741943359375,192.35093688964844,152.29190063476562,780.60595703125,974.6721801757812,87.15784454345703,1485.8214111328125,363.92138671875,81.01509857177734,579.3264770507812
2023-12-08,1128.4920654296875,193.12527465820312,152.14419555664062,791.4979248046875,986.2335815429688,87.50568389892578,1489.968505859375,366.2322082519531,80.78175354003906,581.6468505859375
2023-12-11,1113.827392578125,196.0403594970703,151.7995147705078,790.4446411132812,992.3313598632812,86.81000518798828,1502.706298828125,367.3477478027344,82.55513000488281,581.7415771484375
2023-12-12,1128.292724609375,196.86024475097656,150.2239227294922,782.5927734375,990.9655151367188,86.31309509277344,1478.1689453125,363.4233703613281,82.2751235961914,579.989501953125
2023-12-13,1112.181396484375,201.36953735351562,150.02699279785156,780.8214111328125,989.2093505859375,86.95907592773438,1487.9443359375,363.7919006347656,82.83512878417969,587.0451049804688
2023-12-14,1117.767822265625,200.50411987304688,150.32240295410156,790.0377197265625,1008.4783935546875,87.60506439208984,1532.1807861328125,369.29998779296875,83.90848541259766,590.6441040039062
2023-12-15,1117.6680908203125,204.694580078125,154.6553192138672,793.1018676757812,1012.1370239257812,89.4436264038086,1551.0406494140625,368.6525573730469,85.16851806640625,613.9420776367188
2023-12-18,1108.689697265625,204.33018493652344,154.16293334960938,792.6948852539062,996.5755004882812,89.1951675415039,1536.7723388671875,367.92547607421875,85.26184844970703,614.1788940429688
2023-12-19,1117.568359375,205.9699249267578,154.99996948242188,791.3543090820312,990.7216186523438,89.59269714355469,1546.8441162109375,367.84576416015625,85.30851745605469,620.7136840820312
2023-12-20,1107.5924072265625,199.7753448486328,150.864013671875,793.3172607421875,982.1358642578125,86.81000518798828,1536.574951171875,363.8516845703125,81.06175231933594,602.7666625976562
2023-12-21,1092.77783203125,204.83120727539062,151.60256958007812,807.5365600585938,979.9407348632812,87.80382537841797,1550.2506103515625,369.0708923339844,83.86182403564453,609.6802368164062
2023-12-22,1085.6949462890625,203.6925048828125,151.6518096923828,799.9481811523438,970.086669921875,87.90320587158203,1542.6968994140625,370.6247253417969,83.30181121826172,603.0507202148438
2023-12-26,1091.6304931640625,205.2866973876953,151.60256958007812,805.5018920898438,970.8671264648438,87.9529037475586,1551.0406494140625,375.8738098144531,82.60179901123047,604.2818603515625
2023-12-27,1103.70166015625,211.34463500976562,151.6518096923828,815.4841918945312,977.843017578125,88.30073547363281,1577.3553466796875,378.9615173339844,85.6818618774414,614.2262573242188
2023-12-28,1105.197998046875,212.2100372314453,153.1289520263672,816.417724609375,981.4041748046875,88.15165710449219,1590.29052734375,382.7464599609375,89.1352767944336,616.9254760742188
2023-12-29,1099.661376953125,210.52474975585938,153.76902770996094,818.3328247070312,972.3306274414062,88.35043334960938,1578.83642578125,380.1069641113281,89.36861419677734,608.0702514648438
2024-01-01,1095.072265625,212.93882751464844,154.16293334960938,812.9945068359375,975.0624389648438,87.25723266601562,1578.7376708984375,380.31610107421875,91.281982421875,607.4072875976562
2024-01-02,1090.6329345703125,210.16038513183594,149.58383178710938,813.4732666015625,958.3301391601562,85.56773376464844,1555.7801513671875,371.5310974121094,90.53529357910156,605.6078491210938
2024-01-03,1095.97021484375,212.1189727783203,149.43612670898438,800.9295654296875,960.0862426757812,85.56773376464844,1581.0087890625,371.700439453125,90.0219497680664,609.3961791992188
2024-01-04,1120.7109375,216.5826873779297,152.48886108398438,809.5235595703125,963.1107177734375,86.51187133789062,1627.8125,371.24224853515625,90.90863800048828,608.7332153320312
2024-01-05,1134.228271484375,213.75869750976562,152.24267578125,805.3822021484375,969.5012817382812,86.16402435302734,1622.52978515625,368.0549621582031,90.76863861083984,607.9755859375
2024-01-08,1119.314208984375,203.55584716796875,147.9097442626953,796.4052124023438,958.086181640625,84.9217529296875,1606.63232421875,363.77197265625,88.66859436035156,593.8167114257812
2024-01-09,1113.8773193359375,203.32810974121094,149.1407012939453,790.2052001953125,955.8909301757812,83.72917175292969,1604.6575927734375,363.88153076171875,88.6219253540039,592.301513671875
2024-01-10,1104.35009765625,203.9202423095703,149.43612670898438,792.8145141601562,968.8670654296875,83.38134002685547,1619.5181884765625,362.7161865234375,88.10858154296875,588.8446044921875
2024-01-11,1123.05517578125,205.92437744140625,148.05747985839844,789.4871215820312,967.0133666992188,86.11434173583984,1636.9954833984375,363.12457275390625,88.48192596435547,587.3766479492188
2024-01-12,1117.6680908203125,209.4315948486328,148.79603576660156,785.752685546875,979.0626220703125,86.61124420166016,1652.9423828125,365.1963195800781,91.18864440917969,600.0674438476562
2024-01-15,1116.8201904296875,210.52474975585938,150.61782836914062,800.8817138671875,985.2579345703125,86.21371459960938,1667.6055908203125,368.8318176269531,91.65532684326172,606.223388671875
2024-01-16,1116.421142578125,210.66140747070312,147.41737365722656,803.9219360351562,984.4774169921875,87.75413513183594,1646.079833984375,368.1346435546875,91.70199584960938,603.1928100585938
2024-01-17,1079.709228515625,205.42333984375,143.67532348632812,736.1045532226562,957.8422241210938,84.67330169677734,1623.2210693359375,354.5188293457031,90.72196197509766,592.8696899414062
2024-01-18,1094.872802734375,207.42747497558594,144.61083984375,711.5198974609375,962.3302001953125,85.86588287353516,1592.6109619140625,354.0407409667969,91.9353256225586,595.0479125976562
2024-01-19,1113.8773193359375,210.1148223876953,144.31541442871094,704.0989990234375,974.8673095703125,85.17020416259766,1541.4625244140625,351.4609680175781,95.38874053955078,594.5270385742188
2024-01-23,1086.642578125,202.59933471679688,138.11148071289062,683.3683471679688,1003.9904174804688,81.29432678222656,1423.564453125,355.4849548339844,92.16867065429688,573.07568359375
2024-01-24,1056.61474609375,208.2928924560547,140.03175354003906,697.037109375,974.8673095703125,79.10791778564453,1472.09619140625,356.3017272949219,95.38874053955078,585.5771484375
2024-01-25,1039.7550048828125,206.83534240722656,139.63784790039062,686.9830932617188,985.3555297851562,79.55513763427734,1492.980224609375,352.2777099609375,97.53544616699219,580.3209228515625
2024-01-29,1058.7095947265625,213.39431762695312,143.232177734375,696.438720703125,991.6484985351562,82.98381042480469,1507.5941162109375,363.1344909667969,100.33551788330078,589.9811401367188
2024-01-30,1051.57666015625,216.3094024658203,142.88751220703125,691.4833984375,992.1362915039062,82.18875122070312,1500.7808837890625,363.27398681640625,101.96887969970703,593.5799560546875
2024-01-31,1065.194091796875,225.5557403564453,145.05398559570312,700.220947265625,1003.1123657226562,83.82855224609375,1514.7528076171875,363.6026306152344,106.7756576538086,606.6022338867188
2024-02-01,1081.654541015625,233.16232299804688,144.61083984375,702.040283203125,1000.1853637695312,82.8844223022461,1521.7635498046875,363.1046142578125,110.9290771484375,613.3738403320312
2024-02-02,1064.495849609375,232.52462768554688,143.62608337402344,692.3692016601562,999.0633544921875,82.03968811035156,1514.45654296875,363.14447021484375,117.04254150390625,615.26806640625
2024-02-05,1058.958984375,234.52877807617188,145.00474548339844,691.746826171875,998.5755004882812,82.73535919189453,1518.4556884765625,360.2360534667969,113.54246520996094,608.9225463867188
2024-02-06,1047.536376953125,228.01536560058594,144.6600799560547,691.3876342773438,1001.4049072265625,82.48689270019531,1492.3878173828125,355.98297119140625,113.77581024169922,615.8363037109375
2024-02-07,1066.540771484375,222.86839294433594,146.9250030517578,684.6130981445312,997.2584228515625,82.63597106933594,1496.2879638671875,357.0985412597656,115.64251708984375,639.51318359375
2024-02-08,1033.420166015625,230.56607055664062,144.4138946533203,671.734375,965.2083740234375,80.499267578125,1458.716796875,344.56842041015625,116.01586151123047,662.527099609375
2024-02-09,1048.88330078125,240.04013061523438,145.05398559570312,671.9976196289062,986.0873413085938,80.74771881103516,1467.55419921875,347.1083068847656,115.64251708984375,686.866943359375
2024-02-12,1044.1943359375,232.0236053466797,144.4138946533203,665.4863891601562,971.8427124023438,78.71038818359375,1428.946044921875,340.5544128417969,110.36906433105469,670.4352416992188
2024-02-13,1068.1868896484375,236.48736572265625,145.44786071777344,667.616943359375,994.9656372070312,80.00234985351562,1445.4853515625,346.0525207519531,113.96247863769531,675.6915283203125
2024-02-14,1094.224365234375,243.957275390625,147.17120361328125,662.6377563476562,997.7950439453125,80.35018920898438,1462.8638916015625,348.4031677246094,114.75582122802734,704.056396484375
2024-02-15,1069.6334228515625,251.15396118164062,154.21217346191406,677.0007934570312,991.8923950195312,80.74771881103516,1458.37109375,346.4708557128906,120.26261901855469,721.3878784179688
2024-02-16,1066.191650390625,251.1083984375,162.1886444091797,679.8015747070312,998.3316650390625,82.33782958984375,1474.861083984375,345.6739807128906,121.47595977783203,714.7583618164062
2024-02-19,1060.405517578125,246.59913635253906,160.46534729003906,678.4609375,1018.3323974609375,81.64215850830078,1464.9373779296875,344.9070739746094,119.88926696777344,719.0675659179688
2024-02-20,1085.994140625,248.9220733642578,152.0457000732422,696.2711791992188,1023.210693359375,81.24462890625,1485.2783203125,351.1024169921875,120.86929321289062,719.87255859375
2024-02-21,1081.6046142578125,250.60736083984375,151.40562438964844,689.017822265625,1026.3326416015625,80.44956970214844,1498.164306640625,347.8354187011719,119.79593658447266,730.6692504882812
2024-02-22,1098.2646484375,251.06288146972656,151.2579345703125,679.634033203125,1036.8209228515625,80.64833068847656,1470.417724609375,343.58233642578125,120.40261840820312,725.3656616210938
2024-02-23,1094.174560546875,244.913818359375,150.1254425048828,680.1366577148438,1035.455078125,82.33782958984375,1461.6790771484375,343.4329528808594,119.42259216308594,718.8781127929688
2024-02-26,1082.602294921875,245.5514678955078,149.18992614746094,680.9506225585938,1028.5279541015625,83.43102264404297,1448.052490234375,339.9069519042969,116.5291976928711,718.7361450195312
2024-02-27,1076.467041015625,246.28028869628906,151.84877014160156,679.9212646484375,1034.3818359375,82.78504943847656,1474.2686767578125,339.9966125488281,115.17583465576172,710.1650390625
2024-02-28,1071.628662109375,238.44593811035156,148.00823974609375,674.7744750976562,1020.7227783203125,80.05204772949219,1430.9700927734375,335.3849792480469,112.70244598388672,703.2040405273438
2024-02-29,1072.5263671875,241.8165283203125,148.10670471191406,671.9019165039062,1026.57666015625,80.54895782470703,1456.346923828125,336.55035400390625,113.72913360595703,708.5076293945312
2024-03-01,1096.61865234375,247.009033203125,150.27317810058594,684.9961547851562,1060.431640625,81.69184875488281,1507.4459228515625,344.1700134277344,116.5291976928711,728.443603515625
2024-03-04,1104.1007080078125,248.8765106201172,151.2579345703125,685.9297485351562,1065.7489013671875,81.59246063232422,1512.0374755859375,344.0704040527344,117.64922332763672,731.1901245117188
2024-03-05,1098.1650390625,253.34027099609375,152.83351135253906,689.8317260742188,1061.5537109375,81.04586029052734,1523.047119140625,341.7795104980469,121.05595397949219,742.4603881835938
2024-03-06,1122.3070068359375,257.3940734863281,154.8522491455078,690.6695556640625,1070.38330078125,81.29432678222656,1534.9949951171875,350.55462646484375,121.66264343261719,742.4129638671875
2024-03-07,1108.789306640625,256.6653137207031,153.9659881591797,692.3452758789062,1061.4559326171875,80.30049896240234,1544.0792236328125,348.223876953125,121.19597625732422,746.3433227539062
2024-03-11,1102.4547119140625,252.7025909423828,153.03045654296875,683.5838012695312,1052.4312744140625,80.00234985351562,1521.6649169921875,344.5584411621094,120.30927276611328,732.7528076171875
2024-03-12,1094.3740234375,247.41897583007812,149.43612670898438,698.78466796875,1050.62646484375,79.00853729248047,1513.7655029296875,342.7058410644531,117.5558853149414,719.4937744140625
2024-03-13,1077.813720703125,237.67161560058594,146.23568725585938,699.191650390625,1057.5533447265625,77.0208969116211,1483.7479248046875,344.5385437011719,110.88240814208984,707.70263671875
2024-03-14,1055.7166748046875,236.1229705810547,143.82302856445312,696.8217163085938,1057.2120361328125,77.96502685546875,1458.173583984375,347.0983581542969,112.60911560058594,701.830810546875
2024-03-15,1043.8951416015625,231.3859405517578,148.1559600830078,695.481201171875,1054.0411376953125,78.2134780883789,1465.6781005859375,346.2816162109375,109.90238952636719,693.1650390625
2024-03-18,1058.809326171875,231.8414306640625,145.10321044921875,692.3212890625,1054.8704833984375,77.4681167602539,1462.0738525390625,346.201904296875,112.00243377685547,692.2653198242188
2024-03-19,1048.2845458984375,226.9221954345703,145.2509307861328,693.9011840820312,1057.5533447265625,76.17615509033203,1416.0601806640625,348.5426025390625,108.78236389160156,685.4937133789062
2024-03-20,1032.2730712890625,227.6054229736328,145.20169067382812,685.1397705078125,1058.090087890625,75.87800598144531,1423.41650390625,351.68011474609375,108.87570190429688,697.2848510742188
2024-03-21,1033.120849609375,232.9345703125,147.66355895996094,692.1776733398438,1055.4559326171875,77.41842651367188,1465.43115234375,353.0247497558594,112.98245239257812,704.9087524414062
2024-03-22,1030.82666015625,236.66952514648438,147.31890869140625,690.7891845703125,1063.748779296875,77.5675048828125,1493.0789794921875,353.87139892578125,114.56915283203125,707.1818237304688
2024-03-26,1038.0592041015625,238.26373291015625,147.515869140625,682.4346923828125,1057.3094482421875,77.21966552734375,1499.595947265625,349.349365234375,115.68917846679688,700.8837280273438
2024-03-27,1050.3297119140625,235.71304321289062,147.515869140625,689.7598876953125,1057.3582763671875,77.31904602050781,1514.2591552734375,353.7120361328125,114.56915283203125,694.490966796875
2024-03-28,1044.693115234375,240.54115295410156,147.9097442626953,693.20703125,1066.67578125,74.93388366699219,1533.4644775390625,355.6842041015625,116.10919189453125,712.53271484375
2024-04-01,1050.5791015625,243.00079345703125,150.02699279785156,704.0271606445312,1072.8712158203125,77.0208969116211,1522.997802734375,356.7200622558594,117.22920989990234,718.1678466796875
2024-04-02,1044.693115234375,247.1456756591797,151.7010498046875,708.6472778320312,1054.8704833984375,78.66070556640625,1539.783935546875,350.0864562988281,118.25589752197266,725.8391723632812
2024-04-03,1060.704833984375,249.83303833007812,152.14419555664062,709.6766357421875,1050.9677734375,77.91533660888672,1523.2447509765625,344.8572998046875,126.14274597167969,730.2430419921875
2024-04-04,1060.405517578125,245.46038818359375,150.1254425048828,731.3648071289062,1052.57763671875,78.9588394165039,1525.02197265625,348.4429626464844,126.09607696533203,719.1149291992188
2024-04-05,1056.564697265625,244.95936584472656,152.1934356689453,741.8737182617188,1057.016845703125,80.15142822265625,1532.8720703125,355.61444091796875,127.4494400024414,724.2764892578125
2024-04-08,1073.4742431640625,243.77511596679688,152.0457000732422,740.4613647460938,1060.675537109375,81.989990234375,1548.621337890625,356.2618713378906,124.04268646240234,727.6386108398438
2024-04-09,1077.4146728515625,241.862060546875,153.42437744140625,741.3949584960938,1080.0909423828125,81.64215850830078,1535.3900146484375,354.70806884765625,123.66934967041016,723.755615234375
2024-04-10,1085.1961669921875,246.69021606445312,156.5755615234375,735.553955078125,1082.3836669921875,84.17638397216797,1533.3162841796875,363.7420959472656,127.21610260009766,737.8196411132812
2024-04-12,1070.88037109375,244.09396362304688,153.5720672607422,727.223388671875,1077.5054931640625,83.82855224609375,1536.0811767578125,361.1723327636719,125.86273956298828,725.7444458007812
2024-04-15,1055.4173583984375,238.12709045410156,152.6365509033203,715.61328125,1052.08984375,82.23844146728516,1520.529296875,358.2041320800781,123.99602508544922,717.41015625
2024-04-16,1049.382080078125,232.0236053466797,149.78077697753906,722.5794677734375,1041.0650634765625,82.18875122070312,1472.1949462890625,357.0985412597656,119.98260498046875,711.9171752929688
2024-04-18,1021.5487670898438,235.94078063964844,149.8300018310547,715.61328125,1029.7474365234375,82.08937072753906,1455.853271484375,355.9331970214844,120.91596221923828,705.38232421875
2024-04-19,1026.636474609375,234.0733184814453,149.5345916748047,733.13623046875,1041.2601318359375,81.34400939941406,1463.4071044921875,357.1085205078125,119.70259857177734,710.7332763671875
2024-04-22,1051.427001953125,238.03598022460938,151.15943908691406,723.99169921875,1060.1876220703125,82.68566131591797,1458.9141845703125,360.5547790527344,124.2293701171875,725.5549926757812
2024-04-23,1053.2227783203125,236.98838806152344,151.40562438964844,721.7894287109375,1063.7000732421875,82.93411254882812,1455.9520263671875,361.1723327636719,123.99602508544922,732.08984375
2024-04-24,1060.704833984375,236.03187561035156,151.2579345703125,723.7523193359375,1070.0418701171875,82.8347396850586,1456.10009765625,367.0987548828125,124.13603210449219,732.1845092773438
2024-04-25,1124.30224609375,244.73162841796875,153.5720672607422,723.2975463867188,1086.627685546875,82.8844223022461,1477.2802734375,327.1875915527344,126.8427505493164,769.6887817382812
2024-04-26,1127.5943603515625,244.18504333496094,154.7045440673828,722.8427124023438,1080.9202880859375,84.2757797241211,1428.2054443359375,320.4245300292969,127.35608673095703,758.8921508789062
2024-04-29,1156.4749755859375,248.32992553710938,158.0034637451172,732.2744750976562,1131.89794921875,81.14524841308594,1468.5416259765625,326.77923583984375,128.102783203125,782.7584228515625
2024-04-30,1163.1092529296875,256.43756103515625,160.12069702148438,727.77392578125,1122.38525390625,81.64215850830078,1496.6336669921875,323.5023193359375,131.64952087402344,782.5216674804688
2024-05-02,1147.0975341796875,254.52452087402344,165.43833923339844,733.5910034179688,1111.7017822265625,81.04586029052734,1486.265625,313.8805847167969,128.84947204589844,786.1205444335938
2024-05-03,1138.7674560546875,251.1995086669922,163.4196014404297,727.5345458984375,1114.2386474609375,80.3998794555664,1465.0361328125,308.113525390625,126.7494125366211,787.4464721679688
2024-05-06,1140.912353515625,242.04428100585938,161.2039031982422,728.994873046875,1118.3851318359375,79.55513763427734,1478.66259765625,323.5719909667969,118.62924194335938,765.048095703125
2024-05-07,1125.00048828125,235.986328125,157.31414794921875,721.09521484375,1104.3358154296875,77.36873626708984,1434.278076171875,327.4764404296875,114.14915466308594,759.4603881835938
2024-05-08,1125.9482421875,239.12916564941406,154.8522491455078,709.8441772460938,1095.652587890625,76.47429656982422,1424.3544921875,328.3629455566406,116.48253631591797,767.8892822265625
2024-05-09,1112.9793701171875,239.26580810546875,154.6553192138672,693.0155029296875,1088.5302734375,75.381103515625,1383.82080078125,327.31707763671875,114.00914764404297,776.4130249023438
2024-05-10,1117.418701171875,232.1602783203125,157.51107788085938,697.8200073242188,1089.847412109375,76.0767822265625,1392.4114990234375,324.2991027832031,115.64251708984375,774.0927124023438
2024-05-13,1129.290283203125,235.986328125,159.23439025878906,706.2400512695312,1100.53076171875,76.67306518554688,1386.8819580078125,326.9385986328125,114.89582824707031,765.9951782226562
2024-05-14,1120.162109375,237.62608337402344,161.40086364746094,709.0062866210938,1093.2623291015625,77.0208969116211,1403.125,327.9545593261719,117.36921691894531,774.897705078125
2024-05-15,1125.3497314453125,240.40451049804688,160.26840209960938,698.1112060546875,1096.969482421875,76.42461395263672,1399.2740478515625,328.8509826660156,116.01586151123047,776.8865356445312
2024-05-16,1136.5728759765625,239.49354553222656,161.59780883789062,708.6665649414062,1103.506591796875,76.57368469238281,1391.029052734375,333.0841369628906,116.8092041015625,768.978515625
2024-05-17,1138.6177978515625,238.12709045410156,161.35162353515625,710.5350341796875,1102.9698486328125,76.7227554321289,1394.583740234375,337.9647216796875,116.76252746582031,774.566162109375
2024-05-21,1134.9267578125,241.862060546875,161.1546630859375,707.962890625,1093.65234375,76.97120666503906,1388.807373046875,338.3033447265625,117.97589874267578,786.6888427734375
2024-05-22,1123.3046875,239.9034881591797,159.92372131347656,708.156982421875,1084.0423583984375,76.67306518554688,1387.27685546875,338.5623474121094,117.4625473022461,788.422119140625
2024-05-23,1162.460693359375,245.27821350097656,160.317626953125,724.3662109375,1106.8724365234375,77.5675048828125,1422.7252197265625,340.4548034667969,118.20923614501953,801.277587890625
2024-05-24,1171.189697265625,245.0049285888672,160.9577178955078,736.3047485351562,1104.384521484375,77.21966552734375,1423.663330078125,339.3392639160156,118.0225601196289,797.9072265625
2024-05-27,1184.158447265625,246.46243286132812,161.1546630859375,741.4004516601562,1102.286865234375,78.1637954711914,1446.670166015625,340.84326171875,120.91596221923828,802.818359375
2024-05-28,1180.567138671875,240.76890563964844,157.56031799316406,742.7592163085938,1099.5062255859375,77.4681167602539,1440.992431640625,339.3790588378906,119.65592956542969,800.3628540039062
2024-05-29,1156.973876953125,239.94903564453125,157.0679473876953,731.9855346679688,1075.1639404296875,76.67306518554688,1441.8812255859375,336.2315979003906,119.51593017578125,792.1776733398438
2024-05-30,1165.1541748046875,239.44801330566406,157.8557586669922,735.1642456054688,1086.5789794921875,77.07059478759766,1428.6004638671875,336.6797790527344,118.95591735839844,795.2590942382812
2024-05-31,1159.3680419921875,241.3154754638672,159.57907104492188,743.268798828125,1093.75,75.92770385742188,1443.4610595703125,334.74749755859375,120.82262420654297,799.5924072265625
2024-06-03,1220.9703369140625,270.51202392578125,161.84400939941406,762.9964599609375,1131.75146484375,77.61719512939453,1510.45751953125,342.2476501464844,127.86943817138672,872.1032104492188
2024-06-04,1128.5419921875,226.1478729248047,152.29190063476562,719.7800903320312,1045.3577880859375,72.10150146484375,1373.9959716796875,326.2911376953125,107.66233825683594,746.4852905273438
2024-06-05,1181.66455078125,236.85174560546875,163.51808166503906,753.0962524414062,1081.652099609375,76.77244567871094,1482.0692138671875,342.2575988769531,113.72913360595703,760.4962768554688
2024-06-06,1168.14697265625,244.95936584472656,162.0409393310547,756.9301147460938,1083.359375,76.77244567871094,1462.4688720703125,345.564453125,115.64251708984375,786.6887817382812
2024-06-07,1183.959228515625,246.69021606445312,162.5333251953125,763.5545043945312,1094.3841552734375,77.21966552734375,1473.33056640625,349.349365234375,116.76252746582031,799.207275390625
2024-06-10,1197.1273193359375,251.79159545898438,162.3363800048828,757.7067260742188,1096.4329833984375,77.05071258544922,1467.1591796875,347.74578857421875,116.98653411865234,800.9887084960938
2024-06-11,1191.740478515625,250.33407592773438,165.0345916748047,759.4052734375,1090.969482421875,77.03083801269531,1462.419677734375,342.6361083984375,117.73322296142578,804.5997924804688
2024-06-12,1185.0565185546875,258.1684265136719,171.20899963378906,763.9428100585938,1092.2864990234375,77.33892059326172,1465.579345703125,341.78948974609375,118.98392486572266,808.0182495117188
2024-06-13,1171.838134765625,257.5307312011719,169.6333770751953,767.1458740234375,1080.3836669921875,76.98114013671875,1488.2900390625,343.90106201171875,118.13456726074219,812.6405639648438
2024-06-14,1178.222900390625,260.7646484375,171.74075317382812,774.9835205078125,1078.72509765625,77.51780700683594,1483.45166015625,342.07830810546875,120.34661865234375,808.1146240234375
2024-06-18,1189.0469970703125,261.7211608886719,172.42022705078125,780.2733154296875,1095.506103515625,80.9564208984375,1488.931884765625,342.5166320800781,120.0572738647461,813.603515625
2024-06-19,1223.713623046875,258.6694641113281,171.88845825195312,804.5628662109375,1116.580078125,81.66202545166016,1508.9764404296875,347.9549255371094,119.73992919921875,821.0181884765625
2024-06-20,1236.5328369140625,259.80816650390625,176.15245056152344,810.143798828125,1128.62939453125,83.32170104980469,1508.630859375,351.8494567871094,119.9266128540039,812.4960327148438
2024-06-21,1234.48779296875,254.47900390625,173.8284454345703,808.3967895507812,1130.434326171875,82.95399475097656,1507.939697265625,353.72198486328125,118.80279541015625,805.322021484375
2024-06-24,1225.16015625,255.61767578125,173.15878295898438,811.6240234375,1141.60546875,82.4272689819336,1471.6519775390625,353.10443115234375,118.11339569091797,801.8554077148438
2024-06-25,1268.4063720703125,255.66323852539062,173.3163604736328,830.5266723632812,1168.77734375,82.3974609375,1476.7371826171875,354.9670715332031,117.22567749023438,811.0516357421875
2024-06-26,1282.322998046875,255.9365234375,174.46852111816406,825.7463989257812,1188.339111328125,82.22850799560547,1479.0576171875,358.2041320800781,117.44288635253906,814.0367431640625
2024-06-27,1285.864501953125,254.93447875976562,174.32081604003906,823.1500244140625,1190.19287109375,81.69184875488281,1483.8466796875,364.658447265625,112.56989288330078,812.73681640625
2024-06-28,1262.22119140625,257.8841247558594,174.54730224609375,817.1565551757812,1170.38720703125,81.652099609375,1462.1318359375,359.0706787109375,116.4040756225586,817.5034790039062
2024-07-01,1258.87939453125,254.84083557128906,175.0298309326172,827.5419921875,1182.3387451171875,80.63839721679688,1454.5440673828125,360.1862487792969,115.64856719970703,810.7627563476562
2024-07-02,1250.399658203125,248.1455841064453,172.35130310058594,839.8687744140625,1161.6063232421875,78.40230560302734,1427.138427734375,352.5168151855469,113.92035675048828,795.5480346679688
2024-07-03,1276.9359130859375,250.8143310546875,178.693115234375,858.3346557617188,1172.33837890625,80.3800048828125,1453.1463623046875,360.7042236328125,114.87417602539062,808.8368530273438
2024-07-04,1277.8338623046875,252.96803283691406,178.2105712890625,838.1945190429688,1202.973876953125,80.668212890625,1440.5167236328125,365.3158264160156,114.77030181884766,808.2108764648438
2024-07-05,1283.9691162109375,256.3858947753906,183.35098266601562,799.8311157226562,1203.364013671875,80.6880874633789,1431.9306640625,369.0708923339844,115.96965789794922,827.9033813476562
2024-07-08,1284.76708984375,245.6641387939453,185.19247436523438,793.6434936523438,1204.9739990234375,79.26692962646484,1435.724609375,369.1705017089844,114.60974884033203,824.5330200195312
2024-07-09,1286.3134765625,245.05548095703125,184.88720703125,794.2015380859375,1217.852294921875,78.70045471191406,1431.9306640625,368.1047668457031,115.58245849609375,829.3959350585938
2024-07-10,1288.55810546875,240.23300170898438,185.7833251953125,789.1543579101562,1212.92529296875,77.72650909423828,1423.64404296875,364.5190124511719,112.58878326416016,817.5515747070312
2024-07-11,1293.6458740234375,240.3734893798828,189.72232055664062,787.1162109375,1208.291015625,77.7364501953125,1427.43798828125,367.4374084472656,112.75877380371094,824.9664306640625
2024-07-12,1315.160888671875,234.6614532470703,192.49932861328125,787.5043334960938,1202.876220703125,77.7861328125,1432.230224609375,365.11663818359375,111.19110107421875,827.855224609375
2024-07-15,1305.3267822265625,242.10580444335938,191.7804718017578,787.2131958007812,1199.9979248046875,77.67682647705078,1441.7149658203125,367.2481384277344,114.20367431640625,848.7033081054688
2024-07-16,1301.8824462890625,241.77809143066406,192.37132263183594,786.0726928710938,1209.7056884765625,77.4681167602539,1443.5618896484375,359.6284484863281,113.19319152832031,848.0773315429688
2024-07-18,1307.2738037109375,239.20297241210938,193.60226440429688,783.6705322265625,1219.8525390625,77.25941467285156,1454.5440673828125,363.9014892578125,112.22991180419922,860.451416015625
2024-07-19,1290.2513427734375,234.6614532470703,188.55047607421875,780.0307006835938,1218.2427978515625,75.55004119873047,1430.133544921875,363.2732849121094,110.0295181274414,856.4069213867188
2024-07-22,1280.41748046875,236.90879821777344,189.9882049560547,797.1376953125,1210.92529296875,77.11034393310547,1421.0982666015625,350.5000915527344,111.5877456665039,844.3218383789062
2024-07-23,1261.1986083984375,235.129638671875,194.9415283203125,785.4176025390625,1196.8759765625,76.11651611328125,1410.9146728515625,352.7635498046875,111.20054626464844,831.8997192382812
2024-07-24,1237.2376708984375,233.1163787841797,198.16165161132812,778.4534912109375,1193.21728515625,75.19227600097656,1394.3914794921875,348.2366027832031,110.06729888916016,820.4404907226562
2024-07-25,1173.9906005859375,229.745361328125,201.5491943359375,784.5440063476562,1168.728515625,74.1984634399414,1376.869873046875,354.0099792480469,111.1722183227539,817.070068359375
2024-07-26,1175.4381103515625,233.8186798095703,194.9809112548828,785.2962646484375,1177.802001953125,74.01957702636719,1401.6297607421875,361.72772216796875,113.2781753540039,830.50341796875
2024-07-29,1168.1500244140625,239.6243438720703,197.94500732421875,778.9387817382812,1183.1680908203125,74.3674087524414,1409.217529296875,357.7491760253906,119.93605041503906,839.3143920898438
2024-07-30,1168.10009765625,239.95208740234375,198.76234436035156,784.0345458984375,1179.9971923828125,75.56993103027344,1427.3880615234375,356.19366455078125,118.52892303466797,840.469970703125
2024-07-31,1164.206298828125,237.5174560546875,198.31919860839844,784.1315307617188,1185.3145751953125,75.52023315429688,1425.4912109375,360.5411376953125,117.05569458007812,840.0848388671875
2024-08-01,1170.3963623046875,235.27011108398438,197.68898010253906,795.3178100585938,1180.63134765625,74.9239501953125,1417.553955078125,357.4999084472656,116.1113052368164,830.696044921875
2024-08-02,1158.9649658203125,228.20030212402344,194.69532775878906,805.1937866210938,1167.4114990234375,73.85061645507812,1402.0291748046875,359.6536865234375,113.57093811035156,816.4441528320312
2024-08-05,1131.6593017578125,224.6887969970703,189.90943908691406,784.1315307617188,1144.044677734375,71.5648422241211,1387.203125,353.7108459472656,107.60246276855469,781.5850830078125
2024-08-06,1124.2713623046875,224.26742553710938,188.45199584960938,777.0703125,1138.4345703125,71.31639099121094,1378.766845703125,353.09259033203125,107.47969818115234,768.15185546875
2024-08-07,1134.9539794921875,227.91937255859375,189.76170349121094,787.8926391601562,1143.898193359375,72.08161926269531,1342.974853515625,354.2891540527344,109.48178100585938,778.6962890625
2024-08-08,1136.3018798828125,225.99977111816406,190.8252410888672,797.21044921875,1136.2393798828125,71.58470916748047,1345.121337890625,353.5313415527344,107.67801666259766,778.1184692382812
2024-08-09,1140.894287109375,230.21356201171875,194.547607421875,800.8502807617188,1143.069091796875,72.40958404541016,1347.6173095703125,352.9131164550781,108.85848236083984,793.7665405273438
2024-08-12,1162.409423828125,229.27716064453125,198.1715087890625,805.6547241210938,1154.09033203125,71.34619903564453,1348.66552734375,353.491455078125,108.22575378417969,782.4998779296875
2024-08-13,1157.7169189453125,226.3743133544922,199.1168670654297,778.0409545898438,1149.7113037109375,70.92880249023438,1348.416015625,349.40325927734375,107.94244384765625,768.0073852539062
2024-08-14,1151.2274169921875,224.22059631347656,199.63877868652344,780.2733154296875,1143.1181640625,70.16355895996094,1335.9361572265625,348.57562255859375,107.2530517578125,773.2555541992188
2024-08-16,1164.9552001953125,227.96620178222656,200.564453125,792.0662231445312,1168.309814453125,71.51514434814453,1361.944091796875,354.438720703125,106.75253295898438,782.0184326171875
2024-08-19,1151.3773193359375,231.6181640625,199.59938049316406,791.79931640625,1157.140869140625,71.5648422241211,1345.4207763671875,355.24639892578125,108.80182647705078,783.5592041015625
2024-08-20,1166.103271484375,238.17294311523438,200.59397888183594,794.783935546875,1160.6341552734375,72.89655303955078,1379.06640625,360.0924377441406,110.82279205322266,789.9146728515625
2024-08-21,1172.492919921875,237.28335571289062,200.15084838867188,789.0088500976562,1156.1075439453125,73.17481994628906,1381.761962890625,361.5482482910156,109.9350814819336,785.3406372070312
2024-08-22,1168.050048828125,237.9388427734375,200.2198028564453,791.6780395507812,1172.098388671875,74.89412689208984,1379.6654052734375,363.2532958984375,110.83224487304688,789.9146728515625
2024-08-23,1164.0565185546875,236.44061279296875,197.68385314941406,788.6448364257812,1184.300537109375,73.9599380493164,1386.3046875,362.55535888671875,109.80286407470703,785.1480102539062
2024-08-26,1168.399658203125,235.41055297851562,196.86166381835938,795.8759155273438,1193.9443359375,73.65185546875,1382.2611083984375,361.45849609375,109.69898986816406,784.859130859375
2024-08-27,1179.331787109375,235.22328186035156,195.0686798095703,794.8082275390625,1206.7860107421875,74.11895751953125,1380.9632568359375,359.6337585449219,109.5101089477539,785.677734375
2024-08-28,1169.0484619140625,233.9591522216797,193.72145080566406,794.4927978515625,1204.3258056640625,73.63197326660156,1413.4605712890625,357.2306823730469,108.3674087524414,779.41845703125
2024-08-29,1173.4913330078125,233.91233825683594,194.0780792236328,795.1964721679688,1202.4071044921875,72.77729797363281,1415.1578369140625,354.42877197265625,109.1040267944336,784.3295288085938
2024-08-30,1173.341552734375,234.19325256347656,192.86953735351562,794.395751953125,1209.590576171875,73.3835220336914,1422.9453125,355.13671875,110.086181640625,785.3887939453125
2024-09-02,1186.86962890625,237.75155639648438,192.88937377929688,789.5668334960938,1210.3284912109375,74.54629516601562,1446.706787109375,355.0270080566406,110.0389633178711,791.6961669921875
2024-09-03,1189.6649169921875,234.7550811767578,192.7803955078125,794.6140747070312,1227.79541015625,74.60591888427734,1434.376708984375,355.7349853515625,109.16068267822266,794.2479858398438
2024-09-04,1175.7874755859375,228.0130157470703,186.103759765625,796.7737426757812,1216.62646484375,74.18852233886719,1432.0804443359375,355.7349853515625,106.65808868408203,786.2554321289062
2024-09-05,1178.6329345703125,228.34075927734375,187.8670196533203,798.5450439453125,1216.23291015625,74.57610321044922,1420.59912109375,354.5683288574219,107.09249877929688,788.422119140625
2024-09-06,1156.868408203125,220.84957885742188,181.72531127929688,794.419921875,1188.8763427734375,73.20464324951172,1407.0709228515625,351.8162536621094,103.8816146850586,753.514892578125
2024-09-09,1168.9486083984375,220.5686492919922,183.25083923339844,799.0546264648438,1215.298095703125,72.17107391357422,1425.7906494140625,357.0013427734375,103.53219604492188,755.2000732421875
2024-09-10,1185.2720947265625,220.7091064453125,183.62725830078125,800.923095703125,1217.5614013671875,72.14125061035156,1433.2286376953125,357.29052734375,103.49441528320312,753.6593017578125
2024-09-11,1184.173828125,217.99356079101562,181.45785522460938,797.7928466796875,1216.62646484375,71.0778579711914,1418.9017333984375,356.8218688964844,101.48289489746094,740.1296997070312
2024-09-12,1201.3958740234375,222.02008056640625,181.85409545898438,808.8092651367188,1232.1744384765625,72.32013702392578,1441.0159912109375,364.4399108886719,102.67281341552734,758.5704345703125
2024-09-13,1215.472900390625,224.22059631347656,184.76644897460938,808.4938354492188,1230.403076171875,72.96611785888672,1461.6826171875,363.02398681640625,104.92987823486328,761.5555419921875
2024-09-16,1229.0509033203125,223.93968200683594,182.9536590576172,810.9202880859375,1242.7037353515625,73.28414154052734,1467.822509765625,365.2077331542969,104.64656066894531,756.451904296875
2024-09-17,1230.0992431640625,224.26742553710938,182.5970458984375,809.876953125,1247.8699951171875,72.82698822021484,1463.978759765625,368.26885986328125,102.02118682861328,753.9000854492188
2024-09-18,1238.4356689453125,222.76918029785156,184.1621856689453,822.4949340820312,1267.796875,72.34001159667969,1477.8563232421875,366.88287353515625,102.70114135742188,763.3851928710938
2024-09-19,1240.6820068359375,220.84957885742188,184.449462890625,829.1435546875,1271.388671875,73.3636474609375,1482.3489990234375,373.3143310546875,101.28457641601562,760.6889038085938
2024-09-20,1242.978271484375,220.52183532714844,183.3003692626953,845.0130004882812,1317.09765625,72.37976837158203,1477.806396484375,379.8056335449219,102.38005065917969,752.7445068359375
2024-09-23,1244.775390625,228.9494171142578,185.8858184814453,854.0396728515625,1300.811767578125,73.56240844726562,1462.7308349609375,385.8282775878906,105.30762481689453,772.1480712890625
2024-09-24,1237.5372314453125,228.10665893554688,188.91705322265625,858.04345703125,1297.5643310546875,73.22451782226562,1445.9580078125,381.83978271484375,101.83232116699219,768.6814575195312
2024-09-25,1266.0406494140625,227.73208618164062,190.93788146972656,863.4060668945312,1302.7305908203125,72.56858825683594,1437.1722412109375,378.4993896484375,99.20694732666016,763.7222290039062
2024-09-26,1275.026123046875,229.55807495117188,190.75958251953125,865.51708984375,1307.8477783203125,73.57234954833984,1450.350830078125,379.3669128417969,101.32235717773438,772.1480712890625
2024-09-27,1271.0826416015625,233.7250518798828,191.8888702392578,850.56982421875,1285.7557373046875,73.73136901855469,1460.334716796875,373.4140319824219,103.14500427246094,772.91845703125
2024-09-30,1230.198974609375,232.03953552246094,194.88046264648438,840.572509765625,1252.6917724609375,73.89037322998047,1445.2591552734375,369.7247009277344,101.2468032836914,758.71484375
2024-10-01,1224.6580810546875,233.0789337158203,195.26678466796875,837.7333984375,1254.0694580078125,72.98600006103516,1407.42041015625,374.800048828125,99.35803985595703,767.4296264648438
2024-10-03,1173.790771484375,229.47378540039062,191.97801208496094,816.282958984375,1236.307373046875,71.53502655029297,1385.505859375,363.5126037597656,99.21638488769531,764.6851806640625
2024-10-04,1176.4864501953125,234.65208435058594,191.84922790527344,804.4658203125,1219.97216796875,71.38595581054688,1380.61376953125,360.760498046875,99.96244812011719,767.1407470703125
2024-10-07,1143.8394775390625,227.23580932617188,182.46826171875,785.1264038085938,1214.215576171875,71.77354431152344,1348.66552734375,357.0212707519531,96.3927001953125,742.1038208007812
2024-10-08,1151.42724609375,231.51515197753906,185.9947967529297,801.2627563476562,1216.8724365234375,72.67790985107422,1357.3515625,359.64373779296875,96.7893295288086,752.5037841796875
2024-10-09,1168.2498779296875,230.65365600585938,184.09283447265625,792.5758666992188,1224.3021240234375,71.94248962402344,1339.380615234375,359.1252136230469,98.30978393554688,767.8629760742188
2024-10-10,1182.326904296875,230.4008331298828,183.93434143066406,806.7709350585938,1223.662353515625,72.68785858154297,1354.2066650390625,374.1419677734375,97.92259216308594,767.5740356445312
2024-10-11,1170.5460205078125,227.00169372558594,185.78675842285156,801.2385864257812,1203.4893798828125,71.92261505126953,1345.4207763671875,375.3983459472656,99.0747299194336,770.1259155273438
2024-10-14,1162.459228515625,228.99623107910156,194.890380859375,819.2433471679688,1212.099853515625,72.48908996582031,1368.23388671875,381.0620422363281,99.16917419433594,775.3258666992188
2024-10-15,1151.976318359375,228.3032989501953,196.752685546875,817.3021240234375,1235.4710693359375,72.29032897949219,1358.6993408203125,377.95098876953125,99.14083862304688,774.8444213867188
2024-10-16,1151.3272705078125,228.6216583251953,192.57235717773438,824.9214477539062,1223.3179931640625,71.77354431152344,1344.1229248046875,374.1918029785156,99.20694732666016,775.61474609375
2024-10-17,1130.0120849609375,226.5709686279297,191.789794921875,811.988037109375,1211.6077880859375,71.29650115966797,1345.1712646484375,371.7388916015625,96.76100158691406,781.0072631835938
2024-10-18,1194.9063720703125,232.19871520996094,193.4639129638672,816.210205078125,1244.327392578125,71.12755584716797,1345.0714111328125,373.1348571777344,97.52594757080078,790.010986328125
2024-10-21,1188.3671875,230.13864135742188,191.5718536376953,838.9466552734375,1238.9644775390625,69.96479034423828,1306.134521484375,356.8118896484375,96.6004638671875,783.7999267578125
2024-10-22,1173.8408203125,218.78948974609375,187.5599365234375,832.0796508789062,1247.279541015625,67.89765167236328,1272.289306640625,351.6168518066406,89.6687240600586,761.1222534179688
2024-10-23,1158.515625,222.82537841796875,186.94577026367188,842.3924560546875,1231.6331787109375,66.16841125488281,1272.2393798828125,352.544189453125,91.30249786376953,756.8851928710938
2024-10-24,1165.4544677734375,229.20225524902344,187.08445739746094,849.1138305664062,1232.764892578125,67.62931823730469,1277.9801025390625,351.4273986816406,93.25736236572266,765.1185302734375
2024-10-25,1187.418701171875,224.28614807128906,184.4890899658203,846.0806884765625,1235.4217529296875,65.09508514404297,1039.9156494140625,352.7535705566406,90.3958969116211,752.0222778320312
2024-10-28,1169.697509765625,234.0247039794922,183.25083923339844,841.6158447265625,1272.2252197265625,66.71500396728516,1053.0943603515625,348.9645080566406,93.15347290039062,762.7111206054688
2024-10-29,1184.922607421875,238.3695831298828,198.81312561035156,850.1815185546875,1310.60302734375,67.1821060180664,1036.4713134765625,351.028564453125,95.69385528564453,801.8554077148438
2024-10-30,1168.4993896484375,235.4854736328125,201.32925415039062,841.8099975585938,1291.21728515625,68.36474609375,1054.6917724609375,345.92327880859375,94.40005493164062,791.9850463867188
2024-10-31,1157.6671142578125,234.99855041503906,201.9929656982422,842.3438110351562,1271.634765625,65.52243041992188,1053.8929443359375,345.2252502441406,92.45464324951172,789.8184204101562
2024-11-01,1167.65087890625,237.5642852783203,202.25051879882812,843.120361328125,1271.1920166015625,66.7348861694336,1060.7818603515625,347.87762451171875,95.36332702636719,790.7813720703125
2024-11-04,1137.4000244140625,236.5810546875,202.369384765625,831.8612060546875,1256.8248291015625,65.42304229736328,1062.079833984375,344.87628173828125,97.88481903076172,799.1109619140625
2024-11-05,1169.7972412109375,241.4971466064453,202.34957885742188,853.0933227539062,1276.013671875,65.90007019042969,1088.337158203125,350.4202880859375,98.88585662841797,817.7442016601562
2024-11-06,1164.605712890625,245.8513946533203,202.81517028808594,851.8316040039062,1281.5736083984375,66.47648620605469,1075.9073486328125,351.5071716308594,101.02960205078125,823.13671875
2024-11-07,1158.0166015625,246.0386962890625,204.07321166992188,847.6094360351562,1258.3009033203125,66.10877227783203,1055.091064453125,348.3761901855469,100.77461242675781,827.7589111328125
2024-11-08,1159.064697265625,240.27984619140625,204.82608032226562,851.4432983398438,1238.7674560546875,65.22427368164062,1052.095947265625,348.1568298339844,98.96141052246094,811.9182739257812
2024-11-11,1169.098388671875,241.9185333251953,205.7770538330078,857.1942138671875,1249.0509033203125,66.14852905273438,1059.084716796875,347.7978515625,99.29193115234375,816.2516479492188
2024-11-12,1156.2694091796875,236.6278839111328,205.3213653564453,833.8509521484375,1250.3302001953125,65.83050537109375,1057.836669921875,343.2908630371094,97.96037292480469,796.0775756835938
2024-11-13,1137.30029296875,227.82574462890625,197.50555419921875,815.9674682617188,1233.69970703125,63.22670364379883,1035.0235595703125,336.6001281738281,94.96668243408203,778.6962890625
2024-11-14,1138.84765625,226.1402130126953,195.1280975341797,821.5,1236.8978271484375,63.01800537109375,1015.5051879882812,340.59857177734375,93.9561996459961,774.459228515625
2024-11-18,1124.37109375,226.04656982421875,198.36737060546875,827.4934692382812,1233.45361328125,65.1249008178711,1002.9754638671875,343.56005859375,94.93834686279297,784.136962890625
2024-11-19,1132.1085205078125,222.1136932373047,204.7071990966797,845.5225830078125,1229.173095703125,64.22052764892578,998.5826416015625,344.55718994140625,95.25,773.2555541992188
2024-11-21,1137.30029296875,213.967041015625,208.89744567871094,845.0130004882812,1230.60009765625,62.55091094970703,979.8629150390625,346.4218444824219,91.00973510742188,751.8296508789062
2024-11-22,1140.544921875,220.99002075195312,207.40162658691406,847.1483764648438,1257.6612548828125,63.75343322753906,996.5858764648438,351.2778625488281,94.2678451538086,785.8220825195312
2024-11-25,1154.0230712890625,231.38404846191406,210.87863159179688,866.560546875,1280.1959228515625,64.25033569335938,1001.8772583007812,357.1210021972656,98.31922912597656,813.1701049804688
2024-11-26,1142.9410400390625,231.75860595703125,211.63148498535156,866.5363159179688,1284.132080078125,64.73731231689453,1007.9674072265625,355.6950988769531,99.26361083984375,808.3071899414062
2024-11-27,1147.7830810546875,230.775390625,210.87863159179688,879.5181884765625,1279.9498291015625,63.75343322753906,1000.3297729492188,355.6153564453125,98.57420349121094,803.2034912109375
2024-11-28,1130.6610107421875,233.1632080078125,209.0658416748047,870.224609375,1265.828857421875,63.86275100708008,991.9932250976562,350.8291320800781,100.37796783447266,807.7775268554688
2024-11-29,1134.4549560546875,230.7285614013672,208.79837036132812,871.6320190429688,1279.3594970703125,63.68386459350586,994.2396240234375,352.03564453125,99.0652847290039,807.8739013671875
2024-12-02,1135.2535400390625,230.73794555664062,207.11434936523438,875.8298950195312,1283.8370361328125,63.991943359375,989.3475952148438,349.7821350097656,99.15972137451172,805.4183959960938
2024-12-03,1158.615478515625,238.3602294921875,207.986083984375,886.3124389648438,1287.527099609375,64.79693603515625,996.735595703125,348.9744873046875,101.96453094482422,822.3182373046875
2024-12-04,1157.567138671875,243.99734497070312,213.41456604003906,902.7157592773438,1295.0550537109375,65.80068969726562,997.2347412109375,350.4901123046875,103.89106750488281,827.855224609375
2024-12-05,1164.5059814453125,243.4448699951172,212.948974609375,905.457763671875,1315.1787109375,65.55223846435547,996.5858764648438,354.0099792480469,103.01278686523438,833.3922729492188
2024-12-06,1182.62646484375,247.77102661132812,211.3937225341797,900.6531982421875,1307.552490234375,65.49261474609375,988.74853515625,354.3689270019531,103.9760513305664,831.6589965820312
2024-12-09,1161.3609619140625,246.2072296142578,211.76026916503906,907.520263671875,1301.2054443359375,64.81681060791016,981.0110473632812,356.22357177734375,102.72002410888672,826.266357421875
2024-12-10,1151.776611328125,246.2072296142578,212.3249053955078,906.5982055664062,1309.225341796875,65.46279907226562,982.7083129882812,357.9087219238281,104.32547760009766,835.3663330078125
2024-12-11,1145.386962890625,244.1846160888672,212.6616973876953,904.1716918945312,1306.3223876953125,64.79693603515625,983.2573852539062,357.9087219238281,102.54060363769531,829.684814453125
2024-12-12,1143.7896728515625,242.7144775390625,210.6804962158203,902.3032836914062,1308.04443359375,63.93231964111328,996.3362426757812,352.7236633300781,101.8228759765625,822.0775146484375
2024-12-13,1146.28564453125,241.5814208984375,211.14608764648438,908.3695678710938,1323.44482421875,63.83293914794922,985.0545654296875,360.0924377441406,101.73787689208984,829.63671875
2024-12-16,1149.0311279296875,242.60208129882812,211.3937225341797,905.1907958984375,1324.6256103515625,63.94225311279297,997.7339477539062,359.8531494140625,102.162841796875,829.0589599609375
2024-12-17,1134.4049072265625,239.70863342285156,208.31297302246094,889.6853637695312,1312.4727783203125,63.21677017211914,974.0723266601562,355.78485107421875,100.09465789794922,819.044189453125
2024-12-18,1120.4276123046875,234.72698974609375,198.14944458007812,878.74169921875,1293.1854248046875,64.26028442382812,963.6392211914062,354.9771728515625,97.2992935180664,807.103515625
2024-12-19,1107.099365234375,232.51708984375,199.06077575683594,870.3944702148438,1266.3701171875,64.66773986816406,962.8405151367188,351.407470703125,97.76203918457031,801.95166015625
2024-12-20,1070.109375,225.28810119628906,192.63182067871094,859.7177734375,1267.8460693359375,61.29869842529297,927.947021484375,347.7081298828125,95.16500091552734,781.922119140625
2024-12-23,1077.3975830078125,230.58810424804688,195.16773986816406,874.0342407226562,1276.1121826171875,61.5670280456543,944.1707153320312,348.06707763671875,95.74107360839844,790.7332763671875
2024-12-24,1077.1480712890625,229.37078857421875,194.8705596923828,872.6268920898438,1276.554931640625,61.90492630004883,933.7875366210938,348.8049621582031,95.98661041259766,781.9702758789062
2024-12-26,1074.9515380859375,230.99075317382812,195.82151794433594,869.0598754882812,1276.6534423828125,61.368263244628906,930.4429931640625,349.55279541015625,96.47769165039062,782.35546875
2024-12-27,1075.7003173828125,229.4082489013672,194.88046264648438,872.69970703125,1286.690673828125,62.133506774902344,951.8582763671875,350.9687194824219,95.79773712158203,770.0296630859375
2024-12-30,1068.21240234375,225.67202758789062,199.15985107421875,862.82373046875,1273.9964599609375,63.42546844482422,961.9419555664062,347.1397705078125,96.09994506835938,759.1000366210938
2024-12-31,1062.9710693359375,225.25064086914062,198.13954162597656,860.3729248046875,1261.203857421875,62.749671936035156,958.597412109375,356.1836853027344,97.06320190429688,765.5037231445312
2025-01-01,1070.0595703125,225.87802124023438,198.6249237060547,865.1773681640625,1263.1719970703125,63.79318618774414,967.8324584960938,356.65234375,96.94988250732422,763.8185424804688
2025-01-02,1084.83544921875,225.78439331054688,204.20199584960938,870.5158081054688,1270.0111083984375,64.2801513671875,989.7468872070312,366.37432861328125,99.61302947998047,771.522216796875
2025-01-03,1083.1383056640625,226.27130126953125,203.3203582763672,848.8953857421875,1244.8687744140625,64.67768096923828,996.2863159179688,366.6734924316406,100.48185729980469,764.0111694335938
2025-01-06,1061.6732177734375,213.46139526367188,195.67294311523438,830.1141967773438,1243.933837890625,62.22294998168945,968.4813232421875,354.9073791503906,96.08104705810547,747.6408081054688
2025-01-07,1065.7664794921875,217.67518615722656,195.45501708984375,831.521484375,1258.842041015625,62.05399703979492,982.0093994140625,353.3917541503906,97.37484741210938,749.9037475585938
2025-01-08,1073.204345703125,218.13400268554688,193.6620330810547,822.2522583007812,1243.5894775390625,62.2627067565918,979.4635620117188,352.7137145996094,96.29825592041016,742.5853271484375
2025-01-09,1060.02587890625,216.34547424316406,191.62139892578125,809.3916625976562,1242.260986328125,61.984432220458984,979.3138427734375,357.0113220214844,96.35491943359375,732.2816162109375
2025-01-10,1039.010009765625,211.06419372558594,187.32220458984375,804.0289916992188,1229.9111328125,60.01667022705078,936.0838012695312,350.2308349609375,93.15347290039062,715.71875
2025-01-13,1047.59619140625,203.84457397460938,185.95518493652344,791.4596557617188,1210.1317138671875,58.963226318359375,940.1771850585938,346.6810607910156,90.11257934570312,702.4780883789062
2025-01-14,1049.9422607421875,209.49105834960938,190.74966430664062,799.1031494140625,1220.5135498046875,61.557090759277344,960.544189453125,349.11407470703125,92.93627166748047,720.437255859375
2025-01-15,1025.1326904296875,207.89918518066406,192.3148193359375,797.3803100585938,1218.4962158203125,61.6365966796875,960.8936767578125,356.8916931152344,92.78517150878906,725.7816772460938
2025-01-16,1036.314453125,214.29478454589844,193.582763671875,801.7481079101562,1229.173095703125,62.292518615722656,973.7727661132812,360.0724792480469,94.64559173583984,737.9149169921875
2025-01-17,989.440673828125,213.49884033203125,189.7788848876953,794.3229370117188,1205.900390625,62.17325973510742,969.3799438476562,350.70947265625,94.56060028076172,735.79638671875
2025-01-20,986.445556640625,217.3568115234375,192.2058563232422,801.3598022460938,1213.2806396484375,63.42546844482422,969.1303100585938,382.9964294433594,95.38221740722656,750.38525390625
2025-01-21,968.62451171875,215.00645446777344,190.54164123535156,797.0648803710938,1177.0677490234375,62.938499450683594,958.8969116210938,377.5720520019531,94.74003601074219,730.9334716796875
2025-01-22,957.7422485351562,213.85467529296875,188.3127899169922,808.5423583984375,1181.2991943359375,62.43164825439453,969.3799438476562,382.3981628417969,92.73795318603516,725.5409545898438
2025-01-23,949.505615234375,214.58506774902344,188.95668029785156,807.9843139648438,1182.5784912109375,62.71985626220703,969.3799438476562,377.8811950683594,93.8995361328125,718.2706298828125
2025-01-24,946.959716796875,210.88629150390625,186.34149169921875,800.6561889648438,1189.90966796875,61.88505172729492,949.262451171875,376.1561584472656,92.19021606445312,716.58544921875
2025-01-27,946.5603637695312,205.65182495117188,189.343017578125,790.9500732421875,1208.3603515625,56.379295349121094,924.951904296875,375.19891357421875,90.19757843017578,721.4483642578125
2025-01-28,982.2024536132812,207.6557159423828,182.36920166015625,810.6533813476562,1227.00830078125,57.9097785949707,932.639404296875,376.4652404785156,94.23006439208984,724.5298461914062
2025-01-29,981.8031616210938,208.4329071044922,184.4296417236328,814.0020141601562,1231.682373046875,59.4501953125,946.7665405273438,382.966552734375,92.33186340332031,730.355712890625
2025-01-30,983.1009521484375,208.24563598632812,183.2211151123047,820.8933715820312,1235.5694580078125,60.81172561645508,955.5023803710938,379.2073669433594,91.1513900756836,734.3519897460938
2025-01-31,984.4987182617188,199.81805419921875,185.44996643066406,824.4118041992188,1232.814208984375,62.849056243896484,989.59716796875,379.16748046875,95.57108306884766,744.2705078125
2025-02-01,996.5291137695312,197.43023681640625,182.35928344726562,820.6264038085938,1235.520263671875,61.5670280456543,1007.7677612304688,379.5264587402344,93.82398986816406,737.6260375976562
2025-02-03,987.7933959960938,194.7615203857422,178.8624725341797,814.3417358398438,1233.0108642578125,61.8751106262207,1011.0623779296875,375.817138671875,92.85127258300781,732.7631225585938
2025-02-04,1013.6513061523438,199.34986877441406,179.52618408203125,835.161376953125,1247.9683837890625,61.73597717285156,1045.4566650390625,384.59185791015625,93.54067993164062,750.3370971679688
2025-02-05,1011.654541015625,206.02639770507812,182.14137268066406,843.363037109375,1247.476318359375,62.938499450683594,1059.48388671875,381.25146484375,94.6833724975586,737.6741943359375
2025-02-06,1019.0425415039062,205.73609924316406,181.89370727539062,846.299072265625,1252.1014404296875,63.33602523803711,1063.8270263671875,382.08905029296875,94.17340850830078,724.3853759765625
2025-02-07,1022.43701171875,202.5617218017578,186.37123107910156,840.9121704101562,1236.8487548828125,63.69379425048828,1077.35498046875,384.7414245605469,93.7484359741211,709.8928833007812
2025-02-10,1010.1070556640625,201.54103088378906,184.80606079101562,832.6619873046875,1242.4576416015625,62.521095275878906,1066.27294921875,390.9036560058594,92.84182739257812,709.5076904296875
2025-02-11,1005.76416015625,197.37405395507812,181.9432373046875,825.6979370117188,1232.764892578125,61.25894546508789,1052.4454345703125,382.6175537109375,89.9237060546875,704.0187377929688
2025-02-12,1005.2649536132812,199.02210998535156,182.22061157226562,828.3185424804688,1231.830078125,61.775733947753906,1037.9688720703125,387.6729736328125,90.34867095947266,705.992919921875
2025-02-13,1006.5628051757812,197.39279174804688,180.0908203125,823.9022216796875,1228.976318359375,61.1098747253418,1045.5565185546875,393.4263610839844,89.37596893310547,700.6965942382812
2025-02-14,995.8801879882812,192.11151123046875,179.30825805664062,822.5191040039062,1239.9976806640625,60.225372314453125,1022.7434692382812,389.3581237792969,87.118896484375,695.400390625
2025-02-17,991.3375854492188,193.79702758789062,179.833251953125,833.4384765625,1231.1904296875,61.11981201171875,1046.554931640625,387.94219970703125,87.9971694946289,700.7447509765625
2025-02-18,992.53564453125,192.9823455810547,178.9912567138672,836.2047119140625,1223.2196044921875,59.15205001831055,1022.4439086914062,391.5418395996094,86.75059509277344,698.9151000976562
2025-02-19,1009.7077026367188,195.60426330566406,179.47665405273438,838.21875,1241.5228271484375,59.619144439697266,1034.1251220703125,395.859375,87.6949691772461,700.3595581054688
2025-02-20,1015.5482177734375,199.9866180419922,182.64657592773438,818.7579956054688,1230.009521484375,60.98067855834961,1045.9559326171875,392.9776611328125,90.32978820800781,702.6707153320312
2025-02-21,1007.3115844726562,196.89649963378906,178.15916442871094,821.378662109375,1213.2806396484375,60.255191802978516,1042.0621337890625,389.4877014160156,89.00765228271484,695.255859375
2025-02-24,1008.4097900390625,195.36080932617188,179.5360870361328,813.9049682617188,1198.9136962890625,59.529701232910156,1027.48583984375,392.0902404785156,88.76211547851562,689.8633422851562
2025-02-25,1007.4613037109375,191.74630737304688,177.02987670898438,816.4528198242188,1204.6212158203125,58.446441650390625,1032.5775146484375,392.319580078125,87.94051361083984,684.5670776367188
2025-02-27,1015.0490112304688,190.25743103027344,177.02987670898438,825.358154296875,1202.9482421875,58.85390853881836,1045.00732421875,388.39093017578125,86.84502410888672,677.8263549804688
2025-02-28,1013.90087890625,184.5360565185547,175.9501190185547,840.7423706054688,1184.8909912109375,58.02903747558594,988.4989013671875,379.49652099609375,82.52922058105469,663.28564453125
2025-03-03,1005.6143188476562,183.44981384277344,177.79263305664062,825.770751953125,1186.9573974609375,57.3333625793457,982.4088134765625,381.8198547363281,82.4347915649414,669.544921875
2025-03-04,1000.1731567382812,183.45916748046875,174.85055541992188,829.8715209960938,1191.0904541015625,56.47868347167969,986.0029296875,380.4637451171875,82.24590301513672,689.5262451171875
2025-03-05,1012.802734375,192.16769409179688,179.8035430908203,820.1654052734375,1196.3057861328125,57.591758728027344,970.2784423828125,385.50921630859375,84.7485122680664,703.2965698242188
2025-03-06,1032.4207763671875,193.9842987060547,180.03140258789062,820.7477416992188,1198.618408203125,57.41286849975586,970.1287231445312,383.2357482910156,85.9289779663086,704.93359375
2025-03-07,1035.9649658203125,192.80442810058594,178.8129425048828,819.8013916015625,1195.17431640625,56.98552703857422,935.2352294921875,385.9678649902344,86.09896850585938,705.6077270507812
2025-03-10,1034.16796875,191.05337524414062,177.43600463867188,818.9521484375,1195.469482421875,56.021522521972656,899.0438232421875,383.2457275390625,83.67192077636719,701.9003295898438
2025-03-11,1023.9844970703125,189.67686462402344,177.43600463867188,817.9815673828125,1225.5321044921875,55.01776885986328,654.8892822265625,385.9280090332031,83.26583099365234,702.8150634765625
2025-03-12,1009.5579833984375,189.52703857421875,176.5444793701172,830.4296264648438,1224.105224609375,54.29228210449219,683.5927734375,395.37078857421875,82.06647491455078,696.2670288085938
2025-03-13,1008.5595703125,192.4486083984375,174.93972778320312,828.221435546875,1230.1080322265625,53.149391174316406,671.2627563476562,395.8793029785156,82.34978485107422,700.88916015625
2025-03-17,1032.470703125,192.6546173095703,175.67276000976562,830.065673828125,1248.755615234375,52.56303405761719,676.3046264648438,397.4747009277344,82.60477447509766,696.3633422851562
2025-03-18,1032.470703125,192.6546173095703,175.67276000976562,830.065673828125,1248.755615234375,52.56303405761719,676.3046264648438,397.4747009277344,82.60477447509766,696.3633422851562
2025-03-19,1050.341552734375,200.16452026367188,184.43955993652344,846.42041015625,1292.152099609375,55.077396392822266,691.5798950195312,403.14837646484375,85.95731353759766,717.5001831054688
2025-03-20,1052.6378173828125,201.934326171875,184.7862548828125,858.3831176757812,1300.6148681640625,55.365604400634766,682.9937133789062,405.96026611328125,86.22174835205078,721.7853393554688
2025-03-21,1068.4122314453125,202.9175262451172,185.53912353515625,859.15966796875,1321.6734619140625,55.942020416259766,685.7892456054688,414.6053466796875,87.95939636230469,725.3001708984375
2025-03-24,1096.067138671875,210.193359375,193.95921325683594,873.5489501953125,1336.4835205078125,57.532127380371094,668.367431640625,433.97955322265625,90.5942153930664,751.8778076171875
2025-03-25,1116.7337646484375,208.8824005126953,193.0181427001953,883.958740234375,1322.263916015625,56.99546432495117,636.0198364257812,432.7530822753906,88.59213256835938,744.2222900390625
2025-03-26,1094.4698486328125,206.32601928710938,190.50201416015625,876.7277221679688,1314.58837890625,56.64763259887695,654.2402954101562,427.7475280761719,87.6949691772461,735.7001342773438
2025-03-27,1096.56640625,216.28929138183594,195.72247314453125,885.8514404296875,1315.326416015625,56.5880012512207,672.4608154296875,424.5068359375,91.04751586914062,743.6926879882812
2025-03-28,1100.21044921875,213.99513244628906,190.91807556152344,887.2344970703125,1326.8397216796875,54.6202392578125,648.7991333007812,432.99237060546875,90.7830810546875,742.92236328125
2025-04-01,1083.837158203125,214.0419464111328,190.6208953857422,857.9464111328125,1297.4166259765625,56.81657791137695,681.5960083007812,427.9468994140625,90.88697052001953,743.1149291992188
2025-04-02,1082.68896484375,216.79495239257812,190.30389404296875,872.0444946289062,1310.0125732421875,56.83645248413086,701.3140869140625,429.68194580078125,91.92578125,747.20751953125
2025-04-03,1088.0802001953125,221.7204132080078,192.3148193359375,871.0496215820312,1308.3397216796875,59.97692108154297,708.2528686523438,425.2945251464844,93.49345397949219,750.3370971679688
2025-04-04,1089.5279541015625,219.41688537597656,193.16673278808594,881.94482421875,1313.998046875,57.4526252746582,680.8971557617188,425.1649475097656,91.23639678955078,739.0223999023438
2025-04-07,1046.2481689453125,214.7723388671875,189.01611328125,853.0205078125,1267.009765625,56.140785217285156,674.8070678710938,406.3990173339844,89.64038848876953,719.2335815429688
2025-04-08,1076.0997314453125,220.8402099609375,188.73875427246094,858.5773315429688,1279.1627197265625,57.54206848144531,678.5509643554688,409.84906005859375,91.51970672607422,740.1296997070312
2025-04-09,1059.926025390625,215.56829833984375,188.1741180419922,856.5632934570312,1280.04833984375,58.88372039794922,677.4526977539062,409.3604736328125,90.43367004394531,714.7076416015625
2025-04-11,1067.214111328125,217.71263122558594,188.6496124267578,876.8247680664062,1290.7252197265625,59.54957580566406,688.385009765625,421.02685546875,90.73587036132812,725.9260864257812
2025-04-15,1110.9930419921875,220.00680541992188,190.0958709716797,905.0452880859375,1328.66015625,61.54715347290039,734.7100219726562,422.82171630859375,91.21749877929688,735.2186279296875
2025-04-16,1159.414306640625,225.47537231445312,193.0874786376953,911.4027709960938,1334.7613525390625,62.92856216430664,786.975341796875,423.4598388671875,93.3329086303711,743.1630859375
2025-04-17,1188.8663330078125,227.3668975830078,193.0181427001953,925.3309936523438,1384.2589111328125,62.610538482666016,793.4149169921875,436.3626708984375,93.96564483642578,767.9111328125
2025-04-21,1221.0140380859375,233.55648803710938,200.14053344726562,935.231201171875,1387.3094482421875,66.22803497314453,826.8607788085938,446.9920654296875,96.60990905761719,786.447998046875
2025-04-22,1214.8240966796875,236.39378356933594,199.74429321289062,952.0227661132812,1393.9024658203125,66.78457641601562,786.2265625,452.456298828125,97.62982940673828,791.9369506835938
2025-04-23,1204.940185546875,235.47610473632812,197.8918914794922,933.67822265625,1401.676513671875,68.02684020996094,792.9157104492188,444.12030029296875,97.28041076660156,783.3184204101562
2025-04-24,1205.139892578125,235.98175048828125,200.00184631347656,930.2326049804688,1380.32275390625,67.2317886352539,818.4243774414062,443.3226013183594,96.9876480102539,783.2703247070312
2025-04-25,1164.4061279296875,231.09375,194.64273071289062,927.5148315429688,1382.3892822265625,65.67150115966797,821.0202026367188,439.61328125,93.76732635498047,769.0667114257812
2025-04-28,1190.8631591796875,236.48741149902344,197.95130920410156,931.882568359375,1406.00634765625,66.08889770507812,829.2069091796875,443.84112548828125,96.48712921142578,787.073974609375
2025-04-29,1185.3720703125,237.1148223876953,201.507568359375,926.3501586914062,1406.990478515625,66.51624298095703,835.5966186523438,439.73297119140625,96.92154693603516,782.4517211914062
2025-04-30,1183.07568359375,234.0340576171875,194.83091735839844,934.2120361328125,1404.2349853515625,64.48885345458984,837.0442504882812,440.3511962890625,94.63614654541016,759.4371337890625
2025-05-02,1181.478271484375,231.84288024902344,187.73825073242188,932.7077026367188,1407.2855224609375,65.84044647216797,855.0650634765625,435.08636474609375,93.96564483642578,767.1888427734375
2025-05-05,1171.294921875,233.28494262695312,189.70953369140625,939.9386596679688,1406.5968017578125,66.60568237304688,845.3807373046875,415.781982421875,93.87120056152344,760.737060546875
2025-05-06,1159.5140380859375,209.66896057128906,185.52920532226562,937.4635620117188,1408.7615966796875,65.11495971679688,830.4548950195312,413.60821533203125,89.21541595458984,745.4259643554688
2025-05-07,1159.414306640625,210.221435546875,189.37274169921875,944.2093505859375,1412.5010986328125,66.54605102539062,832.45166015625,417.7762145996094,89.00765228271484,747.3518676757812
2025-05-08,1170.2965087890625,203.4512939453125,184.97447204589844,935.91064453125,1412.599365234375,66.00939178466797,825.4630126953125,421.3060302734375,86.27840423583984,740.5149536132812
2025-05-09,1149.230712890625,206.09193420410156,185.6183624267578,917.0807495117188,1366.742919921875,65.80068969726562,816.8768920898438,419.4115295410156,86.8544692993164,750.38525390625
2025-05-12,1201.04638671875,212.4219970703125,192.6219024658203,949.8389282226562,1425.39208984375,68.6529541015625,787.2249145507812,427.7674255371094,90.45256042480469,771.9555053710938
2025-05-13,1191.6617431640625,217.9467315673828,196.22767639160156,933.0473022460938,1407.777587890625,68.57344818115234,768.8546752929688,421.9043273925781,92.24687957763672,772.0518188476562
2025-05-14,1193.5587158203125,218.71458435058594,196.36634826660156,927.2236938476562,1403.44775390625,69.04054260253906,780.0864868164062,417.2776794433594,92.43574523925781,771.0407104492188
2025-05-15,1207.1365966796875,219.4730682373047,196.97061157226562,938.4827880859375,1427.6553955078125,69.05048370361328,779.2378540039062,420.0696105957031,92.85127258300781,777.82958984375
2025-05-16,1206.837158203125,221.8515167236328,197.15884399414062,938.9195556640625,1430.8043212890625,68.83184051513672,778.9383544921875,420.4285888671875,93.40846252441406,778.0751342773438
2025-05-19,1200.846923828125,224.71688842773438,200.00184631347656,940.8607177734375,1425.8841552734375,68.23554992675781,782.7821044921875,421.02685546875,95.2972183227539,780.9237670898438
2025-05-20,1193.8582763671875,221.39266967773438,196.29702758789062,929.3104858398438,1415.25634765625,66.76469421386719,780.9850463867188,416.8189697265625,94.90057373046875,771.7393798828125
2025-05-21,1195.85498046875,225.95294189453125,198.9320068359375,935.0856323242188,1421.652587890625,66.25784301757812,768.7049560546875,413.0697937011719,96.23214721679688,773.1636352539062
2025-05-22,1186.570068359375,225.88739013671875,199.27871704101562,931.737060546875,1419.0941162109375,66.45661926269531,783.7305908203125,411.97296142578125,94.7872543334961,771.346435546875
2025-05-23,1208.135009765625,227.582275390625,201.51747131347656,938.3856811523438,1426.67138671875,66.67525482177734,792.1170654296875,418.9528503417969,94.79669189453125,776.5034790039062
2025-05-26,1213.2265625,226.15895080566406,200.00184631347656,941.588623046875,1437.2989501953125,66.20816802978516,798.80615234375,416.6594543457031,95.34443664550781,780.33447265625
2025-05-27,1193.658447265625,226.1495819091797,200.57640075683594,934.8429565429688,1423.3255615234375,67.69889068603516,819.3728637695312,414.2862854003906,96.34547424316406,779.6468505859375
2025-05-28,1192.7598876953125,227.57290649414062,199.7244873046875,933.4840698242188,1430.6075439453125,67.56968688964844,803.8480224609375,413.6680603027344,96.6004638671875,782.4463500976562
2025-05-29,1199.74853515625,227.76956176757812,199.199462890625,935.42529296875,1433.264404296875,67.4802474975586,822.8173217773438,415.1238708496094,96.61934661865234,783.232177734375
2025-05-30,1190.2640380859375,233.67822265625,200.1603546142578,943.86962890625,1422.7352294921875,67.54981231689453,815.6289672851562,413.7478332519531,99.93411254882812,797.91748046875
2025-06-02,1192.46044921875,238.56622314453125,204.3109588623047,937.6576538085938,1427.360107421875,68.26536560058594,811.3858032226562,411.5342102050781,102.4272689819336,799.2435913085938
2025-06-03,1179.5814208984375,237.52682495117188,209.31349182128906,934.0179443359375,1414.961181640625,66.5659408569336,799.554931640625,407.7251892089844,103.35276794433594,795.4617309570312
2025-06-04,1169.098388671875,238.41641235351562,208.98658752441406,942.073974609375,1408.171142578125,67.07278442382812,813.0330810546875,408.08416748046875,103.44719696044922,792.2201538085938
2025-06-05,1157.117919921875,234.69891357421875,205.12326049804688,946.1505126953125,1431.5916748046875,66.38705444335938,801.9011840820312,406.8078308105469,102.95612335205078,791.72900390625
2025-06-06,1192.66015625,238.46701049804688,205.82656860351562,960.2728881835938,1436.413330078125,71.1076889038086,821.5193481445312,413.4885559082031,104.05160522460938,798.6541748046875
2025-06-09,1217.9190673828125,240.24937438964844,210.7003173828125,960.3700561523438,1411.91064453125,71.86298370361328,835.297119140625,426.4113464355469,105.95924377441406,805.5302734375
2025-06-10,1230.798095703125,239.19351196289062,209.02621459960938,953.7698974609375,1400.200439453125,70.97848510742188,843.6834716796875,428.9839172363281,105.55316162109375,802.5833740234375
2025-06-11,1229.400390625,234.989501953125,206.1633758544922,946.538818359375,1408.171142578125,70.8592300415039,834.9476318359375,427.8272705078125,104.16493225097656,800.6187744140625
2025-06-12,1210.930419921875,233.11996459960938,204.5189971923828,943.1416625976562,1402.4637451171875,70.4120101928711,828.5580444335938,424.13787841796875,102.0117416381836,791.679931640625
2025-06-13,1203.842041015625,231.72508239746094,203.36990356445312,930.6207885742188,1393.5089111328125,70.00454711914062,815.529052734375,420.26904296875,100.68017578125,778.3206787109375
2025-06-16,1213.4263916015625,233.0812225341797,203.67698669433594,939.2592163085938,1404.1365966796875,70.46170043945312,819.9219970703125,426.57086181640625,100.85015869140625,778.4680786132812
2025-06-17,1213.1268310546875,230.58204650878906,202.84487915039062,936.4444580078125,1400.4957275390625,69.71633911132812,807.841552734375,426.13214111328125,99.99077606201172,778.2716064453125
2025-06-18,1219.017333984375,229.09999084472656,205.13316345214844,938.5313110351562,1390.0648193359375,70.34244537353516,849.1246948242188,425.25469970703125,99.61302947998047,777.8787231445312
2025-06-19,1215.52294921875,224.40194702148438,202.00286865234375,939.2107543945312,1388.78564453125,69.279052734375,836.1456909179688,428.046630859375,97.25208282470703,771.1990356445312
2025-06-20,1218.7177734375,226.8139190673828,205.55911254882812,953.4786376953125,1404.33349609375,69.75608825683594,838.8912353515625,432.7131652832031,100.1284408569336,782.053466796875
2025-06-23,1212.12841796875,226.52333068847656,205.00437927246094,945.5682373046875,1397.445068359375,70.5710220336914,838.5418701171875,435.5649719238281,100.97386169433594,776.2088012695312
2025-06-24,1219.2169189453125,230.36895751953125,207.25303649902344,951.634521484375,1401.38134765625,71.57477569580078,830.6046752929688,443.4422912597656,102.24684143066406,781.3167114257812
2025-06-25,1211.3297119140625,231.57009887695312,208.42193603515625,961.0009155273438,1403.0543212890625,71.65428161621094,828.4581298828125,438.39678955078125,102.94649505615234,785.8843383789062
2025-06-26,1231.4969482421875,231.84132385253906,208.0455322265625,981.1895751953125,1416.14208984375,71.45552062988281,834.7479248046875,439.5135803222656,103.24773406982422,782.9375
2025-06-27,1223.110595703125,233.76898193359375,206.4308319091797,988.5982666015625,1438.87353515625,71.91267395019531,856.3130493164062,440.311279296875,103.33518981933594,791.1396484375
2025-06-30,1197.2525634765625,240.98556518554688,211.11636352539062,982.023681640625,1422.7352294921875,72.38970184326172,870.689697265625,431.4568176269531,107.37764739990234,805.824951171875
2025-07-01,1171.394775390625,239.78440856933594,216.66372680664062,987.2244873046875,1409.1552734375,76.76250457763672,877.6784057617188,435.4652404785156,109.8750228881836,805.7758178710938
2025-07-02,1173.3914794921875,235.43508911132812,215.70285034179688,974.418701171875,1405.0223388671875,76.77244567871094,856.2631225585938,432.5735778808594,110.63298797607422,798.5068969726562
2025-07-03,1169.1982421875,234.72796630859375,214.9499969482422,974.9583740234375,1403.1527099609375,77.17991638183594,861.0054321289062,424.0980224609375,107.11528015136719,792.8095092773438
2025-07-04,1176.6925048828125,233.2362060546875,213.2957000732422,976.037841796875,1419.782958984375,77.39855194091797,854.8653564453125,424.7361755371094,107.71775817871094,797.4754028320312
2025-07-07,1174.1944580078125,233.53648376464844,213.02822875976562,975.1055908203125,1412.7962646484375,77.22959899902344,853.0682983398438,428.72467041015625,109.33085632324219,792.56396484375
2025-07-08,1164.501953125,232.24815368652344,211.4927978515625,981.974609375,1418.9957275390625,77.37866973876953,848.9249877929688,443.6217346191406,108.84497833251953,798.2612915039062
2025-07-09,1163.8023681640625,233.5752410888672,211.87913513183594,986.7828369140625,1409.056884765625,76.97120666503906,839.3904418945312,444.5789794921875,107.86351776123047,796.5913696289062
2025-07-10,1163.40283203125,231.3569793701172,208.99647521972656,984.3296508789062,1401.38134765625,76.1562728881836,851.4708251953125,439.49365234375,106.65856170654297,793.693603515625
2025-07-11,1172.8955078125,230.0008544921875,205.4303436279297,973.2902221679688,1399.2164306640625,75.00965118408203,857.461181640625,442.8439636230469,107.09584045410156,794.3321533203125
2025-07-14,1171.7962646484375,233.371826171875,208.59036254882812,972.94677734375,1400.298828125,74.05245208740234,866.197021484375,439.49365234375,107.5914306640625,794.528564453125
2025-07-15,1165.0015869140625,236.66529846191406,209.67999267578125,979.079833984375,1407.9744873046875,72.71638488769531,879.5753784179688,436.3626708984375,109.0684814453125,801.9940185546875
2025-07-16,1167.4996337890625,241.2761688232422,212.67161560058594,979.4722900390625,1403.6446533203125,73.64366149902344,878.327392578125,434.627685546875,111.72134399414062,816.9739990234375
2025-07-17,1158.90625,238.79637145996094,210.5913543701172,974.8602294921875,1396.0673828125,73.2647705078125,863.7010498046875,432.9126281738281,110.5746841430664,814.32177734375
2025-07-18,1098.452880859375,237.0430908203125,210.4724884033203,960.38623046875,1403.0543212890625,72.87590789794922,868.64306640625,427.3621826171875,110.14710998535156,808.7717895507812
2025-07-21,1098.7525634765625,235.76443481445312,210.77957153320312,981.5330200195312,1442.4161376953125,73.77327728271484,857.4112548828125,432.2936706542969,109.41830444335938,809.6068115234375
2025-07-22,1097.15380859375,231.9769287109375,210.40313720703125,984.771240234375,1450.0916748046875,72.22782135009766,841.8364868164062,431.29541015625,106.24070739746094,800.5697021484375
2025-07-23,1103.9486083984375,235.4544677734375,210.8092803955078,993.2103881835938,1464.8524169921875,72.48705291748047,849.773681640625,433.3318786621094,106.81403350830078,806.1196899414062
2025-07-24,1094.256103515625,239.12571716308594,210.7003173828125,988.2548217773438,1459.7353515625,72.67649841308594,846.5289306640625,427.681640625,107.54283905029297,801.25732421875
2025-07-25,1085.262939453125,235.8225555419922,206.18319702148438,985.9922485351562,1453.5357666015625,70.49291229248047,822.3680419921875,424.18768310546875,105.3467025756836,792.269287109375
2025-07-28,1072.7725830078125,232.8099822998047,204.06332397460938,987.9105224609375,1464.655517578125,70.51285552978516,800.7529907226562,392.6421203613281,103.77247619628906,783.0357666015625
2025-07-29,1063.3798828125,234.66983032226562,203.28074645996094,994.3539428710938,1462.4906005859375,70.10404968261719,806.89306640625,393.86004638671875,106.20183563232422,785.0494384765625
2025-07-30,1072.472900390625,232.16098022460938,202.75570678710938,996.4197998046875,1458.751220703125,69.03718566894531,800.603271484375,391.2644958496094,105.04546356201172,787.4560546875
2025-07-31,1067.57666015625,230.41737365722656,200.52687072753906,992.6815795898438,1457.7672119140625,68.55860137939453,797.608154296875,395.0379943847656,102.4023208618164,782.4463500976562
2025-08-01,1061.581298828125,227.7632293701172,194.21676635742188,989.7304077148438,1448.12353515625,67.3820571899414,782.4327392578125,397.7932434082031,100.26448822021484,779.9415283203125
2025-08-04,1067.7764892578125,233.61398315429688,194.61300659179688,979.7947387695312,1439.8575439453125,69.1269302368164,802.749755859375,398.7116394042969,101.70266723632812,781.6113891601562
2025-08-05,1069.974853515625,233.1102752685547,194.1969451904297,972.7118530273438,1421.3575439453125,69.1269302368164,817.8253784179688,399.9095764160156,100.73092651367188,786.4246215820312
2025-08-06,1070.1746826171875,234.17581176757812,195.51443481445312,976.499267578125,1420.5703125,68.53865051269531,802.0509033203125,399.789794921875,100.8961181640625,790.8941040039062
2025-08-07,1075.37060546875,234.46641540527344,196.76260375976562,981.4671020507812,1417.322998046875,69.0272216796875,806.04443359375,397.73333740234375,101.73181915283203,790.8941040039062
2025-08-08,1057.2845458984375,231.72508239746094,194.50404357910156,970.8920288085938,1412.9931640625,68.9075698852539,781.1847534179688,389.8669128417969,101.01272583007812,790.0591430664062
2025-08-11,1072.472900390625,236.32626342773438,194.84083557128906,981.5654296875,1413.681884765625,69.47589874267578,781.9833984375,394.4989013671875,103.529541015625,808.8700561523438
2025-08-12,1069.1754150390625,235.46414184570312,194.1374969482422,968.924560546875,1410.112060546875,68.85771179199219,781.7837524414062,391.1247253417969,103.63643646240234,806.0704956054688
2025-08-13,1065.178466796875,234.2339324951172,194.34555053710938,974.0399169921875,1408.922119140625,69.69525909423828,772.1992797851562,396.8548583984375,103.62671661376953,807.29833984375
2025-08-14,1067.376708984375,235.1638641357422,194.01864624023438,979.35205078125,1415.3677978515625,68.56856536865234,768.5052490234375,394.9581298828125,103.27688598632812,811.9151611328125
2025-08-18,1081.7657470703125,235.1638641357422,193.9492950439453,985.5003662109375,1422.606689453125,69.69525909423828,787.3746948242188,399.5901184082031,103.75303649902344,812.9957275390625
2025-08-19,1082.365234375,239.3097686767578,198.16925048828125,979.35205078125,1424.29248046875,71.08118438720703,784.2297973632812,405.2803039550781,104.85111236572266,815.697021484375
2025-08-20,1079.3675537109375,237.207763671875,197.83245849609375,977.9256591796875,1418.64013671875,71.04130554199219,776.9415893554688,402.8045654296875,104.08343505859375,814.272705078125
2025-08-21,1078.068603515625,235.73538208007812,197.55508422851562,979.4012451171875,1433.911376953125,69.8747329711914,766.208984375,402.8644714355469,104.13202667236328,811.0802612304688
2025-08-22,1070.07470703125,232.70343017578125,195.6715087890625,966.317626953125,1424.3917236328125,69.47589874267578,758.870849609375,396.63525390625,102.31486511230469,801.7975463867188
2025-08-25,1069.1754150390625,233.5268096923828,194.34603881835938,966.0717163085938,1421.2183837890625,70.07414245605469,769.6034545898438,395.97637939453125,102.24684143066406,801.9940185546875
2025-08-26,1049.290771484375,227.77291870117188,191.8047332763672,957.5625,1404.7572021484375,68.55860137939453,755.1768798828125,392.46246337890625,99.8660659790039,793.5462646484375
2025-08-28,1051.08935546875,225.9324493408203,191.1071014404297,942.2162475585938,1387.4034423828125,67.85067749023438,745.3926391601562,388.2696838378906,98.58336639404297,787.750732421875
2025-08-29,1044.39453125,225.53529357910156,191.05728149414062,936.1171264648438,1386.1143798828125,67.79084777832031,738.30419921875,391.3843078613281,98.02947235107422,788.291015625
2025-09-01,1060.6820068359375,227.07546997070312,192.92091369628906,935.1333618164062,1399.2039794921875,68.73806762695312,751.632568359375,393.04144287109375,99.3996353149414,791.7781372070312
2025-09-02,1055.385986328125,229.25497436523438,192.90097045898438,929.1326904296875,1382.54443359375,69.28645324707031,749.9852905273438,387.8304443359375,99.95352935791016,789.666259765625
2025-09-03,1053.88720703125,230.9501495361328,192.5720977783203,938.9207763671875,1385.321044921875,70.38323211669922,766.85791015625,391.3643493652344,101.35283660888672,797.7701416015625
2025-09-04,1049.590576171875,226.61050415039062,189.25343322753906,945.610107421875,1393.75,72.0184326171875,753.6293334960938,389.2679443359375,100.4977035522461,795.06884765625
2025-09-05,1055.0863037109375,226.92047119140625,189.871337890625,947.7251586914062,1391.0726318359375,72.38734436035156,755.8258056640625,388.4294128417969,100.81837463378906,792.318359375
2025-09-08,1054.6866455078125,227.28857421875,189.97097778320312,950.2828369140625,1390.973388671875,72.05831146240234,749.5360107421875,389.3478088378906,101.265380859375,794.4794311523438
2025-09-09,1051.3890380859375,227.14328002929688,190.97755432128906,949.4467163085938,1391.9649658203125,73.31462097167969,744.9434204101562,391.40423583984375,101.33340454101562,794.528564453125
2025-09-10,1069.2752685546875,230.55299377441406,195.4123992919922,950.1845092773438,1392.163330078125,72.47708892822266,750.03515625,393.9798278808594,103.25745391845703,803.7130126953125
2025-09-11,1086.56201171875,230.8048553466797,195.98045349121094,952.0535278320312,1389.882568359375,72.22782135009766,747.389404296875,393.7801513671875,104.71507263183594,809.0665283203125
2025-09-12,1104.4482421875,230.0395965576172,193.69825744628906,951.5617065429688,1405.847900390625,71.82898712158203,739.3025512695312,393.7801513671875,104.27777862548828,808.96826171875
2025-09-15,1103.5489501953125,231.56040954589844,195.6017608642578,951.3157348632812,1407.5338134765625,71.41022491455078,738.7035522460938,393.4806823730469,105.44387817382812,810.1470336914062
2025-09-16,1120.3359375,233.04248046875,195.74127197265625,951.1190185546875,1409.71533203125,71.34042358398438,741.0497436523438,403.64312744140625,105.3758544921875,816.82666015625
2025-09-17,1125.13232421875,238.1861114501953,198.2925567626953,950.7747192382812,1407.33544921875,71.62957000732422,737.8549194335938,409.353271484375,108.80610656738281,841.973388671875
2025-09-18,1132.1268310546875,241.15023803710938,197.75439453125,961.0055541992188,1409.814453125,71.73925018310547,734.2607421875,410.2117919921875,108.69921875,839.222900390625
2025-09-19,1135.024658203125,244.1821746826172,197.2461395263672,951.168212890625,1390.4775390625,71.53984069824219,743.1962890625,405.49993896484375,110.0985336303711,847.081298828125
2025-09-22,1143.51806640625,243.27162170410156,194.33607482910156,948.5121459960938,1389.783447265625,70.71226501464844,733.112548828125,403.64312744140625,109.84587860107422,840.1069946289062
2025-09-23,1169.8978271484375,245.296142578125,194.46563720703125,941.6260375976562,1382.6436767578125,70.30347442626953,754.0286865234375,408.83416748046875,110.224853515625,855.1851806640625
2025-09-24,1158.0069580078125,246.40042114257812,192.92091369628906,935.5761108398438,1371.1405029296875,69.83484649658203,739.5521240234375,405.5598449707031,107.87323760986328,850.8631591796875
2025-09-25,1165.700927734375,244.89898681640625,192.67176818847656,934.3955688476562,1364.29833984375,69.72516632080078,739.5521240234375,402.0059814453125,108.2522201538086,845.902587890625
2025-09-26,1153.1107177734375,240.6658935546875,191.1669158935547,929.6737060546875,1348.233642578125,68.38909149169922,711.597412109375,398.27239990234375,104.74422454833984,841.7769165039062
2025-09-29,1131.327392578125,246.03233337402344,189.43283081054688,934.8382568359375,1336.829833984375,69.29642486572266,722.230224609375,397.6335144042969,106.41561889648438,855.3325805664062
2025-09-30,1130.7279052734375,250.43978881835938,192.2731170654297,935.5269165039062,1336.730712890625,69.56563568115234,734.3605346679688,397.8531494140625,109.64180755615234,857.0025024414062
2025-10-01,1158.6064453125,251.46656799316406,193.1002960205078,949.5450439453125,1360.530029296875,68.81783294677734,741.9483032226562,411.94879150390625,109.36972045898438,848.80029296875
2025-10-03,1180.08984375,255.68028259277344,191.71502685546875,949.4467163085938,1353.786865234375,68.83777618408203,746.19140625,419.3759765625,111.13829803466797,851.9436645507812
2025-10-06,1211.865478515625,258.24725341796875,193.00064086914062,957.6116333007812,1352.001953125,70.88176727294922,738.1044921875,428.4602966308594,111.3034896850586,858.5741577148438
2025-10-07,1185.885498046875,253.6460723876953,198.49188232421875,966.514404296875,1364.3974609375,71.77912902832031,747.788818359375,424.6468811035156,110.94393920898438,849.3897094726562
2025-10-08,1179.690185546875,253.6945037841797,201.920166015625,962.7762451171875,1358.8443603515625,71.77912902832031,739.7518310546875,422.83001708984375,109.94304656982422,843.0538940429688
2025-10-09,1166.5003662109375,255.87400817871094,206.63406372070312,961.2022094726562,1364.69482421875,73.23485565185547,747.9385986328125,428.1807861328125,111.07027435302734,846.835693359375
2025-10-10,1179.4903564453125,258.5863037109375,207.59078979492188,964.9404296875,1368.7607421875,74.21199035644531,762.1156005859375,429.27886962890625,113.92719268798828,865.0573120117188
2025-10-13,1188.6832275390625,259.70025634765625,212.2947235107422,961.1038818359375,1367.8681640625,73.49409484863281,758.6712036132812,429.6781921386719,113.6453857421875,867.3165893554688
2025-10-14,1175.8931884765625,255.68028259277344,214.70648193359375,961.25146484375,1372.52880859375,72.58676147460938,749.1865844726562,429.6182861328125,112.01285552978516,861.4227905273438
2025-10-15,1168.6986083984375,259.9908447265625,215.5934600830078,962.3335571289062,1386.7093505859375,72.75626373291016,738.9031982421875,429.1790466308594,113.11093139648438,870.4107666015625
2025-10-16,1195.378173828125,257.81134033203125,213.76968383789062,978.1715698242188,1405.451416015625,71.57971954345703,738.30419921875,440.3197937011719,112.8291244506836,871.2457275390625
2025-10-17,1199.2750244140625,256.2130432128906,211.6569061279297,986.2381591796875,1424.5899658203125,71.6694564819336,749.7855834960938,440.3996887207031,110.48722076416016,873.4067993164062
2025-10-20,1225.05517578125,262.9453125,226.30685424804688,986.6316528320312,1378.6771240234375,76.70466613769531,758.5214233398438,441.9969177246094,114.76289367675781,891.431884765625
2025-10-21,1236.3465576171875,261.7344665527344,226.66563415527344,991.3043823242188,1370.4464111328125,76.54512786865234,757.2235717773438,438.6427001953125,114.34504699707031,891.775634765625
2025-10-23,1257.8299560546875,258.537841796875,227.08419799804688,992.386474609375,1352.2994384765625,78.72872161865234,758.3716430664062,444.35284423828125,114.87950897216797,895.41015625
2025-10-24,1240.9429931640625,257.85980224609375,226.62576293945312,978.5650634765625,1366.182373046875,77.97093963623047,753.8290405273438,436.6461486816406,113.63567352294922,888.4849853515625
2025-10-27,1253.133544921875,265.07635498046875,233.24314880371094,986.6316528320312,1366.083251953125,77.80144500732422,768.8047485351562,428.9794006347656,116.24966430664062,906.411865234375
2025-10-28,1245.339599609375,268.2729797363281,234.97723388671875,987.2218627929688,1351.7044677734375,78.96800994873047,798.4567260742188,431.4151916503906,117.707275390625,913.779052734375
2025-10-29,1247.837646484375,265.9966125488281,234.11019897460938,991.451904296875,1358.9434814453125,79.1175765991211,806.144287109375,429.3587341308594,117.6781234741211,923.11083984375
2025-10-30,1237.6455078125,264.2045593261719,234.01052856445312,981.9097900390625,1351.0103759765625,78.69880676269531,799.6548461914062,426.70330810546875,116.69666290283203,917.8064575195312
2025-10-31,1231.8499755859375,269.67755126953125,235.80441284179688,971.2362670898438,1334.0533447265625,81.53048706054688,793.5147094726562,419.71539306640625,119.41754913330078,920.4095458984375
2025-11-03,1232.749267578125,282.0765380859375,237.08004760742188,976.499267578125,1335.14404296875,81.74983978271484,795.6113891601562,421.97149658203125,120.02973937988281,932.8847045898438
2025-11-04,1225.6546630859375,279.0736389160156,237.04019165039062,969.2196655273438,1325.7235107421875,80.8923568725586,788.9221801757812,418.5973205566406,119.76737213134766,940.644775390625
2025-11-06,1227.55322265625,277.37847900390625,235.02706909179688,968.6294555664062,1309.3614501953125,80.13459014892578,784.9286499023438,415.92193603515625,117.05621337890625,943.739013671875
2025-11-07,1221.857666015625,279.9938659667969,236.4521942138672,966.317626953125,1331.7724609375,81.23136901855469,795.9608154296875,416.940185546875,118.92195892333984,938.92578125
2025-11-10,1216.0621337890625,278.6861877441406,237.6481170654297,968.4818725585938,1336.730712890625,80.97212982177734,798.057373046875,417.81866455078125,118.88308715820312,934.3090209960938
2025-11-11,1221.557861328125,276.8941345214844,235.08685302734375,975.564697265625,1346.944580078125,80.45365142822266,824.7640991210938,416.6606750488281,118.57212829589844,936.4209594726562
2025-11-12,1220.6585693359375,276.0707702636719,238.12648010253906,973.4005126953125,1347.53955078125,81.34104919433594,863.002197265625,416.1814880371094,118.98997497558594,940.2028198242188
2025-11-13,1224.2557373046875,274.3755798339844,234.98719787597656,970.596923828125,1374.3138427734375,79.76567077636719,862.0537719726562,414.32470703125,117.64897155761719,937.1085815429688
2025-11-14,1240.6431884765625,277.76593017578125,235.45559692382812,973.4988403320312,1361.521728515625,80.19441223144531,846.8782958984375,415.22314453125,118.75675964355469,950.7133178710938
2025-11-17,1248.636962890625,278.9283447265625,238.24606323242188,980.3357543945312,1367.4715576171875,80.77271270751953,852.6689453125,419.8551330566406,119.5244369506836,956.1159057617188
2025-11-18,1264.4249267578125,279.4126892089844,243.67750549316406,976.302490234375,1361.9183349609375,79.87535095214844,846.5787963867188,417.8985290527344,118.92195892333984,955.2318725585938
2025-11-19,1269.4210205078125,284.1107177734375,245.182373046875,978.41748046875,1371.5372314453125,79.37681579589844,838.2423095703125,420.4541015625,121.52622985839844,965.3494873046875
2025-11-20,1284.2095947265625,279.21893310546875,244.0960693359375,992.4356689453125,1371.4381103515625,78.69880676269531,828.058837890625,419.0165710449219,120.36013793945312,964.1707153320312
2025-11-21,1274.81689453125,275.2474060058594,244.2256317138672,981.8114013671875,1358.0509033203125,78.1005630493164,845.1810302734375,416.84033203125,118.91224670410156,955.3792114257812
2025-11-24,1268.0220947265625,273.06787109375,247.32504272460938,982.8934936523438,1356.960205078125,77.74162292480469,834.6980590820312,416.7405090332031,118.30976104736328,953.4146118164062
2025-11-25,1265.32421875,278.2502746582031,255.11842346191406,973.6956176757812,1346.4488525390625,79.1175765991211,838.5418701171875,413.26654052734375,119.57302856445312,966.1844482421875
2025-11-26,1289.2056884765625,279.3642272949219,255.4971160888672,987.5662231445312,1363.5050048828125,80.13459014892578,849.3243408203125,420.03485107421875,121.45820617675781,966.4791870117188
2025-11-27,1286.3079833984375,278.8799133300781,254.00222778320312,993.0750732421875,1380.5611572265625,80.26420593261719,856.0634765625,421.3126220703125,121.39990234375,955.624755859375
2025-11-28,1278.7137451171875,280.7203674316406,257.0418701171875,991.2059936523438,1377.189697265625,79.8952865600586,857.16162109375,424.1477355957031,120.9820556640625,961.6658935546875
2025-12-01,1274.7169189453125,286.29022216796875,255.72634887695312,985.7954711914062,1378.478759765625,80.47359466552734,845.7800903320312,428.77972412109375,121.75945281982422,955.870361328125
2025-12-02,1257.030517578125,287.5979309082031,257.570068359375,973.6956176757812,1361.521728515625,81.73987579345703,848.9249877929688,427.7415466308594,121.80803680419922,950.1730346679688
2025-12-03,1269.720703125,278.00811767578125,257.3707275390625,984.2214965820312,1379.8670654296875,80.34397888183594,845.530517578125,428.4802551269531,116.41486358642578,934.2107543945312
2025-12-04,1279.0135498046875,279.1705322265625,257.76934814453125,980.9752197265625,1375.1070556640625,79.6460189819336,861.6044921875,426.34393310546875,116.1524887084961,931.31298828125
2025-12-05,1281.51171875,283.4326477050781,258.3175048828125,986.9759521484375,1380.858642578125,80.63312530517578,868.6929321289062,430.23724365234375,118.27088928222656,954.2987060546875
2025-12-08,1272.8184814453125,276.2645263671875,256.5734558105469,986.7791748046875,1377.98291015625,78.88825225830078,840.0394287109375,425.58526611328125,112.72223663330078,939.466064453125
2025-12-09,1274.916748046875,280.7688293457031,259.9618835449219,980.8768310546875,1363.7032470703125,80.67301177978516,842.984619140625,424.8066101074219,114.50052642822266,942.3638305664062
2025-12-10,1277.6146240234375,277.1363220214844,258.71612548828125,973.6956176757812,1352.2001953125,80.08473205566406,832.5015869140625,425.16595458984375,113.8494644165039,942.7567749023438
2025-12-11,1271.7191162109375,276.0707702636719,260.0116882324219,984.0247802734375,1348.63037109375,80.37388610839844,834.1988525390625,435.28851318359375,114.24787139892578,946.1947631835938
2025-12-12,1285.10888671875,275.53802490234375,260.4601745605469,985.2052612304688,1354.5802001953125,82.04896545410156,844.78173828125,434.5697326660156,114.48108673095703,946.0965576171875
2025-12-15,1283.8099365234375,276.1676330566406,264.3468933105469,979.89306640625,1353.786865234375,83.62433624267578,849.8734741210938,435.50811767578125,115.38481140136719,950.1239624023438
2025-12-16,1218.66015625,273.9881286621094,261.3072814941406,978.1223754882812,1354.5802001953125,83.21553802490234,843.6834716796875,435.7277526855469,113.72312927246094,944.1319580078125
2025-12-17,1223.756103515625,278.5893249511719,262.7025146484375,967.989990234375,1341.0938720703125,83.7041015625,832.5015869140625,433.89093017578125,115.95814514160156,958.5716552734375
2025-12-18,1228.852294921875,279.0736389160156,264.4963684082031,963.7599487304688,1345.4571533203125,83.54457092285156,833.5499267578125,432.17388916015625,115.54029083251953,960.2415771484375
2025-12-19,1229.651611328125,282.8998718261719,266.93804931640625,969.465576171875,1342.7796630859375,84.43196105957031,843.3340454101562,431.1556396484375,116.43429565429688,962.94287109375
2025-12-22,1232.2496337890625,284.7887878417969,268.2336120605469,971.6298217773438,1357.059326171875,85.0999984741211,855.01513671875,429.1990051269531,117.88218688964844,957.0491333007812
2025-12-23,1224.0560302734375,283.3357849121094,264.5462341308594,980.3849487304688,1351.605224609375,84.75102996826172,848.5256958007812,431.7945251464844,117.48377990722656,954.691650390625
2025-12-24,1225.35498046875,281.4468688964844,260.8587951660156,980.9752197265625,1348.43212890625,83.99324798583984,846.6786499023438,431.9941711425781,117.51293182373047,951.7938842773438
2025-12-26,1227.25341796875,279.1705322265625,261.10797119140625,975.9581909179688,1339.110595703125,84.87068176269531,848.4757080078125,432.0940246582031,116.96875762939453,949.1907348632812
2025-12-29,1231.050537109375,278.5893249511719,262.0048828125,975.564697265625,1332.070068359375,84.29237365722656,838.2423095703125,430.9759521484375,117.13394927978516,947.962890625
2025-12-30,1245.039794921875,283.82012939453125,266.68890380859375,974.7777709960938,1331.276611328125,84.58152770996094,840.1392211914062,429.7979736328125,118.92195892333984,956.2141723632812
2025-12-31,1268.4217529296875,286.6292419433594,266.19061279296875,975.0728759765625,1331.67333984375,85.35923767089844,862.8025512695312,439.4613037109375,120.08805084228516,964.8092651367188
2026-01-01,1273.41796875,291.3273010253906,265.3434753417969,975.023681640625,1326.8143310546875,85.35923767089844,888.760498046875,442.7955322265625,120.43788146972656,967.3140869140625
2026-01-02,1265.9237060546875,295.4925842285156,266.0411071777344,985.3035888671875,1344.06884765625,85.66832733154297,900.9906616210938,438.26336669921875,121.80803680419922,981.2626953125
2026-01-05,1284.8092041015625,297.2362060546875,262.85198974609375,961.5957641601562,1360.0341796875,84.68123626708984,898.4947509765625,437.4248046875,121.54566955566406,987.7457885742188
2026-01-06,1292.802978515625,295.4925842285156,255.82601928710938,946.544677734375,1399.4022216796875,84.48181915283203,912.7716064453125,428.5401611328125,121.92464447021484,1000.8594360351562
2026-01-07,1294.501708984375,298.5923156738281,257.6697082519531,933.608642578125,1415.7642822265625,84.15278625488281,896.3980712890625,428.06097412109375,122.12870788574219,989.3175048828125
2026-01-08,1285.808349609375,290.1648864746094,254.87924194335938,931.296875,1423.00341796875,85.8178939819336,882.0214233398438,425.8647766113281,119.33980560302734,980.3294677734375
2026-01-09,1271.019775390625,291.2304382324219,254.43077087402344,923.72216796875,1392.56005859375,85.74810028076172,880.8233642578125,424.62689208984375,119.4272689819336,982.7852172851562
2026-01-12,1273.218017578125,292.7319030761719,252.0389404296875,921.7055053710938,1401.286376953125,84.52169799804688,903.98583984375,425.9246826171875,119.67992401123047,997.1758422851562
2026-01-13,1261.0274658203125,292.3928527832031,248.45120239257812,922.0989990234375,1424.9866943359375,82.71700286865234,909.0775756835938,425.7848815917969,121.0014877319336,1010.2402954101562
2026-01-14,1297.7991943359375,298.0595703125,246.00955200195312,910.3926391601562,1406.5421142578125,82.8266830444336,942.97265625,420.2744140625,125.04393768310547,1010.14208984375
2026-01-15,1297.7991943359375,298.0595703125,246.00955200195312,910.3926391601562,1406.5421142578125,82.8266830444336,942.97265625,420.2744140625,125.04393768310547,1010.14208984375
2026-01-16,1293.20263671875,298.5923156738281,269.3298645019531,915.95068359375,1399.0057373046875,83.54457092285156,952.3075561523438,417.479248046875,128.61996459960938,1023.8451538085938
2026-01-19,1306.492431640625,297.52679443359375,278.7477111816406,912.8027954101562,1369.05810546875,82.87653350830078,948.2640991210938,426.16424560546875,124.43174743652344,1020.0142211914062
2026-01-20,1292.503173828125,292.5865783691406,272.31964111328125,916.049072265625,1364.29833984375,81.84954833984375,903.6863403320312,423.069580078125,122.2161636352539,1018.0496215820312
2026-01-21,1283.9097900390625,289.6805725097656,275.15997314453125,905.3755493164062,1337.7222900390625,81.27125549316406,905.68310546875,420.8733825683594,120.48646545410156,1010.4368286132812
2026-01-22,1293.80224609375,295.7347412109375,281.23919677734375,903.75244140625,1334.2515869140625,83.953369140625,900.9906616210938,425.26580810546875,121.62340545654297,1029.7879638671875
2026-01-23,1257.030517578125,286.8714294433594,277.6015930175781,901.1947021484375,1332.169189453125,82.74691009521484,891.0068359375,422.0713195800781,116.75497436523438,1011.271728515625
2026-01-27,1314.7860107421875,292.53814697265625,283.9798278808594,911.3272094726562,1350.0186767578125,83.25542449951172,893.3031005859375,407.9956359863281,119.47584533691406,1034.5030517578125
2026-01-28,1318.782958984375,296.6065673828125,283.4815368652344,917.524658203125,1356.2659912109375,82.68708801269531,900.2418823242188,411.6892395019531,120.9820556640625,1044.6697998046875
2026-01-29,1362.6490478515625,292.97406005859375,286.6208190917969,920.2791137695312,1372.0330810546875,83.22550964355469,896.947265625,411.6892395019531,121.71086120605469,1047.3218994140625
2026-01-30,1369.343994140625,290.01959228515625,286.7702941894531,914.1307983398438,1343.672119140625,83.33518981933594,894.6509399414062,407.29681396484375,121.65255737304688,1058.078125
2026-02-02,1310.4893798828125,268.9026184082031,280.34222412109375,912.9994506835938,1341.4906005859375,80.97212982177734,908.778076171875,407.4964904785156,118.57212829589844,1010.4859008789062
2026-02-03,1355.15478515625,276.4582214355469,284.5279541015625,933.2643432617188,1378.08203125,84.6014633178711,920.908447265625,415.0833740234375,120.36013793945312,1045.3572998046875
2026-02-04,1337.6683349609375,281.73748779296875,286.4214782714844,937.5927124023438,1396.625732421875,84.89061737060547,919.8101806640625,411.63934326171875,120.15607452392578,1049.2864990234375
2026-02-05,1329.5745849609375,281.35003662109375,286.6208190917969,934.248046875,1384.8251953125,85.22962188720703,912.92138671875,408.0455322265625,120.59335327148438,1054.49267578125
2026-02-06,1340.5660400390625,280.1391906738281,285.8235168457031,925.7879638671875,1394.344970703125,84.86070251464844,902.1387939453125,421.6221008300781,119.37867736816406,1047.5184326171875
2026-02-09,1340.3663330078125,281.4953308105469,285.67401123046875,922.0006103515625,1384.626953125,84.51173400878906,926.3995361328125,428.06097412109375,119.95201110839844,1125.708984375
2026-02-10,1355.6544189453125,281.2531433105469,281.28900146484375,917.2295532226562,1394.7415771484375,83.52462768554688,926.0999755859375,428.5600891113281,119.48556518554688,1123.8426513671875
2026-02-11,1346.2618408203125,282.0765380859375,289.51092529296875,912.0157470703125,1394.344970703125,82.31816864013672,923.5042114257812,428.8096618652344,119.4369888305664,1161.9556884765625
2026-02-12,1338.9674072265625,280.7688293457031,286.12249755859375,905.6215209960938,1418.045166015625,81.90937805175781,921.2079467773438,425.515380859375,117.54208374023438,1171.2874755859375
2026-02-13,1331.2733154296875,278.44403076171875,287.3183898925781,889.1932373046875,1402.77392578125,81.30116271972656,924.552490234375,419.9250183105469,115.40425109863281,1177.377685546875
2026-02-16,1357.2532958984375,283.38421630859375,288.0160217285156,910.7368774414062,1399.7989501953125,82.66715240478516,930.39306640625,424.8664855957031,117.16310119628906,1186.70947265625
2026-02-17,1356.154052734375,293.7489929199219,287.8665466308594,910.6385498046875,1395.7332763671875,83.1058578491211,942.2738037109375,423.7184753417969,121.29301452636719,1191.9156494140625
2026-02-18,1375.9388427734375,295.5894470214844,289.8597412109375,909.6548461914062,1396.4273681640625,84.36216735839844,943.1224365234375,425.6152038574219,124.54834747314453,1197.3182373046875
2026-02-19,1355.5545654296875,294.9114074707031,287.3183898925781,900.702880859375,1377.189697265625,82.73694610595703,925.8504028320312,415.6823425292969,122.5368423461914,1184.3519287109375
2026-02-20,1367.24560546875,299.36724853515625,291.6037902832031,897.0138549804688,1382.8419189453125,83.26539611816406,924.552490234375,420.6238098144531,125.92822265625,1194.5677490234375
2026-02-23,1385.63134765625,303.5325622558594,295.1915283203125,908.5726928710938,1387.7010498046875,69.83484649658203,918.2626953125,429.95770263671875,126.58901977539062,1206.0606689453125
2026-02-24,1386.5306396484375,303.2903747558594,294.64337158203125,895.6858520507812,1373.2230224609375,70.76212310791016,929.8938598632812,426.962890625,127.3275375366211,1201.640380859375
2026-02-25,1401.9188232421875,305.9542236328125,298.0816345214844,892.8330078125,1388.791748046875,70.01432037353516,935.834228515625,424.2176208496094,126.85137939453125,1178.85107421875
2026-02-26,1394.424560546875,314.2847900390625,298.48028564453125,883.9794311523438,1393.155029296875,72.59673309326172,963.0401611328125,423.81829833984375,126.79307556152344,1188.084716796875
2026-02-27,1382.83349609375,311.86309814453125,298.8291015625,873.3060302734375,1367.3724365234375,73.2647705078125,955.202880859375,414.48443603515625,125.782470703125,1180.4227294921875
2026-03-02,1371.2425537109375,305.3245849609375,293.9457702636719,865.0918579101562,1362.5133056640625,71.56974792480469,940.9758911132812,412.3880310058594,122.4882583618164,1168.831787109375
2026-03-04,1350.2586669921875,289.9227294921875,285.4747314453125,854.5167846679688,1353.9852294921875,69.85478210449219,926.050048828125,402.65484619140625,117.94049835205078,1153.704345703125
2026-03-05,1348.060302734375,292.3928527832031,288.7136535644531,863.4686889648438,1346.2503662109375,70.19379425048828,935.6845092773438,406.5980224609375,118.74703979492188,1148.79296875
2026-03-06,1314.7860107421875,286.09649658203125,285.5245361328125,843.10546875,1302.419921875,69.7750244140625,916.36572265625,399.1109313964844,115.93870544433594,1122.7620849609375
2026-03-09,1287.3072509765625,279.02520751953125,272.3694763183594,827.0215454101562,1267.7125244140625,66.564453125,879.7750244140625,385.68414306640625,111.81851196289062,1079.050048828125
2026-03-10,1313.686767578125,285.1762390136719,275.060302734375,835.629150390625,1300.9324951171875,67.07295989990234,897.2467651367188,391.1746520996094,114.20899963378906,1092.5074462890625
2026-03-11,1254.832275390625,280.23602294921875,268.5325927734375,820.38134765625,1283.777099609375,65.96621704101562,875.7316284179688,382.5395812988281,112.5667495727539,1071.781005859375
2026-03-12,1233.5487060546875,280.1391906738281,269.3298645019531,819.2008666992188,1255.9119873046875,64.59025573730469,830.005615234375,374.6531677246094,113.31500244140625,1065.9854736328125
2026-03-13,1196.3773193359375,272.2445068359375,262.15435791015625,803.7071533203125,1244.3099365234375,62.38672637939453,813.0830688476562,366.2177429199219,108.54373168945312,1028.4619140625
2026-03-16,1213.763916015625,271.1789855957031,259.9618835449219,826.9231567382812,1262.258544921875,62.62602615356445,823.7158203125,369.21258544921875,107.83436584472656,1047.8131103515625
2026-03-17,1227.153564453125,274.3755798339844,263.6492614746094,831.5958251953125,1277.9263916015625,63.473533630371094,819.5225830078125,373.5550842285156,108.83525848388672,1045.8485107421875
2026-03-18,1252.2342529296875,274.2787170410156,270.57562255859375,829.333251953125,1278.521484375,65.06884765625,840.7882080078125,374.75299072265625,109.92361450195312,1050.8582763671875
2026-03-19,1206.06982421875,264.05926513671875,264.9946594238281,785.2130126953125,1239.6490478515625,62.42660903930664,814.97998046875,367.5155029296875,106.39618682861328,1030.3282470703125
2026-03-20,1202.9722900390625,271.1789855957031,266.19061279296875,767.7518310546875,1234.9884033203125,62.7656135559082,817.2762451171875,366.117919921875,108.3785400390625,1039.26708984375
2026-03-23,1169.6978759765625,257.5691833496094,253.4840087890625,732.04248046875,1212.4781494140625,60.06355285644531,777.09130859375,355.93548583984375,102.56752014160156,1013.6292724609375
2026-03-24,1191.78076171875,262.0250549316406,261.60626220703125,752.454833984375,1240.7398681640625,61.90813446044922,795.9608154296875,366.2177429199219,104.22920227050781,1012.5487670898438
2026-03-25,1221.158203125,264.1561584472656,270.0274963378906,769.5717163085938,1249.1688232421875,63.05476760864258,817.0765991210938,370.4604187011719,106.95979309082031,1041.821044921875
2026-03-27,1204.271240234375,252.14462280273438,268.3830871582031,743.8963623046875,1223.4854736328125,61.688777923583984,791.2683715820312,365.5189514160156,102.15937805175781,1001.4487915039062
2026-03-30,1160.4051513671875,239.84254455566406,258.5168151855469,719.6473999023438,1195.8187255859375,58.67761993408203,751.2332153320312,352.7909240722656,97.71851348876953,962.058837890625
2026-04-01,1192.1805419921875,244.1337432861328,266.68890380859375,730.17333984375,1202.561767578125,60.003726959228516,784.3795776367188,355.43634033203125,101.06131744384766,999.7789306640625
2026-04-02,1196.9769287109375,241.74111938476562,264.6458740234375,738.6826171875,1205.635986328125,60.043609619140625,777.4407958984375,357.38299560546875,101.52775573730469,1000.3683471679688
2026-04-06,1244.34033203125,251.62156677246094,270.57562255859375,758.45556640625,1221.10546875,60.901092529296875,784.9286499023438,359.9285888671875,103.49066925048828,1014.4642333984375
2026-04-07,1249.1365966796875,250.01356506347656,274.21319580078125,759.4392700195312,1235.0875244140625,61.01076889038086,783.5308837890625,362.3244934082031,101.62492370605469,1012.1558227539062
2026-04-08,1331.9727783203125,267.3333740234375,283.4815368652344,802.82177734375,1298.2550048828125,65.67706298828125,834.5982055664062,379.49481201171875,107.99956512451172,1042.656005859375
2026-04-09,1317.48388671875,265.64788818359375,282.3354187011719,784.72119140625,1270.58837890625,65.08879089355469,813.2327880859375,371.259033203125,106.49335479736328,1022.5189819335938
2026-04-10,1349.759033203125,267.53680419921875,290.70684814453125,797.1161499023438,1310.848876953125,66.01606750488281,829.556396484375,373.9044494628906,108.64091491699219,1047.8131103515625
2026-04-13,1352.556884765625,267.0815124511719,287.2187805175781,781.7699584960938,1339.8046875,64.6700210571289,817.5758056640625,371.259033203125,107.60115051269531,1044.7188720703125
2026-04-15,1354.4554443359375,270.3265686035156,285.87335205078125,796.72265625,1336.829833984375,66.71401977539062,838.741455078125,381.7409362792969,109.8847427368164,1052.528076171875
2026-04-16,1348.5599365234375,270.63653564453125,283.43170166015625,782.5077514648438,1334.2515869140625,67.62134552001953,846.5289306640625,378.4965515136719,110.35118103027344,1048.255126953125
2026-04-17,1358.0526123046875,271.65362548828125,292.7498474121094,786.8853759765625,1335.540771484375,68.32926940917969,852.5192260742188,382.9388732910156,111.24518585205078,1061.1231689453125
2026-04-20,1353.656005859375,272.2057800292969,293.3478088378906,782.5077514648438,1344.862060546875,67.30228424072266,850.5723266601562,378.5464782714844,110.52609252929688,1088.2344970703125
2026-04-21,1376.6383056640625,275.1505126953125,294.7430419921875,798.5425415039062,1376.79296875,67.74099731445312,855.01513671875,381.4913635253906,110.8856430053711,1092.1636962890625
2026-04-22,1378.536865234375,273.9106140136719,295.440673828125,786.8853759765625,1356.166748046875,68.17970275878906,868.6929321289062,376.2005310058594,111.42981719970703,1083.76513671875
2026-04-23,1368.5445556640625,267.6820983886719,294.39422607421875,771.5883178710938,1336.730712890625,67.6313247680664,858.958740234375,369.7616271972656,109.52519989013672,1074.875244140625
2026-04-24,1364.847412109375,265.54132080078125,292.0024108886719,772.0802001953125,1315.1129150390625,67.0330810546875,846.5787963867188,370.2108459472656,109.89445495605469,1081.60400390625
2026-04-27,1323.179443359375,265.40570068359375,293.048828125,776.9496459960938,1303.114013671875,70.06417083740234,898.6943969726562,376.15057373046875,110.66213989257812,1092.1636962890625
2026-04-28,1288.0067138671875,259.4386901855469,289.610595703125,769.817626953125,1281.1988525390625,68.50874328613281,884.1179809570312,377.2986145019531,108.24250030517578,1071.9775390625
2026-04-29,1295.4010009765625,259.8455505371094,283.7804870605469,766.3253784179688,1270.290771484375,69.94452667236328,912.2723999023438,381.3416442871094,108.0384292602539,1067.655517578125
2026-04-30,1267.3226318359375,255.20562744140625,285.9730224609375,759.1441650390625,1252.8380126953125,69.43601989746094,914.5686645507812,382.6393737792969,106.26985931396484,1049.5321044921875
2026-05-01,1267.3226318359375,255.20562744140625,285.9730224609375,759.1441650390625,1252.8380126953125,69.43601989746094,914.5686645507812,382.6393737792969,106.26985931396484,1049.5321044921875
2026-05-04,1274.1173095703125,256.79425048828125,288.16552734375,766.7189331054688,1260.1761474609375,69.38616180419922,912.4221801757812,371.00946044921875,105.60906982421875,1049.4830322265625
2026-05-05,1258.729248046875,255.1475067138672,291.6037902832031,759.734375,1240.839111328125,68.54862213134766,909.2273559570312,370.7099914550781,104.84139251708984,1041.133544921875
2026-05-06,1293.20263671875,261.8313293457031,292.0024108886719,783.58984375,1268.8033447265625,69.38616180419922,945.2190551757812,375.9509582519531,107.06668853759766,1076.5943603515625
2026-05-07,1291.7037353515625,261.8797607421875,296.0386047363281,783.0979614257812,1268.3074951171875,70.18382263183594,945.418701171875,378.7461242675781,106.02692413330078,1072.6651611328125
2026-05-08,1267.3226318359375,255.6318359375,296.2379455566406,768.145263671875,1254.226318359375,71.06124114990234,949.2125854492188,380.1436767578125,104.20976257324219,1001.2523193359375
2026-05-11,1271.319580078125,257.6660461425781,291.45428466796875,751.2251586914062,1255.8128662109375,69.01725006103516,920.8085327148438,380.39324951171875,101.6637954711914,956.3615112304688
2026-05-12,1259.12890625,251.80560302734375,283.830322265625,738.2399291992188,1229.93115234375,67.48175811767578,891.4061889648438,375.35198974609375,99.87578582763672,957.3438110351562
2026-05-13,1254.7322998046875,253.45233154296875,279.09649658203125,737.4037475585938,1225.2703857421875,68.09994506835938,891.0567626953125,376.9991149902344,99.8660659790039,952.9234619140625
2026-05-14,1253.6331787109375,259.4096374511719,279.29583740234375,757.0291748046875,1235.5833740234375,68.33924102783203,906.431884765625,382.5395812988281,101.6637954711914,962.5499877929688
2026-05-15,1243.8408203125,253.2101593017578,280.34222412109375,755.0125122070312,1234.095947265625,67.45185089111328,884.9666748046875,386.3829345703125,99.16641998291016,963.2000122070312
2026-05-18,1236.946044921875,251.90245056152344,282.9832458496094,756.143798828125,1240.6407470703125,67.39202117919922,890.7073364257812,391.1247253417969,96.67874908447266,939.4000244140625
2026-05-19,1237.3458251953125,252.43524169921875,285.62420654296875,750.044677734375,1230.4268798828125,67.61137390136719,893.8023071289062,381.291748046875,98.43760681152344,948.7999877929688
2026-05-20,1248.8369140625,255.2928009033203,288.9129638671875,747.1427001953125,1226.9561767578125,68.01020812988281,895.6992797851562,382.5395812988281,99.33161163330078,950.9000244140625
2026-05-21,1252.334228515625,254.85691833496094,282.7839050292969,746.7984008789062,1232.41015625,68.09994506835938,898.4947509765625,380.1936340332031,99.04008483886719,950.9000244140625
2026-05-22,1284.409423828125,257.0848388671875,286.22216796875,754.3239135742188,1253.73046875,68.67823791503906,908.67822265625,383.4879150390625,99.7591781616211,949.2000122070312
2026-05-25,1310.189453125,263.7202453613281,288.2651672363281,774.0476684570312,1281.0006103515625,69.25654602050781,924.6024169921875,392.1729431152344,103.25745391845703,969.5999755859375
2026-05-26,1298.298828125,262.073486328125,289.2119445800781,766.22705078125,1268.4066162109375,70.01432037353516,930.7924194335938,387.98016357421875,102.91735076904297,968.5
2026-05-27,1303.094970703125,262.4609680175781,287.9163513183594,746.3065185546875,1262.0601806640625,71.2706298828125,930.7924194335938,388.03009033203125,103.65586853027344,967.7999877929688
2026-05-28,1303.094970703125,262.4609680175781,287.9163513183594,746.3065185546875,1262.0601806640625,71.2706298828125,930.7924194335938,388.03009033203125,103.65586853027344,967.7999877929688
2026-05-29,1285.6085205078125,260.08770751953125,287.9662170410156,732.4359130859375,1245.896484375,71.11109924316406,912.8713989257812,383.537841796875,103.05339050292969,964.4000244140625
2026-06-01,1274.916748046875,256.0677490234375,287.2187805175781,730.6160278320312,1229.3360595703125,71.04130554199219,899.6928100585938,376.7495422363281,100.84752655029297,954.0999755859375
2026-06-02,1250.1358642578125,257.4722900390625,292.0522155761719,736.0757446289062,1216.3455810546875,71.38030242919922,911.0244140625,378.3966979980469,101.14876556396484,956.6500244140625
2026-06-03,1254.232666015625,260.4267578125,300.0249938964844,741.3878784179688,1231.6168212890625,71.56974792480469,898.4947509765625,380.3433532714844,102.81045532226562,970.4500122070312
2026-06-04,1252.334228515625,262.79998779296875,299.0782470703125,741.9288940429688,1241.2357177734375,71.94863891601562,901.7394409179688,380.8424987792969,102.68412017822266,979.25
2026-06-05,1271.319580078125,263.70001220703125,303.11444091796875,734.8952026367188,1251.548828125,72.13807678222656,903.3368530273438,376.79949951171875,103.83078002929688,977.7000122070312
2026-06-08,1267.1226806640625,259.25,303.56292724609375,726.6319580078125,1239.748291015625,71.22077178955078,893.6026000976562,376.4500732421875,102.72299194335938,981.9500122070312
2026-06-09,1291.404052734375,273.75,314.02716064453125,726.3367919921875,1264.3409423828125,73.47415924072266,921.3077392578125,381.04217529296875,106.55166625976562,1002.7000122070312
2026-06-10,1313.487060546875,269.29998779296875,310.0408020019531,734.698486328125,1282.488037109375,72.77620697021484,882.5206298828125,387.4311218261719,104.14173889160156,1003.25
2026-06-11,1316.284912109375,267.6000061035156,308.69537353515625,732.485107421875,1305.9898681640625,72.73632049560547,887.5125122070312,392.6720886230469,103.16999816894531,1000.7000122070312
2026-06-12,1355.2548828125,274.75,314.6251220703125,759.8819580078125,1329.5909423828125,76.27592468261719,915.8665771484375,402.60491943359375,106.87999725341797,1017.1500244140625
2026-06-15,1367.24560546875,276.04998779296875,316.0203552246094,764.7022094726562,1316.501220703125,78.1005630493164,931.6909790039062,405.0506896972656,107.95999908447266,1020.8499755859375
2026-06-16,1364.6474609375,275.3500061035156,319.5084533691406,772.1294555664062,1323.145263671875,77.27299499511719,924.5025634765625,407.1470947265625,107.97000122070312,1015.2999877929688
2026-06-17,1349.8590087890625,281.8500061035156,321.601318359375,774.2935791015625,1325.6243896484375,77.1533432006836,934.6860961914062,403.8028564453125,108.87000274658203,1026.5
2026-06-18,1359.0518798828125,283.0,319.3589782714844,786.0,1331.078369140625,77.86126708984375,937.2319946289062,402.25555419921875,109.58000183105469,1042.699951171875
2026-06-19,1356.8536376953125,281.04998779296875,322.8470458984375,779.7999877929688,1335.2431640625,78.44953918457031,945.9179077148438,398.5619201660156,108.7699966430664,1035.0999755859375
2026-06-22,1357.552978515625,286.04998779296875,322.29888916015625,786.4000244140625,1341.0938720703125,80.45365142822266,919.5606079101562,401.4569091796875,109.80000305175781,1040.75
2026-06-23,1362.44921875,277.79998779296875,318.8108215332031,774.6500244140625,1327.11181640625,78.51933288574219,903.98583984375,400.957763671875,107.43000030517578,1024.199951171875
2026-06-24,1383.43310546875,279.8999938964844,324.0928039550781,793.2000122070312,1362.11669921875,78.96800994873047,926.0999755859375,405.2503662109375,107.70999908447266,1034.5999755859375
2026-06-25,1376.138671875,279.1499938964844,322.9466857910156,796.2999877929688,1375.9005126953125,78.98796081542969,918.9500122070312,408.29510498046875,107.87000274658203,1045.4000244140625
2026-06-26,1376.138671875,279.1499938964844,322.9466857910156,796.2999877929688,1375.9005126953125,78.98796081542969,918.9500122070312,408.29510498046875,107.87000274658203,1045.4000244140625
2026-06-29,1355.7545166015625,272.79998779296875,322.9466857910156,798.9000244140625,1375.9996337890625,77.97093963623047,915.4000244140625,394.818359375,106.95999908447266,1036.0999755859375
2026-06-30,1344.6629638671875,272.3999938964844,328.92626953125,797.9500122070312,1363.7032470703125,79.25716400146484,924.2000122070312,391.573974609375,106.69000244140625,1026.9000244140625
2026-07-01,1367.6451416015625,271.6499938964844,330.27166748046875,796.1500244140625,1368.264892578125,78.69880676269531,941.5999755859375,399.7598571777344,107.54000091552734,1047.4000244140625
2026-07-02,1361.5499267578125,260.25,329.873046875,795.9000244140625,1388.2960205078125,79.28707885742188,943.5,398.61181640625,106.91000366210938,1051.5999755859375
2026-07-03,1341.065673828125,252.1999969482422,326.2852783203125,801.0499877929688,1399.6007080078125,80.22432708740234,974.3499755859375,396.06622314453125,105.3499984741211,1040.0
2026-07-06,1338.567626953125,249.9499969482422,329.1754150390625,829.8499755859375,1414.9710693359375,80.90233612060547,1009.7999877929688,380.642822265625,104.29000091552734,1037.699951171875
2026-07-07,1339.966552734375,247.85000610351562,330.421142578125,829.2999877929688,1402.873046875,80.19441223144531,1022.25,381.04217529296875,103.79000091552734,1038.0999755859375
2026-07-08,1308.4908447265625,240.4499969482422,325.43817138671875,810.2999877929688,1369.05810546875,77.59205627441406,994.6500244140625,369.462158203125,100.94999694824219,1016.9000244140625
2026-07-09,1296.5999755859375,244.60000610351562,326.63409423828125,817.5499877929688,1369.1572265625,79.22725677490234,1015.1500244140625,376.5,103.44000244140625,1022.0999755859375
2026-07-10,1323.699951171875,250.9499969482422,328.7269592285156,824.9500122070312,1389.48583984375,80.59324645996094,1015.7999877929688,376.94921875,105.41000366210938,1036.0
2026-07-13,1319.4000244140625,250.64999389648438,331.367919921875,817.9500122070312,1397.716552734375,80.34397888183594,1012.9000244140625,383.987060546875,106.33999633789062,1037.0
2026-07-14,1317.5999755859375,246.60000610351562,326.38494873046875,809.4000244140625,1395.9315185546875,79.03781127929688,997.3499755859375,377.9974060058594,105.0,1015.4000244140625
2026-07-15,1312.300048828125,248.14999389648438,326.43475341796875,815.4500122070312,1404.3604736328125,79.23722839355469,1009.7000122070312,377.7478332519531,105.70999908447266,1030.0999755859375
2026-07-16,1307.5999755859375,248.3000030517578,325.4880065917969,808.2999877929688,1406.34375,79.04778289794922,1013.5,376.5,105.22000122070312,1031.199951171875
2026-07-17,1328.5,246.8000030517578,347.8117370605469,819.5999755859375,1432.2257080078125,80.1146469116211,1027.199951171875,389.95001220703125,105.7699966430664,1044.300048828125
2026-07-20,1256.0,254.85000610351562,349.5557861328125,777.5999755859375,1447.99267578125,81.54045867919922,1032.8499755859375,382.04998779296875,111.76000213623047,1060.0
2026-07-21,1258.199951171875,247.6999969482422,354.8377380371094,761.4500122070312,1450.868408203125,81.42081451416016,1063.449951171875,385.95001220703125,112.08000183105469,1044.4000244140625
2026-07-22,1238.4000244140625,245.75,352.0472717285156,753.1500244140625,1428.6556396484375,80.48356628417969,1069.300048828125,381.1499938964844,110.7300033569336,1025.0
2026-07-23,1223.0,243.14999389648438,353.193359375,747.25,1422.606689453125,79.66596984863281,1005.5,383.3500061035156,110.1500015258789,1012.5999755859375
2026-07-24,1227.300048828125,246.4499969482422,353.09368896484375,742.7999877929688,1420.9208984375,80.55335998535156,996.0499877929688,384.75,110.37999725341797,1015.0
2026-07-27,1227.5,244.0,355.2862243652344,739.5499877929688,1433.6138916015625,84.63137817382812,1006.6500244140625,384.6499938964844,111.62000274658203,1020.5999755859375
2026-07-28,1223.5,239.1999969482422,356.0336608886719,735.4000244140625,1418.8385009765625,85.49883270263672,991.9500122070312,385.29998779296875,111.6500015258789,1013.2000122070312
2026-07-29,1235.4000244140625,243.35000610351562,357.92718505859375,748.2000122070312,1425.879150390625,84.77096557617188,1012.2999877929688,390.20001220703125,111.08000183105469,1013.7000122070312
2026-07-30,1228.9000244140625,241.64999389648438,352.9442138671875,753.9500122070312,1421.91259765625,84.51173400878906,1011.4500122070312,389.3999938964844,111.63999938964844,1025.300048828125
2026-07-31,1229.5,242.60000610351562,357.6282043457031,748.1500244140625,1423.4000244140625,84.43196105957031,1012.4500122070312,390.29998779296875,112.70999908447266,1027.4000244140625
2026-08-03,1272.0,247.25,370.4344787597656,753.0,1460.0,85.74810028076172,1028.9000244140625,397.5,113.0,1045.0
2026-08-04,1261.800048828125,245.0,361.2159729003906,742.0,1454.5999755859375,85.74810028076172,1026.0,398.0,113.98999786376953,1042.699951171875
2026-08-05,1253.9000244140625,245.60000610351562,355.23638916015625,735.0,1450.0999755859375,85.0501480102539,1019.0,400.0,113.55000305175781,1055.0
2026-08-06,1256.0,251.0,352.34625244140625,734.2999877929688,1457.5,85.0999984741211,1016.2000122070312,394.0,114.30000305175781,1085.0
2026-08-07,1238.0,250.6999969482422,355.03704833984375,731.0,1421.0,84.62000274658203,1022.0,390.75,114.80999755859375,1097.199951171875
2026-08-10,1247.300048828125,247.80999755859375,357.1299133300781,731.0,1431.800048828125,85.0999984741211,1027.300048828125,393.5,113.5,1071.0
2026-08-11,1229.800048828125,246.1999969482422,353.34283447265625,729.0,1429.5999755859375,84.2699966430664,1008.9000244140625,392.8999938964844,114.02999877929688,1066.0
2026-08-12,1230.0,251.0,355.6350402832031,729.0,1431.699951171875,85.80000305175781,1017.5,390.5,118.9800033569336,1082.0
2026-08-13,1221.800048828125,248.0,351.25,725.0,1406.800048828125,86.55000305175781,1024.699951171875,392.3999938964844,117.58999633789062,1083.0
2026-08-14,1217.4000244140625,248.22000122070312,351.29998779296875,727.0,1417.0,85.69000244140625,1020.7999877929688,391.1499938964844,118.0,1067.699951171875
2026-08-17,1227.300048828125,246.5500030517578,354.1000061035156,729.0,1415.300048828125,85.05000305175781,1010.5999755859375,392.70001220703125,117.31999969482422,1061.199951171875
2026-08-18,1243.0,244.0,357.79998779296875,723.0,1412.0,84.76000213623047,1015.0,387.6499938964844,116.5,1053.0
2026-08-19,1235.0,245.0,358.79998779296875,720.0,1402.0,85.48999786376953,1016.7000122070312,390.25,117.4800033569336,1048.5999755859375
2026-08-20,1251.0,244.5,355.29998779296875,725.0499877929688,1411.9000244140625,85.83999633789062,1008.0,397.3500061035156,118.0,1048.0
2026-08-21,1245.800048828125,247.0,361.0,726.9500122070312,1420.0,86.75,1005.5999755859375,402.79998779296875,116.55000305175781,1048.699951171875
2026-08-24,1236.0,241.5,357.75,729.0,1415.0,85.88999938964844,1018.4000244140625,401.45001220703125,115.86000061035156,1039.5
2026-08-25,1235.0,241.0,346.95001220703125,727.5,1422.699951171875,85.0,1015.0,401.6000061035156,115.93000030517578,1048.0
2026-08-26,1255.0,242.5,345.29998779296875,727.2000122070312,1430.0,84.4000015258789,1004.0,416.70001220703125,116.69999694824219,1052.0
2026-08-27,1256.0,241.0,344.79998779296875,711.0,1443.0,83.80000305175781,1002.9000244140625,424.20001220703125,115.4000015258789,1042.9000244140625
2026-08-28,1265.0,241.89999389648438,344.25,720.2999877929688,1422.800048828125,83.12000274658203,994.0,423.70001220703125,115.4000015258789,1047.5
2026-08-31,1300.0,238.60000610351562,356.70001220703125,709.0,1454.0,85.97000122070312,1016.5999755859375,419.3999938964844,114.2300033569336,1060.0
2026-09-01,1258.0,237.6999969482422,349.25,711.9000244140625,1438.0,84.9000015258789,992.5999755859375,425.0,115.22000122070312,1034.5
2026-09-02,1253.9000244140625,241.1999969482422,353.3500061035156,700.7999877929688,1426.5,85.08999633789062,978.0,423.5,117.0,1020.9000244140625
2026-09-03,1267.0,240.44000244140625,344.6000061035156,706.6500244140625,1430.0,87.5,1004.7999877929688,421.1499938964844,116.31999969482422,1023.4000244140625
2026-09-04,1273.0,239.0,343.0,712.0999755859375,1423.199951171875,86.70999908447266,1008.5,424.5,117.0,1016.0999755859375
2026-09-07,1266.0,237.0,342.0,710.5,1427.5,86.44000244140625,998.0,422.1000061035156,115.5999984741211,1005.9000244140625
2026-09-08,1244.9000244140625,236.60000610351562,344.1499938964844,703.0,1399.4000244140625,86.5,997.7000122070312,419.25,116.0,1008.0
2026-09-09,1238.5,234.10000610351562,345.0,687.0999755859375,1389.0999755859375,86.0,1004.0,414.0,115.61000061035156,1000.5
2026-09-10,1246.0,237.6199951171875,346.0,693.7999877929688,1384.5,86.83999633789062,993.2999877929688,416.54998779296875,116.8499984741211,1009.7000122070312
2026-09-11,1246.0,238.1300048828125,344.5,708.25,1379.300048828125,86.20999908447266,978.2000122070312,419.0,116.75,995.7000122070312
2026-09-14,1246.0,238.1300048828125,344.5,708.25,1379.300048828125,86.20999908447266,978.2000122070312,419.0,116.75,995.7000122070312
2026-09-15,1222.9000244140625,232.6999969482422,343.0,716.5499877929688,1350.4000244140625,84.80000305175781,956.5,409.79998779296875,114.69999694824219,968.0
2026-09-16,1241.0,234.97999572753906,341.79998779296875,721.5,1358.800048828125,85.01000213623047,946.5,415.0,116.80000305175781,991.4000244140625
2026-09-17,1240.0,232.3000030517578,332.75,713.0,1347.5999755859375,86.33000183105469,958.2000122070312,416.5,116.47000122070312,988.7000122070312
2026-09-18,1257.0,234.94000244140625,332.75,731.0,1338.9000244140625,85.91999816894531,966.2999877929688,412.5,117.2699966430664,996.2000122070312
2026-09-21,1250.0,233.63999938964844,332.0,739.5,1345.0,85.80000305175781,956.0,414.79998779296875,118.0,996.0
2026-09-22,1242.699951171875,234.35000610351562,327.0,738.5999755859375,1339.5999755859375,85.37000274658203,955.0,412.6499938964844,117.0,987.0
2026-09-23,1243.199951171875,236.8699951171875,331.29998779296875,737.25,1340.0,87.9000015258789,959.2999877929688,413.25,118.30000305175781,994.0999755859375
2026-09-24,1186.5,234.3000030517578,329.5,728.9000244140625,1334.5,83.76000213623047,919.5,405.0,117.12000274658203,978.5
2026-09-25,1222.4000244140625,235.25999450683594,322.0,735.5999755859375,1326.800048828125,83.80000305175781,912.2000122070312,404.0,116.5999984741211,983.0
2026-09-28,1209.9000244140625,227.5,325.0,719.0499877929688,1302.0,80.55000305175781,909.7000122070312,401.54998779296875,112.5999984741211,962.0
2026-09-29,1212.0999755859375,227.67999267578125,320.20001220703125,722.7000122070312,1292.199951171875,79.45999908447266,878.0,406.0,111.75,964.7000122070312
2026-09-30,1226.0,230.5500030517578,317.3999938964844,708.7000122070312,1321.699951171875,81.44000244140625,901.4000244140625,417.0,113.05999755859375,959.5
2026-10-01,1217.0999755859375,230.82000732421875,318.20001220703125,721.2000122070312,1310.5999755859375,80.38999938964844,886.8499755859375,418.3500061035156,109.56999969482422,954.0999755859375
